company_name,,,,,,,,,
100 PLUS SUPERMART & TRADING SDN. BHD.,,,,,,,,,
A & A DINAR SDN. BHD.,,,,,,,,,
AAT TECH SDN. BHD.,,,,,,,,,
ABAD JAYA CONSTRUCTION SDN.BHD.,,,,,,,,,
ABBACO CONTROLS SDN. BHD.,,,,,,,,,
ABDAN PRESTIGE HOLDING SDN. BHD.,,,,,,,,,
ACAZYZ TECHNOLOGIES SDN. BHD.,,,,,,,,,
ACE GASES MARKETING SDN. BHD.,,,,,,,,,
ACE GASES SDN. BHD.,,,,,,,,,
ACE GREENCEMT VENTURE (M) SDN. BHD.,,,,,,,,,
ACETEAM NETWORKS SDN. BHD.,,,,,,,,,
ADARIA ELEKTRIK SDN. BHD.,,,,,,,,,
ADDEEN ENGINEERING SDN. BHD.,,,,,,,,,
ADEPT CONSTRUCTION & ENGINEERING SDN. BHD.,,,,,,,,,
ADMIT MOBEL SDN. BHD.,,,,,,,,,
ADROIT BUILDER (M) SDN. BHD.,,,,,,,,,
ADVANCE INDUSTRIAL SOLUTIONS SDN. BHD.,,,,,,,,,
ADVANCE PACT SDN. BHD.,,,,,,,,,
ADVANCED AIR TRAFFIC SYSTEMS (M) SDN. BHD.,,,,,,,,,
ADVANTAGE POWER SUPPLY SDN. BHD.,,,,,,,,,
AE SECURITY SYSTEM SDN. BHD.,,,,,,,,,
AEA ENGINEERING SDN. BHD.,,,,,,,,,
AEHILL SDN. BHD.,,,,,,,,,
AEROSYNERGY SOLUTIONS SDN. BHD.,,,,,,,,,
AET SOLUTIONS SDN. BHD.,,,,,,,,,
AIRFLUX MALAYSIA SDN. BHD.,,,,,,,,,
AISYAH AHMAD GLOBAL RESOURCES SDN. BHD.,,,,,,,,,
AITO FIREWORK HOLDING SDN. BHD.,,,,,,,,,
AJBOSS ENGINEERING SDN. BHD.,,,,,,,,,
AKAS TEKAD SDN. BHD.,,,,,,,,,
AKED-SELASIH CORPORATION SDN. BHD.,,,,,,,,,
AKLI (MALAYSIA) SDN BHD,,,,,,,,,
AKS SEPAKAT SDN. BHD.,,,,,,,,,
ALADDIN WORLD SDN. BHD.,,,,,,,,,
ALCO CONSTRUCTION SDN. BHD.,,,,,,,,,
AL-CO MALAYSIA SALES & SERVICES SDN. BHD.,,,,,,,,,
ALIRANTEK (M) SDN. BHD.,,,,,,,,,
ALLIED SYSTEM ENGINEERING SDN. BHD.,,,,,,,,,
ALMATAB SDN. BHD.,,,,,,,,,
ALPHA FLOWTECH SDN. BHD.,,,,,,,,,
ALPHA ORANGE SDN. BHD.,,,,,,,,,
ALTA VISTA ASIA SDN. BHD.,,,,,,,,,
ALTECH M & E SDN. BHD.,,,,,,,,,
ALTIUM IPCOSS SDN. BHD.,,,,,,,,,
ALURTENAGA SDN.BHD.,,,,,,,,,
AMBANG WIRA FACILITIES SDN. BHD.,,,,,,,,,
AMBANG WIRA SDN. BHD.,,,,,,,,,
AMBC TRANSMISSION SDN. BHD.,,,,,,,,,
AMBIENCE ENGINEERING SDN. BHD.,,,,,,,,,
AMBILAN ASAS SDN. BHD.,,,,,,,,,
AMISACON SDN. BHD.,,,,,,,,,
AMPERAGE SDN. BHD.,,,,,,,,,
AMTEL RESOURCES SDN. BHD.,,,,,,,,,
ANGSANA TUNAS SDN. BHD.,,,,,,,,,
ANN JOO METAL SDN. BHD.,,,,,,,,,
ANPEC GLOBAL CORPORATION SDN. BHD.,,,,,,,,,
ARADESA SDN. BHD.,,,,,,,,,
ARCFACADE SDN. BHD.,,,,,,,,,
ARCHI CASAKA DESIGN SDN. BHD.,,,,,,,,,
ARCON SDN. BHD.,,,,,,,,,
ARENA MUDAHBINA SDN. BHD.,,,,,,,,,
ARK EMPIRE SDN. BHD.,,,,,,,,,
ARKIBENA CONSTRUCTION SDN. BHD.,,,,,,,,,
ART CULTURE CONSTRUCTION SDN. BHD.,,,,,,,,,
ARTANIS CLOUD SDN. BHD.,,,,,,,,,
ARTIC RAIL SDN. BHD.,,,,,,,,,
ARTICORP PILING SDN. BHD.,,,,,,,,,
ARUS LAKSANA SDN. BHD.,,,,,,,,,
ARUSS SYNERGY SDN. BHD.,,,,,,,,,
AS GLOBAL RESOURCES SDN. BHD.,,,,,,,,,
ASCENDANCY VENTURES SDN. BHD.,,,,,,,,,
ASIA BITARA CONSTRUCTION SDN. BHD.,,,,,,,,,
ASIA BUDIMAS SDN. BHD.,,,,,,,,,
ASIANATICS SDN. BHD.,,,,,,,,,
ASIARIC CONTRACTS SDN. BHD.,,,,,,,,,
ASOMA SOLUTIONS SDN. BHD.,,,,,,,,,
ASOMA TECHNOLOGY SDN. BHD.,,,,,,,,,
ASTARAYA SDN. BHD.,,,,,,,,,
ASTRO SIGN GALLERY SDN. BHD.,,,,,,,,,
ASYRAFCORP SDN. BHD.,,,,,,,,,
ATB BUILDERS SDN. BHD.,,,,,,,,,
ATB PARAMOUNT CONSTRUCTION SDN. BHD.,,,,,,,,,
ATLANTA RESOURCES SDN. BHD.,,,,,,,,,
AURA TEC SDN. BHD.,,,,,,,,,
AURA-LITE (M) SDN. BHD.,,,,,,,,,
AVA JAYA SDN. BHD.,,,,,,,,,
AVIALITE SDN. BHD.,,,,,,,,,
AWAN MESRA SDN. BHD.,,,,,,,,,
AWANA HIKMAT SDN. BHD.,,,,,,,,,
AWANGSA PMC SDN. BHD.,,,,,,,,,
AXA NAGA SDN. BHD.,,,,,,,,,
AXEC SERVICES & TRADING SDN. BHD.,,,,,,,,,
AXEL PROJECTS SDN. BHD.,,,,,,,,,
AXICOM SDN. BHD.,,,,,,,,,
AZAM DEVELOPER & CONSTRUCTION SDN. BHD.,,,,,,,,,
AZTI SYSTEMS SDN. BHD.,,,,,,,,,
B&G GLOBAL PROPERTY SDN. BHD.,,,,,,,,,
B&I BUILDER SDN. BHD.,,,,,,,,,
B9 CONSTRUCTION SDN. BHD.,,,,,,,,,
BAHAGIA PROPERTIES SDN. BHD.,,,,,,,,,
BAHARIN & JAZZ RAM SDN. BHD.,,,,,,,,,
BAKAT INDUSTRI SDN. BHD.,,,,,,,,,
BAKATEAM SERVICES SDN. BHD.,,,,,,,,,
BAKTI SUCI INTEGRATED SERVICES SDN. BHD.,,,,,,,,,
BAKTI SUCI PROPERTIES SDN. BHD.,,,,,,,,,
BASCO SDN. BHD.,,,,,,,,,
BAY WATCH ELV SYSTEM SDN. BHD.,,,,,,,,,
BAYTECH RESOURCES SDN. BHD.,,,,,,,,,
BAYU PURNAMA SDN. BHD.,,,,,,,,,
BBSB HOLDINGS SDN. BHD.,,,,,,,,,
BC BUILDERS CONCEPT FURNISHING SDN. BHD.,,,,,,,,,
BCI CAPITAL SDN. BHD.,,,,,,,,,
BEACON FACILITY SOLUTION SDN. BHD.,,,,,,,,,
BEAKS CONSTRUCTION SDN. BHD.,,,,,,,,,
BEAVER SOLUTIONS SDN. BHD.,,,,,,,,,
BELL INTEGRATED SOLUTIONS SDN. BHD.,,,,,,,,,
BELYKOVA CORPORATION SDN. BHD.,,,,,,,,,
BENTONG MAJUJAYA SDN. BHD.,,,,,,,,,
BERKAT KUASA SDN. BHD.,,,,,,,,,
BERMUDA SUBSEA (M) SDN. BHD.,,,,,,,,,
BESROC FLOORING SPECIALIST SDN. BHD.,,,,,,,,,
BEST VENUE MEDIA SDN. BHD.,,,,,,,,,
BESTER MALAYSIA SDN. BHD.,,,,,,,,,
BGN CONSTRUCTION SDN. BHD.,,,,,,,,,
BINA ALAM VENTURES SDN. BHD.,,,,,,,,,
BINA BMK SDN. BHD.,,,,,,,,,
BINA FODER & PASTURA SDN. BHD.,,,,,,,,,
BINA FOREVER ENTERPRISE,,,,,,,,,
BINA MAHIR SDN. BHD.,,,,,,,,,
BINA PERMAI SDN. BHD.,,,,,,,,,
BINA PRAGMATIK SDN. BHD.,,,,,,,,,
BINA SETUL SDN. BHD.,,,,,,,,,
BINA TAMSHAH SDN. BHD.,,,,,,,,,
BINA VISION CONSTRUCTION SDN. BHD.,,,,,,,,,
BINAFORM SDN. BHD.,,,,,,,,,
BINARY CONSTRUCTION & TRADING SDN. BHD.,,,,,,,,,
BINASTRA ATLANTIC SDN. BHD.,,,,,,,,,
BINATEX SDN. BHD.,,,,,,,,,
BITUPRUFE SDN. BHD.,,,,,,,,,
BLACKTOP INDUSTRIES SDN. BHD.,,,,,,,,,
BLITZ RESOURCES SDN. BHD.,,,,,,,,,
BLUEBOX CONSTRUCTION SDN. BHD.,,,,,,,,,
BM TERA SDN. BHD.,,,,,,,,,
BNB CONSULTING SDN. BHD.,,,,,,,,,
BNZ RESOURCES SDN. BHD.,,,,,,,,,
BOFI (MALAYSIA) SDN. BHD.,,,,,,,,,
BOO POWER CONSTRUCTION SDN. BHD.,,,,,,,,,
BORNEO SAF SDN. BHD.,,,,,,,,,
BOSKALIS MALAYSIA SDN. BHD.,,,,,,,,,
BOUSTEAD FACILITIES MANAGEMENT SDN. BHD.,,,,,,,,,
BRAMA IMPRESA DESIGN & BUILD SDN. BHD.,,,,,,,,,
BRAS TRANSMISSION SDN. BHD.,,,,,,,,,
BRAS VENTURES BHD.,,,,,,,,,
BRAYTON ACCESS SDN. BHD.,,,,,,,,,
BREM HOLDING BERHAD,,,,,,,,,
BRIDGEX SDN. BHD.,,,,,,,,,
BRIGHT EVENT SDN. BHD.,,,,,,,,,
BRILLIANT LOGIC SDN. BHD.,,,,,,,,,
BRILLIANT SOLAR SDN. BHD.,,,,,,,,,
BT SETIA SDN. BHD.,,,,,,,,,
BT TECHNOLOGIES (M) SDN. BHD.,,,,,,,,,
B-TODS SDN. BHD.,,,,,,,,,
BUDAYA POSITIF SDN. BHD.,,,,,,,,,
BUDAYA RESTU SDN. BHD.,,,,,,,,,
BUILDVAST CONSTRUCTION SDN. BHD.,,,,,,,,,
BUMI AKI SDN. BHD.,,,,,,,,,
BUMICONS SDN. BHD.,,,,,,,,,
BUMIKHLAS SDN. BHD.,,,,,,,,,
BUMIMAJU MTE ENGINEERING SDN. BHD.,,,,,,,,,
C & C UNIVERSAL ENGINEERING SDN. BHD.,,,,,,,,,
C K T PLUMBING SDN. BHD.,,,,,,,,,
C S FOO CONSTRUCTION,,,,,,,,,
C.M.K.R. SDN. BHD.,,,,,,,,,
CA E&C SDN. BHD.,,,,,,,,,
CAHAYA KLASIK SDN. BHD.,,,,,,,,,
CALIBRE M & E SDN. BHD.,,,,,,,,,
CALIPH CONSTRUCTION RESOURCES,,,,,,,,,
CALL TIMES ENGINEERING SDN. BHD.,,,,,,,,,
CALTURE CONSTRUCTION SDN. BHD.,,,,,,,,,
CAMYCERIA SDN. BHD.,,,,,,,,,
CAN.I INTERIOR FIT-OUT SDN. BHD.,,,,,,,,,
CARPETON INDUSTRIES SDN. BHD.,,,,,,,,,
CARRIER (MALAYSIA) SDN. BHD.,,,,,,,,,
CASON ALUMINIUM & GLASS CONTRACTORS SDN. BHD.,,,,,,,,,
CCH BUILDERS SDN. BHD.,,,,,,,,,
CE ELEVATOR SDN. BHD.,,,,,,,,,
CELLTRAX TECHNOLOGIES SDN. BHD.,,,,,,,,,
CEMERLANG (KJM) SDN. BHD.,,,,,,,,,
CENDEKIA TEKNIK SDN. BHD.,,,,,,,,,
CENERGI EPC SDN. BHD.,,,,,,,,,
CERGAS SETIA CONSTRUCTION SDN. BHD.,,,,,,,,,
CG INNOVATION SDN. BHD.,,,,,,,,,
CG INTERIORS SDN. BHD.,,,,,,,,,
CGS VENTURE SDN. BHD.,,,,,,,,,
CHAI PLASTER SDN. BHD.,,,,,,,,,
CHAKRA BITARA SDN. BHD.,,,,,,,,,
CHARTER BUILT ENGINEERING SDN. BHD.,,,,,,,,,
CHEMNERGY ENTERPRISE SDN. BHD.,,,,,,,,,
CHIN HOCK CONSTRUCTION SDN. BHD.,,,,,,,,,
CHIP NGAI ENGINEERING WORKS SDN. BHD.,,,,,,,,,
CHOON CHIET ALUMINIUM AND GLASS SDN. BHD.,,,,,,,,,
CHUBB MALAYSIA SDN. BHD.,,,,,,,,,
CHULLAN SDN. BHD.,,,,,,,,,
CIT SOLUTIONS (M) SDN. BHD.,,,,,,,,,
CITA KAWAN SDN. BHD.,,,,,,,,,
CITATAH AMS CONTRACT SDN. BHD.,,,,,,,,,
CLJV BUILDER & DEVELOPMENT SDN. BHD.,,,,,,,,,
COBLER SDN. BHD.,,,,,,,,,
COBRAIN HOLDINGS SDN. BHD.,,,,,,,,,
CODETRACE SDN. BHD.,,,,,,,,,
COLLA RESOURCES SDN. BHD.,,,,,,,,,
COMDAQ (M) SDN. BHD.,,,,,,,,,
COMINTEL SDN. BHD.,,,,,,,,,
CONCRETE EMPIRE SDN. BHD.,,,,,,,,,
CONEXTONE ENERGY SDN. BHD.,,,,,,,,,
CONLAY CONSTRUCTION SDN. BHD.,,,,,,,,,
CONSEAL SDN BHD,,,,,,,,,
CONSPEC BUILDERS (M) SDN. BHD.,,,,,,,,,
CONSPEC CONSTRUCTION (M) SDN. BHD.,,,,,,,,,
CONSTRUCTION CIRCLE CORPORATION SDN. BHD.,,,,,,,,,
COOL PLAN M & E SDN. BHD.,,,,,,,,,
COPERATECH RESOURCES SDN. BHD.,,,,,,,,,
CRAFTSMAN BUILDING SOLUTION (MALAYSIA) SDN. BHD.,,,,,,,,,
CREATIVE CONCEPT RESOURCES SDN. BHD.,,,,,,,,,
CREATIVE PRECAST TECHNICS SDN. BHD.,,,,,,,,,
CSPM RESOURCES SDN. BHD.,,,,,,,,,
CSPM SDN.BHD.,,,,,,,,,
CSR UNGGUL SDN. BHD.,,,,,,,,,
CTCI SYSTEMS SDN. BHD.,,,,,,,,,
CTY FACADE BUILDER SDN. BHD.,,,,,,,,,
CUBEBEE DESIGN SDN. BHD.,,,,,,,,,
CUBIQ METERS SDN. BHD.,,,,,,,,,
CWC CONSTRUCTION SDN. BHD.,,,,,,,,,
DA CHENG WATER PIPE TECHNOLOGY SDN. BHD.,,,,,,,,,
DAIKIN MALAYSIA SALES & SERVICE SDN. BHD.,,,,,,,,,
DAKOTA INTEGRATED SERVICES SDN. BHD.,,,,,,,,,
DAMAICITRA SDN. BHD.,,,,,,,,,
DARUL EHSAN FACILITIES MANAGEMENT SDN. BHD.,,,,,,,,,
DASOL TECH SDN. BHD.,,,,,,,,,
DAYA ANGSANA SDN. BHD.,,,,,,,,,
DAYA ONE RESOURCES SDN. BHD.,,,,,,,,,
DE NEW POWER SDN. BHD.,,,,,,,,,
DECO STYLE SDN. BHD.,,,,,,,,,
DEFENCE VENTURE SOLUTIONS SDN. BHD.,,,,,,,,,
DEFINING ACRES SDN. BHD.,,,,,,,,,
DEKAD KALIBER SDN. BHD.,,,,,,,,,
DEKOMAX CONSTRUCTION SDN. BHD.,,,,,,,,,
DELIMA ARYAA MAJU SDN. BHD.,,,,,,,,,
DELTAFLEX SDN. BHD.,,,,,,,,,
DENLITE LETRIK SDN. BHD.,,,,,,,,,
DERIC AND K ASSOCIATES SDN. BHD.,,,,,,,,,
DESIGN NETWORK SOLUTION SDN. BHD.,,,,,,,,,
DIAGNOSTIC SYSTEMS (M) SDN. BHD.,,,,,,,,,
DIALOG CATALYST SERVICES SDN. BHD.,,,,,,,,,
DIALOG CONSTRUCTION SDN. BHD.,,,,,,,,,
DIALOG E & C SDN. BHD.,,,,,,,,,
DIALOG PLANT SERVICES SDN. BHD.,,,,,,,,,
DIALOG SERVICES SDN. BHD.,,,,,,,,,
DIALOG SYSTEMS SDN. BHD.,,,,,,,,,
DIGITAL ALPINE SDN. BHD.,,,,,,,,,
DIRECT-FIELD RESOURCES SDN. BHD.,,,,,,,,,
DISCOVERY MEDIA SDN. BHD.,,,,,,,,,
DIVERSIFIED ENGINEERING & CONSTRUCTION SDN. BHD.,,,,,,,,,
DIVINE SPECTRUM SDN. BHD.,,,,,,,,,
DK BINAJAYA SDN. BHD.,,,,,,,,,
DN ELEVATOR (M) SDN. BHD.,,,,,,,,,
DNA BENTARA SDN. BHD.,,,,,,,,,
DOORS N SUCH SDN. BHD.,,,,,,,,,
DOUBLE SUCCESS CONSTRUCTION SDN. BHD.,,,,,,,,,
DOYES ENGINEERING SDN. BHD.,,,,,,,,,
DRAS ENGINEERING SDN. BHD.,,,,,,,,,
DS SEPAKAT SDN. BHD.,,,,,,,,,
DSI ENGINEERING SDN. BHD.,,,,,,,,,
DUN WANG CONSTRUCTION SDN. BHD.,,,,,,,,,
DURAFORM ENGINEERING SDN. BHD.,,,,,,,,,
DUTA TECHNIC SDN. BHD.,,,,,,,,,
DYNAMIC BUILDING SYSTEM SDN. BHD.,,,,,,,,,
DYNAMIC ENERGYTECH SDN. BHD.,,,,,,,,,
DYNAMIC TARGET GLOBAL SDN. BHD.,,,,,,,,,
DYNASYNERGY TECHNOLOGY SDN. BHD.,,,,,,,,,
EASTERN ENGINEERING & MANUFACTURING SDN. BHD.,,,,,,,,,
EBS ENGINEERING SDN. BHD.,,,,,,,,,
EC COM SDN. BHD.,,,,,,,,,
ECO ELECTRICAL SERVICES SDN. BHD.,,,,,,,,,
ECO INTERIORS INTERNATIONAL SDN. BHD.,,,,,,,,,
ECO MEGA BUILDERS SDN. BHD.,,,,,,,,,
ECO MESRA BUILDERS SDN. BHD.,,,,,,,,,
ECOBUILD ENGINEERING SDN. BHD.,,,,,,,,,
EDOTCO MALAYSIA SDN. BHD.,,,,,,,,,
EF INTERIORS SDN. BHD.,,,,,,,,,
EH CONSTRUCTION SDN. BHD.,,,,,,,,,
EH IBS SDN. BHD.,,,,,,,,,
EI POWER TECHNOLOGIES SDN. BHD.,,,,,,,,,
EI SDN. BHD.,,,,,,,,,
EILMAR WASAQ ENGINEERING SDN. BHD.,,,,,,,,,
ELEAPS SDN. BHD.,,,,,,,,,
ELEGANT BRIDGE BUILDERS SDN. BHD.,,,,,,,,,
ELEGANT BUILDERS SDN. BHD.,,,,,,,,,
ELEMENT EDGE SDN. BHD.,,,,,,,,,
EMBUN DESIGN STUDIO SDN. BHD.,,,,,,,,,
EMINENT PARK SDN. BHD.,,,,,,,,,
EMRAIL SDN. BHD.,,,,,,,,,
EMREKA GROUP SDN. BHD.,,,,,,,,,
ENCORP CONSTRUCTION & ENGINEERING SDN. BHD.,,,,,,,,,
ENCORP FACILITIES MANAGEMENT SDN. BHD.,,,,,,,,,
ENER TECH SOLUTIONS SDN. BHD.,,,,,,,,,
ENERSEA RESOURCES SDN. BHD.,,,,,,,,,
ENERTRA SDN. BHD.,,,,,,,,,
ENFRASYS NETWORK SDN. BHD.,,,,,,,,,
ENG HAN ENGINEERING SDN. BHD.,,,,,,,,,
ENGENIOUS SOLUTIONS SDN. BHD.,,,,,,,,,
ENGREEN SDN. BHD.,,,,,,,,,
ENVITECH SDN BHD.,,,,,,,,,
EP USAHAJAYA SDN. BHD.,,,,,,,,,
EQUATOR ENGINEERING SDN. BHD.,,,,,,,,,
ERA ACE SDN. BHD.,,,,,,,,,
ERA MADANI SISTEM SDN. BHD.,,,,,,,,,
ERANTIC ENGINEERING SDN. BHD.,,,,,,,,,
ERLA TECHNOLOGIES (M) SDN. BHD.,,,,,,,,,
ES CONNECT SDN. BHD.,,,,,,,,,
ES MATRIX SDN. BHD.,,,,,,,,,
ESTERA ENERGY SDN. BHD.,,,,,,,,,
ETD TRANSMISSION & DISTRIBUTION SDN. BHD.,,,,,,,,,
EV-DYNAMIC SDN. BHD.,,,,,,,,,
EVEREST M & E SDN. BHD.,,,,,,,,,
EVEREST OIL & GAS SDN. BHD.,,,,,,,,,
EVOLUSI JAYA SDN. BHD.,,,,,,,,,
EXCEL AIR ENGINEERING SDN. BHD.,,,,,,,,,
EXCELGENIC SDN. BHD.,,,,,,,,,
EXXAOIL ENGINEERING SDN. BHD.,,,,,,,,,
FA BINA SDN. BHD.,,,,,,,,,
FABULOUS SUNVIEW SDN. BHD.,,,,,,,,,
FAC-3 RESOURCES SDN. BHD.,,,,,,,,,
FARADISSE HIGH SDN. BHD.,,,,,,,,,
FEDERAL FURNITURE (1982) SDN. BHD.,,,,,,,,,
FELLA INTERIOR SDN. BHD.,,,,,,,,,
FG GENERATOR SDN. BHD.,,,,,,,,,
FGE INDUSTRY SDN. BHD.,,,,,,,,,
FGM ENGINEERING SDN. BHD.,,,,,,,,,
FIBER AXIS SDN. BHD.,,,,,,,,,
FIRATEL SDN. BHD.,,,,,,,,,
FIRETEC SYSTEM SDN. BHD.,,,,,,,,,
FIRST POWER ENGINEERING & SERVICES (M) SDN. BHD.,,,,,,,,,
FIRSTECH ENGINEERING SDN. BHD.,,,,,,,,,
FIVONE51 INTERNATIONAL SDN. BHD.,,,,,,,,,
FKL CONSTRUCTION (M) SDN. BHD.,,,,,,,,,
FKR BUMI CONSTRUCTIONS SDN. BHD.,,,,,,,,,
FOKUS TEGUH DINAMIK SDN. BHD.,,,,,,,,,
FOREST HOUSE SDN. BHD.,,,,,,,,,
FORMPLUS SOLUTIONS (M) SDN. BHD.,,,,,,,,,
FORTHRIGHT CONSTRUCTION SDN. BHD.,,,,,,,,,
FOSTER INSULATION SDN. BHD.,,,,,,,,,
FOURTH WAVE (M) SDN. BHD.,,,,,,,,,
FOXEVA SDN. BHD.,,,,,,,,,
FPT ENGINEERING SDN. BHD.,,,,,,,,,
FRAMEMOTION STUDIO SDN. BHD.,,,,,,,,,
FRAMEPERSECOND SDN. BHD.,,,,,,,,,
FROSTMAC SDN. BHD.,,,,,,,,,
FUJITEC M&E SDN. BHD.,,,,,,,,,
FULL SAIL SDN. BHD.,,,,,,,,,
FULLOOP SDN. BHD.,,,,,,,,,
G & K INFRA EARTHWORK SDN. BHD.,,,,,,,,,
GABUNG PANDUAN SDN. BHD.,,,,,,,,,
GABUNGAN BERSAMA SDN. BHD.,,,,,,,,,
GABUNGAN BINTANG SDN. BHD.,,,,,,,,,
GABUNGAN CEKAPBINA SDN. BHD.,,,,,,,,,
GABUNGAN STRATEGIK SDN. BHD.,,,,,,,,,
GAFIS (M) SDN. BHD.,,,,,,,,,
GAGASAN CONSTRUCTION SDN. BHD.,,,,,,,,,
GAGASAN SENTRAL SDN. BHD.,,,,,,,,,
GALLERY BUILDERS SDN. BHD.,,,,,,,,,
GALVACO INDUSTRIES SDN. BHD.,,,,,,,,,
GALVAPOLE INDUSTRIES SDN. BHD.,,,,,,,,,
GAMUDA ENGINEERING SDN. BHD.,,,,,,,,,
GAMUDA GEO SDN. BHD.,,,,,,,,,
GANDA IMBUHAN SDN. BHD.,,,,,,,,,
GANDAHAN SDN. BHD.,,,,,,,,,
GAPURA SOLUTION SDN. BHD.,,,,,,,,,
GAYA MAJU ENGINEERING SDN. BHD.,,,,,,,,,
GDB INFRA SDN. BHD.,,,,,,,,,
GECMAL SDN. BHD.,,,,,,,,,
GEMAWAN BINA SDN. BHD.,,,,,,,,,
GEMILANG JUGA SDN. BHD.,,,,,,,,,
GENERASI BANI TAMIM SDN. BHD.,,,,,,,,,
GENEROUS SQUARE SDN. BHD.,,,,,,,,,
GENESIS SPECTRUM SDN. BHD.,,,,,,,,,
GENTING VIEW RESORT MANAGEMENT SDN. BHD.,,,,,,,,,
GEOFORCE SDN. BHD.,,,,,,,,,
GERAKAN TEKNIK SDN. BHD.,,,,,,,,,
GERBANG INTELEK SDN. BHD.,,,,,,,,,
GGS GLOBAL SDN. BHD.,,,,,,,,,
GIGA TEGASAN SDN. BHD.,,,,,,,,,
GIROBUMI TECHNOLOGIES SDN. BHD.,,,,,,,,,
GLOBAL KOMITED SDN. BHD.,,,,,,,,,
GLOBALTECHSERVE MARINE SDN. BHD.,,,,,,,,,
GLOMEDIC INDUSTRIES SDN. BHD.,,,,,,,,,
GLS SETIA SDN. BHD.,,,,,,,,,
GOLDEN ADMIRAL SDN. BHD.,,,,,,,,,
GOLDEN CIGNET SDN. BHD.,,,,,,,,,
GOLDEN LAND CITY SDN. BHD.,,,,,,,,,
GOMATSU VENTURES SDN. BHD.,,,,,,,,,
GOODROAD ENGINEERING SDN. BHD.,,,,,,,,,
GRAND CAPITAL BUILDER SDN. BHD.,,,,,,,,,
GRANITY RESOURCES SDN. BHD.,,,,,,,,,
GRAVITY INTERIOR CONSTRUCTION SDN. BHD.,,,,,,,,,
GREAT SUBSTANCE SDN. BHD.,,,,,,,,,
GREEN EXCEL ENGINEERING AND CONSULTANCY SDN. BHD.,,,,,,,,,
GREEN SIMEX ENGINEERING SDN. BHD.,,,,,,,,,
GREENDEX SDN. BHD.,,,,,,,,,
GREENERY MAJESTIC SDN. BHD.,,,,,,,,,
GRINTERRA SDN.BHD.,,,,,,,,,
GROUND UP SDN. BHD.,,,,,,,,,
GROWAVE SDN. BHD.,,,,,,,,,
GSB NIAGA SDN. BHD.,,,,,,,,,
GSIB SDN. BHD.,,,,,,,,,
GT-MAX ENGINEERING SDN. BHD.,,,,,,,,,
H SOLAR SDN. BHD.,,,,,,,,,
H Z N ASSOCIATES (M) SDN. BHD.,,,,,,,,,
H.N. LAU AGENCY SDN. BHD.,,,,,,,,,
HAB CONSTRUCTION SDN. BHD.,,,,,,,,,
HAN PENG CONSTRUCTION SDN. BHD.,,,,,,,,,
HAQIQAT SYNERGY SDN. BHD.,,,,,,,,,
HARAPAN BUILDERS SDN. BHD.,,,,,,,,,
HASILWAN (M) SDN. BHD.,,,,,,,,,
HATIMUDA SDN. BHD.,,,,,,,,,
HAWA TEKNIK SDN. BHD.,,,,,,,,,
HBS ENGINEERING SDN. BHD.,,,,,,,,,
HDL SOLUTIONS SDN. BHD.,,,,,,,,,
HEAP WAH BARAKAH SDN. BHD.,,,,,,,,,
HECTARE HEIGHTS CONSTRUCTION SDN. BHD.,,,,,,,,,
HEITECH PADU BERHAD,,,,,,,,,
HELIOSEL SDN. BHD.,,,,,,,,,
HERCULES ENGINEERING (SEA) SDN. BHD.,,,,,,,,,
HEXA SINAR SDN. BHD.,,,,,,,,,
HEXACHAMP SDN. BHD.,,,,,,,,,
HEXATECH ENGINEERING SDN. BHD.,,,,,,,,,
HISNIAGA BINA SDN. BHD.,,,,,,,,,
HI-TECH CONSTRUCTION SDN. BHD.,,,,,,,,,
HITECH GEODIGITAL (M) SDN. BHD.,,,,,,,,,
HITI ENGINEERING (M) SDN. BHD.,,,,,,,,,
HITTI ALUMINIUM SDN. BHD.,,,,,,,,,
HL ADVANCE TECHNOLOGIES (M) SDN. BHD.,,,,,,,,,
HLW TECH SDN. BHD.,,,,,,,,,
HNZ ILTIZAM SDN. BHD.,,,,,,,,,
HOME ART DEVELOPMENT SDN. BHD.,,,,,,,,,
HONG CHUN CONSTRUCTION SDN. BHD.,,,,,,,,,
HRZ BUILDER (M) SDN. BHD.,,,,,,,,,
HSA SETIAMURNI SDN. BHD.,,,,,,,,,
HULS ENGINEERING SDN. BHD.,,,,,,,,,
HULS GEOSYNTHETICS SDN. BHD.,,,,,,,,,
HY SOLUTION SDN. BHD.,,,,,,,,,
HYDROTECH ENGINEERING PILE SOLUTION SDN. BHD.,,,,,,,,,
I DRILL PIPELINES CONSTRUCTIONS SDN. BHD.,,,,,,,,,
I STRADA SDN. BHD.,,,,,,,,,
I.LUMEN SDN. BHD.,,,,,,,,,
IAC INFRASTRUCTURE SDN. BHD.,,,,,,,,,
IBEE SDN. BHD.,,,,,,,,,
IBRAHIM MIAN SDN. BHD.,,,,,,,,,
IC&E GROUP SDN. BHD.,,,,,,,,,
ICAZ VENTURES SDN. BHD.,,,,,,,,,
ICOMAR JAYA SDN. BHD.,,,,,,,,,
ICONS EDUCATION GROUP SDN. BHD.,,,,,,,,,
IDAGA BINA SDN. BHD.,,,,,,,,,
IDIQA HOLDING SDN. BHD.,,,,,,,,,
IDX MULTI RESOURCES SDN. BHD.,,,,,,,,,
IEP SDN. BHD.,,,,,,,,,
IEW SDN. BHD.,,,,,,,,,
IFACTORS SDN. BHD.,,,,,,,,,
IINFRA SDN. BHD.,,,,,,,,,
IJM BUILDING SYSTEMS SDN. BHD.,,,,,,,,,
IJM CONSTRUCTION SDN. BHD.,,,,,,,,,
IJM CORPORATION BERHAD,,,,,,,,,
IKRIS BINA SDN. BHD.,,,,,,,,,
IL SOLAR SDN. BHD.,,,,,,,,,
ILHAM DELTA SDN. BHD.,,,,,,,,,
ILHAM METRO CONSTRUCTION SDN. BHD.,,,,,,,,,
IMMALIA ENTERPRISE (M) SDN. BHD.,,,,,,,,,
IMPAK KEJORA SDN. BHD.,,,,,,,,,
IMPIANA MAHIR SDN. BHD.,,,,,,,,,
IMZ VICTORY SDN. BHD.,,,,,,,,,
INDUSTRIAL HEAVY ENGINEERING SDN. BHD.,,,,,,,,,
INDUSTRIAL LABORATORIES SDN. BHD.,,,,,,,,,
INFINITE EXPLORATION SDN. BHD.,,,,,,,,,
INFINITE QL SDN. BHD.,,,,,,,,,
INFRA TECH PROJECTS MALAYSIA SDN. BHD.,,,,,,,,,
INFRAKOMAS SDN. BHD.,,,,,,,,,
INFRAPAC SDN. BHD.,,,,,,,,,
INFRASEL SDN. BHD.,,,,,,,,,
INGENIOUS WORKS INTERNATIONAL (M) SDN. BHD.,,,,,,,,,
INNAH MAKMUR BUILDERS SDN. BHD.,,,,,,,,,
INNATECH SDN. BHD.,,,,,,,,,
INNO RANCAK SDN. BHD.,,,,,,,,,
INNOVISUAL SDN. BHD.,,,,,,,,,
INSAFOAM INSULATION (MALAYSIA) SDN. BHD.,,,,,,,,,
INSPIRASI MEGAJAYA SDN. BHD.,,,,,,,,,
INSTANT OPTION RESOURCES SDN. BHD.,,,,,,,,,
INSULTEC DURAGATE SDN. BHD.,,,,,,,,,
INTAN HECTARE SDN. BHD.,,,,,,,,,
INTAN KAUSAR ENGINEERING SDN. BHD.,,,,,,,,,
INTAN MALAYA SDN. BHD.,,,,,,,,,
INTECHCITY CONSTRUCTION SDN. BHD.,,,,,,,,,
INTEGRATED CAPACITY SDN. BHD.,,,,,,,,,
INTEGRATED DEVELOPMENT NETWORK SDN. BHD.,,,,,,,,,
INTEGRATED INNO BUILD SDN. BHD.,,,,,,,,,
INTEGRITI PADU SDN. BHD.,,,,,,,,,
INTELLIGENT CONNECTIONS SDN. BHD.,,,,,,,,,
INTELLIGENT CORE SDN. BHD.,,,,,,,,,
INTENSE M&E SDN. BHD.,,,,,,,,,
INTERJUTA RAYA SDN. BHD.,,,,,,,,,
INTERSECU-TECH CO. SDN. BHD.,,,,,,,,,
INTERSTATE SOLUTIONS SDN. BHD.,,,,,,,,,
INTRA-PERWIRA (M) SDN. BHD.,,,,,,,,,
IPMUDA BINA SDN. BHD.,,,,,,,,,
IS IKHLAS SUCI (M) SDN. BHD.,,,,,,,,,
ISLAH NIAGA SDN. BHD.,,,,,,,,,
ISMAFINIE (M) SDN. BHD.,,,,,,,,,
JAAZURA RESOURCES SDN. BHD.,,,,,,,,,
JAKS SDN. BHD.,,,,,,,,,
JALEX SDN. BHD.,,,,,,,,,
JALUR CAHAYA SDN. BHD.,,,,,,,,,
JANA TANMIA RESOURCES SDN. BHD.,,,,,,,,,
JASA AMAN ENGINEERING SDN. BHD.,,,,,,,,,
JASMURNI CONSTRUCTION SDN. BHD.,,,,,,,,,
JASMURNI DEVELOPMENT SDN. BHD.,,,,,,,,,
JATI COMBUSTION SYSTEM SDN. BHD.,,,,,,,,,
JAYA BINA ASPIRASI SDN. BHD.,,,,,,,,,
JAYA CEKAP DEVELOPMENT SDN. BHD.,,,,,,,,,
JEFFCON ENGINEERING SDN. BHD.,,,,,,,,,
JENTERA LESTARI SDN. BHD.,,,,,,,,,
JERAM SAGA SDN. BHD.,,,,,,,,,
JEWEL CONSTRUCTION SDN. BHD.,,,,,,,,,
JFMA ENTERPRISE SDN. BHD.,,,,,,,,,
JHC CONSTRUCTION SDN. BHD.,,,,,,,,,
JHR PRESTASI RESOURCES SDN. BHD.,,,,,,,,,
JINLIN ENGINEERING SDN. BHD.,,,,,,,,,
JIT HOE RESOURCES SDN. BHD.,,,,,,,,,
JITA CONSTRUCTION SDN. BHD.,,,,,,,,,
JJ ACTFAST DEVELOPMENT SDN. BHD.,,,,,,,,,
JL CONCEPTS HAUS SDN. BHD.,,,,,,,,,
JLP ENGINEERING SDN. BHD.,,,,,,,,,
JM REFRIGERATION SDN. BHD.,,,,,,,,,
JMJ DEVELOPMENT SDN. BHD.,,,,,,,,,
JOHAWAKI CONSTRUCTION SDN. BHD.,,,,,,,,,
JOPAMI SDN.BHD.,,,,,,,,,
JP CONSULTANCY & ENGINEERING SDN. BHD.,,,,,,,,,
JS SUBANG (M) SDN. BHD.,,,,,,,,,
JT POWER ELECTRICAL SDN. BHD.,,,,,,,,,
JTO BUILDERS SDN. BHD.,,,,,,,,,
JUA YAKIN SDN. BHD.,,,,,,,,,
JURUSTRA BUMIBINA SDN. BHD.,,,,,,,,,
JURUTAMA SDN BHD,,,,,,,,,
JUTA KRYSTAL ENTERPRISE (M) SDN. BHD.,,,,,,,,,
JUTA UPAYA SDN. BHD.,,,,,,,,,
JVK BUILD SDN. BHD.,,,,,,,,,
JVT VENTURES SDN. BHD.,,,,,,,,,
K K HO ELECTRICAL SDN. BHD.,,,,,,,,,
KA BINA GLOBAL ENGINEERING SDN. BHD.,,,,,,,,,
KABAZ SDN. BHD.,,,,,,,,,
KACAMUDA RESOURCES SDN. BHD.,,,,,,,,,
KACON CONSTRUCTION SDN. BHD.,,,,,,,,,
KAM CHIUN CONSTRUCTION SDN. BHD.,,,,,,,,,
KAMSO CONSTRUCTION SDN. BHD.,,,,,,,,,
KANDIS PERMAI SDN. BHD.,,,,,,,,,
KAPAR JAYA SDN BHD,,,,,,,,,
KARISMA INOVASI SDN. BHD.,,,,,,,,,
KARL BUILDERS SDN. BHD.,,,,,,,,,
KARTIKA JUARA (M) SDN. BHD.,,,,,,,,,
KAS ENGINEERING SDN. BHD.,,,,,,,,,
KASMUDI SDN. BHD.,,,,,,,,,
KC CONTRACT SDN. BHD.,,,,,,,,,
KC SETIA BINA SDN. BHD.,,,,,,,,,
KCJ ENGINEERING SDN. BHD.,,,,,,,,,
KCW TECHNOLOGY & ENGINEERING SDN. BHD.,,,,,,,,,
KDEB SERVICES SDN. BHD.,,,,,,,,,
KEEMFAT ENGINEERING SDN. BHD.,,,,,,,,,
KEEMFAT SANITARY & PLUMBING SDN. BHD.,,,,,,,,,
KEIFT SIFERS SDN. BHD.,,,,,,,,,
KEJURUTERAAN & PEMBINAAN TEGUH SDN. BHD.,,,,,,,,,
KEJURUTERAAN ASTRA SDN. BHD.,,,,,,,,,
KEJURUTERAAN ELEKTRIK AIDIL SDN. BHD.,,,,,,,,,
KEJURUTERAAN LI ANN SDN. BHD.,,,,,,,,,
KEJURUTERAAN QKS SDN. BHD.,,,,,,,,,
KEJURUTERAAN SINAR SELASEH SDN. BHD.,,,,,,,,,
KELINGTON TECHNOLOGIES SDN. BHD.,,,,,,,,,
KELPILE GEOTECHNICS SDN. BHD.,,,,,,,,,
KEMAKMURAN 2000 SDN. BHD.,,,,,,,,,
KEMATEK SDN. BHD.,,,,,,,,,
KEMBOJA CHAMP SDN. BHD.,,,,,,,,,
KEMUDI TIARA ENGINEERING SDN. BHD.,,,,,,,,,
KERIS ENERGY SDN. BHD.,,,,,,,,,
KESUTRA SDN. BHD.,,,,,,,,,
KFM GROUP SDN. BHD.,,,,,,,,,
KIM CHONG MECHANICAL SERVICES SDN. BHD.,,,,,,,,,
KINDAH BUILDERS SDN. BHD.,,,,,,,,,
KINEMATIC ENGINEERING & CONSTRUCTION SDN. BHD.,,,,,,,,,
KINETA SDN. BHD.,,,,,,,,,
KINING EXETON SDN. BHD.,,,,,,,,,
KISWAH CONSTRUCTION SDN. BHD.,,,,,,,,,
KL CEMERLANG SDN. BHD.,,,,,,,,,
KL HEARTCARE SDN. BHD.,,,,,,,,,
KLAY ENERSOL SDN. BHD.,,,,,,,,,
KLM CONSTRUCTION SDN. BHD.,,,,,,,,,
KMS ENGINEERING SDN. BHD.,,,,,,,,,
KNM PROCESS SYSTEMS SDN. BHD.,,,,,,,,,
KONE PRODUCTS & ENGINEERING (M) SDN.BHD.,,,,,,,,,
KONG HONG ENGINEERING SDN. BHD.,,,,,,,,,
KONSEP KIRANA SDN. BHD.,,,,,,,,,
KONSORTIUM KAJV SDN. BHD.,,,,,,,,,
KONSORTIUM KONTRAKTOR MALAYSIA SDN. BHD.,,,,,,,,,
KONTRAKTOR KHJ SDN. BHD.,,,,,,,,,
KONTREK TERBITJAYA SDN. BHD.,,,,,,,,,
KOSI ENGINEERING SDN. BHD.,,,,,,,,,
KPJ ENGINEERING SDN. BHD.,,,,,,,,,
KROHNE EMAS OIL AND GAS SDN. BHD.,,,,,,,,,
KRS TECHNOLOGY (M) SDN. BHD.,,,,,,,,,
KST BUILDER & CONSTRUCTION SDN. BHD.,,,,,,,,,
KT SYSTEM SDN. BHD.,,,,,,,,,
KTJ (M) SDN. BHD.,,,,,,,,,
KTY SOLUTION SDN. BHD.,,,,,,,,,
KUMPULAN ABEX SDN. BHD.,,,,,,,,,
KUMPULAN NOVALAB (M) SDN. BHD.,,,,,,,,,
KUMPULAN SEMESTA SDN. BHD.,,,,,,,,,
KURNIA TECHNOLOGY RESOURCES SDN. BHD.,,,,,,,,,
KUSOWA ENTERPRISE SDN. BHD.,,,,,,,,,
L & J BERSATU BINA SDN. BHD.,,,,,,,,,
L. G. G. CONSTRUCTION SDN. BHD.,,,,,,,,,
L.E. LIM ELECTRICAL ENGINEERING SDN. BHD.,,,,,,,,,
LAC MEDICAL SUPPLIES SDN. BHD.,,,,,,,,,
LACOR (ASIA) SDN. BHD.,,,,,,,,,
LAGENDA INTA SDN. BHD.,,,,,,,,,
LALUAN THULUS SDN. BHD.,,,,,,,,,
LANDASAN LUMAYAN SDN. BHD.,,,,,,,,,
LANGGAK PERKASA SDN. BHD.,,,,,,,,,
LARSEN & TOUBRO (EAST ASIA) SDN. BHD.,,,,,,,,,
LASAK RESOURCES SDN. BHD.,,,,,,,,,
LC ENGINEERING SERVICES SDN. BHD.,,,,,,,,,
LE PROSPERA SDN. BHD.,,,,,,,,,
LEADWAY CONSTRUCTION & ENGINEERING SDN. BHD.,,,,,,,,,
LEBTECH CONSTRUCTION SDN. BHD.,,,,,,,,,
LEECHEESIN CONTRACT SDN. BHD.,,,,,,,,,
LEGRAND BUILDERS SDN. BHD.,,,,,,,,,
LETRIK P.J. UNION SDN. BHD.,,,,,,,,,
LICONLITE ENGINEERING SDN. BHD.,,,,,,,,,
LIEN DAK CONSTRUCTION CO. SDN. BHD.,,,,,,,,,
LIEN DAK M&E SDN. BHD.,,,,,,,,,
LIGHTCAST SDN. BHD.,,,,,,,,,
LIMTECH ENGINEERING & CONSTRUCTION SDN. BHD.,,,,,,,,,
LION MERGE CONSTRUCTION SDN. BHD.,,,,,,,,,
LIPICO ENGINEERING SDN. BHD.,,,,,,,,,
LIPP ENGINEERING SDN. BHD.,,,,,,,,,
LIZIZ CONSTRUCTION SDN. BHD.,,,,,,,,,
LOO SEK CHOY PLUMBING CONSTRUCTION SDN. BHD.,,,,,,,,,
LOTUS POWER CORPORATION (M) SDN. BHD.,,,,,,,,,
LOWELL BUILDERS SDN. BHD.,,,,,,,,,
LOWELL M&E SDN. BHD.,,,,,,,,,
LOYAL FRIEND SDN. BHD.,,,,,,,,,
LTC BUILDING SERVICES SDN. BHD.,,,,,,,,,
LTK FACADE SPECIALIST SDN. BHD.,,,,,,,,,
LUFTER SDN. BHD.,,,,,,,,,
LUKRUM (M) SDN. BHD.,,,,,,,,,
M & T CONSTRUCTION SDN. BHD.,,,,,,,,,
M ELECTRICAL & ENGINEERING SDN. BHD.,,,,,,,,,
M WORLD CONCEPT SDN. BHD.,,,,,,,,,
M.E.B. TECHNOLOGY SDN. BHD.,,,,,,,,,
MADTECH SDN. BHD.,,,,,,,,,
MAG BUILDERS SDN. BHD.,,,,,,,,,
MAHIR JUTABINA SDN. BHD.,,,,,,,,,
MAHKOTA TECHNOLOGIES SDN. BHD.,,,,,,,,,
MAJU EFEKTIF SDN. BHD.,,,,,,,,,
MAJU MULIA GROUP SDN. BHD.,,,,,,,,,
MAJULIA SDN.BHD.,,,,,,,,,
MAKE PERFECT DESIGN & BUILD SDN. BHD.,,,,,,,,,
MAKIN TIMUR SDN. BHD.,,,,,,,,,
MALAYA MNE ENGINEERING SDN. BHD.,,,,,,,,,
MALAYSIAN INTELLIGENCE METERS SDN. BHD.,,,,,,,,,
MALAYSIAN SOLAR RESOURCES SDN. BHD.,,,,,,,,,
MAMMOTH EMPIRE CONSTRUCTION SDN. BHD.,,,,,,,,,
MANGKUBUMI SDN. BHD.,,,,,,,,,
MANZEAL ENTERPRISE SDN. BHD.,,,,,,,,,
MAQO ENGINEERING SDN. BHD.,,,,,,,,,
MARC SYNERGY SDN. BHD.,,,,,,,,,
MARK JAYA ENGINEERING SDN. BHD.,,,,,,,,,
MASBURAN SDN. BHD.,,,,,,,,,
MATRIX COOLING (M) SDN. BHD.,,,,,,,,,
MATRIX GROUP SDN. BHD.,,,,,,,,,
MAX BUILD SDN. BHD.,,,,,,,,,
MAXI MMC SDN. BHD.,,,,,,,,,
MAXI WONDER SDN. BHD.,,,,,,,,,
MAXIM ESTABLISHMENT SDN. BHD.,,,,,,,,,
MAXPLUS REWARDS SDN. BHD.,,,,,,,,,
MAXVOLT SDN. BHD.,,,,,,,,,
MCS MEGA ENGINEERING SDN. BHD.,,,,,,,,,
MCW INOVASI SDN. BHD.,,,,,,,,,
MDT SECURITY SYSTEMS SDN. BHD.,,,,,,,,,
MDZ CONSTRUCTION SDN. BHD.,,,,,,,,,
MEC JATI CONSORTIUM SDN. BHD.,,,,,,,,,
MECCILECT SDN. BHD.,,,,,,,,,
MECHMAR BOILERS SDN. BHD.,,,,,,,,,
MECHVAC ENGINEERING SDN. BHD.,,,,,,,,,
MEDIGATE SDN. BHD.,,,,,,,,,
MEDISCAN LINK SDN. BHD.,,,,,,,,,
MEGA COSMIC SDN. BHD.,,,,,,,,,
MEGAMAS BUILDER SDN. BHD.,,,,,,,,,
MENANG IDAMAN SDN. BHD.,,,,,,,,,
MENARA GIGIH SDN. BHD.,,,,,,,,,
MENAWAR RESOURCES SDN. BHD.,,,,,,,,,
MENGWAY CONSTRUCTION SDN. BHD.,,,,,,,,,
MENTARI DHUHA SDN. BHD.,,,,,,,,,
MERK ELEVATOR SYSTEMS SDN. BHD.,,,,,,,,,
MESINIAGA BERHAD,,,,,,,,,
MESRA GALIAN SDN. BHD.,,,,,,,,,
METAL TECH M&E SDN. BHD.,,,,,,,,,
METBUILD SDN. BHD.,,,,,,,,,
METRASYS SDN. BHD.,,,,,,,,,
METRO HARAPAN SDN. BHD.,,,,,,,,,
METRO NURI SDN. BHD.,,,,,,,,,
METROGEN SDN. BHD.,,,,,,,,,
MGB CONSTRUCTION & ENGINEERING SDN. BHD.,,,,,,,,,
MGB DEVELOPMENT SDN. BHD.,,,,,,,,,
MH GLOBAL SDN. BHD.,,,,,,,,,
MICROCORP SDN. BHD.,,,,,,,,,
MIDWEST GREEN SDN. BHD.,,,,,,,,,
MILAB MARKETING SDN. BHD.,,,,,,,,,
MILIEU SOLAR SDN. BHD.,,,,,,,,,
MILLENNIUM WATER TREATMENT & ENGINEERING SDN. BHD.,,,,,,,,,
MILUX PROPERTIES SDN. BHD.,,,,,,,,,
MIQABENA SDN. BHD.,,,,,,,,,
MIRMAS HOLDING SDN. BHD.,,,,,,,,,
MIT MACHINERY SDN. BHD.,,,,,,,,,
MITAICORP SDN. BHD.,,,,,,,,,
MITCOM SDN. BHD.,,,,,,,,,
MITRAJAYA CONSTRUCTION SDN. BHD.,,,,,,,,,
MITRAJAYA HOMES SDN. BHD.,,,,,,,,,
MIYA ENGINEERING SERVICES SDN. BHD.,,,,,,,,,
MNG GLOBAL RESOURCES SDN. BHD.,,,,,,,,,
MNS WORK SDN. BHD.,,,,,,,,,
MODULAR SCALE SDN. BHD.,,,,,,,,,
MOHISMA (M) SDN. BHD.,,,,,,,,,
MONT STONE SDN. BHD.,,,,,,,,,
MOZZPOWER SDN. BHD.,,,,,,,,,
MP KONSORTIUM BERHAD,,,,,,,,,
MS TIME SDN. BHD.,,,,,,,,,
MSK EXPRESS SDN. BHD.,,,,,,,,,
MSN CONSTRUCTION SDN. BHD.,,,,,,,,,
MTK COMMUNICATION SDN. BHD.,,,,,,,,,
MUDAJAYA CORPORATION BERHAD,,,,,,,,,
MULTIGLOW CORPORATION SDN. BHD.,,,,,,,,,
MUNSEH ENGINEERING SDN. BHD.,,,,,,,,,
MURNI LAPISAN SDN. BHD.,,,,,,,,,
MURNI SETIA BINA SDN. BHD.,,,,,,,,,
MUTANIC TECHNOLOGY SDN. BHD.,,,,,,,,,
MUTIARA SINERGI SDN. BHD.,,,,,,,,,
MXC ELEVATOR SDN. BHD.,,,,,,,,,
MY CLEANUP AT STUFFS (M) SDN. BHD.,,,,,,,,,
MYANGKASA BINA SDN. BHD.,,,,,,,,,
MYARCH SDN. BHD.,,,,,,,,,
MYEARTH CONSTRUCTION SDN. BHD.,,,,,,,,,
MYHOMEPALM INTEGRATED SDN. BHD.,,,,,,,,,
MYNIX CONSTRUCTION SDN. BHD.,,,,,,,,,
MYS ENGINEERING SDN. BHD.,,,,,,,,,
N.A.Z. MEDICAL SUPPLIES SDN. BHD.,,,,,,,,,
N9 INFRA SDN. BHD.,,,,,,,,,
NADA MAHIR SDN. BHD.,,,,,,,,,
NADI CERGAS SDN. BHD.,,,,,,,,,
NARIZ NIAGA SDN. BHD.,,,,,,,,,
NASAR DEVELOPMENT GROUP HOLDING SDN. BHD.,,,,,,,,,
NATION ALPINE SDN. BHD.,,,,,,,,,
NAUTICA INFINITY SDN. BHD.,,,,,,,,,
NAZ ASIA TECH SDN. BHD.,,,,,,,,,
NAZA ENGINEERING & CONSTRUCTION SDN. BHD.,,,,,,,,,
NAZCO ENGINEERING AND CONSTRUCTION SDN. BHD.,,,,,,,,,
NEHEMIAH PRESTRESS SDN. BHD.,,,,,,,,,
NEHEMIAH REINFORCED SOIL SDN. BHD.,,,,,,,,,
NEKAJATI SDN. BHD.,,,,,,,,,
NERA (MALAYSIA) SDN. BHD.,,,,,,,,,
NERACA ERA SDN. BHD.,,,,,,,,,
NET ACCESS SOLUTION & ENGINEERING SDN. BHD.,,,,,,,,,
NEUROPOWER (M) SDN. BHD.,,,,,,,,,
NEX ENERGIS SDN. BHD.,,,,,,,,,
NEXUSCORPGROUP SDN. BHD.,,,,,,,,,
NGEAM ENGINEERING WORKS SDN. BHD.,,,,,,,,,
NIPPON SERIMAJU SDN. BHD.,,,,,,,,,
NMDS ENGINEERING SERVICES SDN. BHD.,,,,,,,,,
N-NIAGA SDN. BHD.,,,,,,,,,
NOISESORB (M) SDN. BHD.,,,,,,,,,
NORTHSTAR BUILDERS SDN. BHD.,,,,,,,,,
NORWEST ENGINEERING SDN. BHD.,,,,,,,,,
NORWEST HOLDINGS SDN BHD.,,,,,,,,,
NRM TECHNOLOGY SDN. BHD.,,,,,,,,,
NS BEYOND ENGINEERING SDN. BHD.,,,,,,,,,
NSI INTEGRATIONS SDN. BHD.,,,,,,,,,
NUDEAL SYSTEMS CORPORATION SDN. BHD.,,,,,,,,,
NUSA PRESTIJ SDN. BHD.,,,,,,,,,
OCK DATAWAVE SDN. BHD.,,,,,,,,,
OCK SETIA ENGINEERING SDN. BHD.,,,,,,,,,
OCK TELCO INFRA SDN. BHD.,,,,,,,,,
OCNED WATER TECHNOLOGY SDN. BHD.,,,,,,,,,
OGA TECH (M) SDN. BHD.,,,,,,,,,
OMH ELECTRICAL WORKS SDN. BHD.,,,,,,,,,
OMMER HOLDINGS SDN. BHD.,,,,,,,,,
ORANGEBEAM CONSTRUCTION SDN. BHD.,,,,,,,,,
ORIENTECH ENGINEERING SDN. BHD.,,,,,,,,,
OTIS ELEVATOR COMPANY (M) SDN. BHD.,,,,,,,,,
OXBIT CONSTRUCTION SDN. BHD.,,,,,,,,,
OXFORD ALLIANCE SDN. BHD,,,,,,,,,
PACIFIC ADVANCE COMPOSITES SDN. BHD.,,,,,,,,,
PADANG RENGAS CONSTRUCTION SDN. BHD.,,,,,,,,,
PALMA WIBAWA SDN. BHD.,,,,,,,,,
PAN KINETICS SDN. BHD.,,,,,,,,,
PANAMA HEIGHTS SDN. BHD.,,,,,,,,,
PANASONIC MALAYSIA SDN. BHD.,,,,,,,,,
PANJI ALAM SDN. BHD.,,,,,,,,,
PARADISE STAR SOLUTIONS SDN. BHD.,,,,,,,,,
PARAMOUNT PROPERTY CONSTRUCTION SDN. BHD.,,,,,,,,,
PARKTECH SOLUTIONS SDN. BHD.,,,,,,,,,
PATHFINDER M & E SDN BHD,,,,,,,,,
PATHGREEN ENERGY SDN. BHD.,,,,,,,,,
PB PILING SDN. BHD.,,,,,,,,,
PCH STEEL ENGINEERING & CONSTRUCTION SDN. BHD.,,,,,,,,,
PCOM TECHNOLOGIES SDN. BHD.,,,,,,,,,
PDT CONSTRUCTION SDN. BHD.,,,,,,,,,
PEACE GARDEN & HOBBYEST CENTRE SDN. BHD.,,,,,,,,,
PECB PROPERTIES BERHAD,,,,,,,,,
PECK CHEW (M) SDN. BHD.,,,,,,,,,
PELANGI PROGRESIF SDN. BHD.,,,,,,,,,
PEMBINAAN BINA BUMI SDN. BHD.,,,,,,,,,
PEMBINAAN BUKIT CHEEDING SDN. BHD.,,,,,,,,,
PEMBINAAN CEKAP PRESTASI SDN. BHD.,,,,,,,,,
PEMBINAAN DAYA TEGUH SDN BHD,,,,,,,,,
PEMBINAAN ERA DINAMIK SDN. BHD.,,,,,,,,,
PEMBINAAN JARI JAYA SDN. BHD.,,,,,,,,,
PEMBINAAN JDK SDN. BHD.,,,,,,,,,
PEMBINAAN JUAMIN SDN. BHD.,,,,,,,,,
PEMBINAAN JUTA MASTER SDN. BHD.,,,,,,,,,
PEMBINAAN KA DINAMIK SDN. BHD.,,,,,,,,,
PEMBINAAN MENTALOON SDN. BHD.,,,,,,,,,
PEMBINAAN MEWAH KOTA SDN. BHD.,,,,,,,,,
PEMBINAAN MITRAJAYA SDN. BHD.,,,,,,,,,
PEMBINAAN PINTAR RAYA SDN. BHD.,,,,,,,,,
PEMBINAAN RANCAK JAYA SDN. BHD.,,,,,,,,,
PEMBINAAN SASWARA SDN. BHD.,,,,,,,,,
PEMBINAAN SETIA IMPIAN (M) SDN. BHD.,,,,,,,,,
PEMBINAAN TAJRI SDN BHD,,,,,,,,,
PEMBINAAN TARAF BERSATU SDN. BHD.,,,,,,,,,
PEMBINAAN TEGAP TUNAS SDN. BHD.,,,,,,,,,
PEMBINAAN TEGUH MAJU SDN. BHD.,,,,,,,,,
PEMBINAAN TERASMAJU SDN. BHD.,,,,,,,,,
PEMBINAAN THIN CHAI SDN. BHD.,,,,,,,,,
PEMBINAAN YUEN SENG SDN. BHD.,,,,,,,,,
PENDING MAKMUR SDN. BHD.,,,,,,,,,
PERCON CONSTRUCTION SDN. BHD.,,,,,,,,,
PERMAI CONSTRUCTION SDN. BHD.,,,,,,,,,
PERMAI PRESTIJ SDN. BHD.,,,,,,,,,
PERMAJU MUDAJAYA SDN. BHD.,,,,,,,,,
PERNIAGAAN BINAJAYA CORPORATION SDN. BHD.,,,,,,,,,
PERSADA MBE SDN. BHD.,,,,,,,,,
PESONA METRO SDN. BHD.,,,,,,,,,
PESTECH TECHNOLOGY SDN. BHD.,,,,,,,,,
PETEKMA NIAGA SDN. BHD.,,,,,,,,,
PETROCHEMICAL & POWER PLANT SERVICES SDN. BHD.,,,,,,,,,
PHB FACILITY MANAGEMENT BERHAD,,,,,,,,,
PI BRILLIANT BERHAD,,,,,,,,,
PINTARAS (EAST MALAYSIA) SDN. BHD.,,,,,,,,,
PINTARAS GEOTECHNICS SDN. BHD.,,,,,,,,,
PINTARAS MEGAH SDN. BHD.,,,,,,,,,
PINTAS UTAMA SDN. BHD.,,,,,,,,,
PINTEREST VENTURES SDN. BHD.,,,,,,,,,
PIONEER BUILDTECH SDN. BHD.,,,,,,,,,
PIONEER CENTRIFUGE SDN. BHD.,,,,,,,,,
PKNS FM INTEGRATED SDN. BHD.,,,,,,,,,
PLATINUM RAILWAY ENGINEERING SERVICES SDN. BHD.,,,,,,,,,
PLAZAPLUS SDN. BHD.,,,,,,,,,
PLP ELECTRICAL ENGINEERING SDN. BHD.,,,,,,,,,
PMB FACADE TECHNOLOGY SDN. BHD.,,,,,,,,,
PMI-TECHNOLOGY SDN. BHD.,,,,,,,,,
PORTNEKA SDN. BHD.,,,,,,,,,
POTENSI MESTIKA CONSTRUCTION SDN. BHD.,,,,,,,,,
POTENSI TERUS INDUSTRIES SDN. BHD.,,,,,,,,,
POWERTECS SYSTEM SDN BHD,,,,,,,,,
POWERWARE SYSTEMS SDN. BHD.,,,,,,,,,
PREBORE PILING & ENGINEERING SDN. BHD.,,,,,,,,,
PRECISION CONTROL SDN. BHD.,,,,,,,,,
PRECISION M&E ENGINEERING SDN. BHD.,,,,,,,,,
PREMIER WATER SERVICES SDN. BHD.,,,,,,,,,
PREMIUMTEL SDN. BHD.,,,,,,,,,
PRESERVER ENGINEERING SDN. BHD.,,,,,,,,,
PRIMAGE ENGINEERING SDN. BHD.,,,,,,,,,
PRIORITY HORIZON SDN. BHD.,,,,,,,,,
PRISMA CRAFT SDN. BHD.,,,,,,,,,
PRISMAJU CONSTRUCTION SDN. BHD.,,,,,,,,,
PRIVASAT SDN. BHD.,,,,,,,,,
PRIVILEGE SAGA SDN. BHD.,,,,,,,,,
PRO CAHAYA INDUSTRIES SDN. BHD.,,,,,,,,,
PRO PRIMEDGE SDN. BHD.,,,,,,,,,
PRO TEC CONSOLIDATED SDN. BHD.,,,,,,,,,
PROGAMATIC DESIGN SDN. BHD.,,,,,,,,,
PROGRESS CENTRE ENGINEERING SDN. BHD.,,,,,,,,,
PROGRESSIVE IMPACT TECHNOLOGY SDN. BHD.,,,,,,,,,
PROGRESSIVE PRECAST SDN. BHD.,,,,,,,,,
PROJEK BINAJAYA SDN. BHD.,,,,,,,,,
PROPADU ENGINEERING SDN. BHD.,,,,,,,,,
PROSIGNIS METAL ENGINEERING SDN. BHD.,,,,,,,,,
PRUDENTIAL ENGINEERING SDN. BHD.,,,,,,,,,
PS CONSTRUCTION SDN. BHD.,,,,,,,,,
PSL CONCRETE SDN. BHD.,,,,,,,,,
PTG BUILDER SERVICES SDN. BHD.,,,,,,,,,
PTL TECHNOLOGY SDN. BHD.,,,,,,,,,
PUNCAK GENTING SDN. BHD.,,,,,,,,,
PUNCAK NIAGA CONSTRUCTION SDN. BHD.,,,,,,,,,
PUNCAK NIAGA HOLDINGS BERHAD,,,,,,,,,
PUNCAKON SDN. BHD.,,,,,,,,,
PXB ENGINEERING SDN. BHD.,,,,,,,,,
QR BINA UTAMA SDN. BHD.,,,,,,,,,
QUDOTECH SDN. BHD.,,,,,,,,,
QUILL CONSTRUCTION SDN. BHD.,,,,,,,,,
QUILL SOLAR SDN. BHD.,,,,,,,,,
R & R ENGINEERING SUPPLY SDN. BHD.,,,,,,,,,
RADICAL CONTROL SDN. BHD.,,,,,,,,,
RADICAL SYNERGY SDN. BHD.,,,,,,,,,
RADIO FREQUENCY SERVICES (M) SDN. BHD.,,,,,,,,,
RAF TECHNOLOGIES SDN. BHD.,,,,,,,,,
RAKAN SEPAKAT E&C SDN. BHD.,,,,,,,,,
RAMSTAR (M) SDN. BHD.,,,,,,,,,
RANGER NETWORK SDN. BHD.,,,,,,,,,
RASMA CORPORATION SDN.BHD.,,,,,,,,,
RATA (MALAYSIA) SDN. BHD.,,,,,,,,,
RAUB ENERGY VENTURES (RE) SDN. BHD.,,,,,,,,,
RAY GO SOLAR EPC SDN. BHD.,,,,,,,,,
RAYDEN RIZQI HOLDINGS SDN. BHD.,,,,,,,,,
RC ASIA ENGINEERING SDN. BHD.,,,,,,,,,
RCSB INFRA & BUILDER SDN. BHD.,,,,,,,,,
RDS MARKETING MALAYSIA SDN. BHD.,,,,,,,,,
REALIS SDN.BHD.,,,,,,,,,
REDBRICKS CONSTRUCTION (M) SDN. BHD.,,,,,,,,,
REDTONE ENGINEERING & NETWORK SERVICES SDN. BHD.,,,,,,,,,
REKABINA CONSTRUCTION SDN. BHD.,,,,,,,,,
REKAVISTA SDN. BHD.,,,,,,,,,
RELIANCE ENGINEERING SOLUTIONS SDN. BHD.,,,,,,,,,
RELTECH VENTURES SDN. BHD.,,,,,,,,,
RELTENCY ENGINEERING SERVICES SDN. BHD.,,,,,,,,,
REMBA ASPIRASI SDN. BHD.,,,,,,,,,
RENOGREEN INTERIOR SDN. BHD.,,,,,,,,,
REPAIR AND DEMOLITION TECHNOLOGY SDN. BHD.,,,,,,,,,
RESTU INDAH SDN.BHD.,,,,,,,,,
REVOLUCION TECHNOLOGY SDN. BHD.,,,,,,,,,
RHEA CORPORATION SDN. BHD.,,,,,,,,,
RIDAA ASSOCIATES SDN. BHD.,,,,,,,,,
RIGHT POWER TECHNOLOGY SDN. BHD.,,,,,,,,,
RIGID DEVELOPMENT GROUP SDN. BHD.,,,,,,,,,
RIMARISAN SDN. BHD.,,,,,,,,,
RIMBUNAN BUMI BINA SDN. BHD.,,,,,,,,,
RIMBUNAN KUASA SDN. BHD.,,,,,,,,,
RISING STAR INDUSTRY SDN. BHD.,,,,,,,,,
RITES SDN. BHD.,,,,,,,,,
RIZQ ALTAJARIA SDN. BHD.,,,,,,,,,
RK LIFT & ESCALATOR SDN. BHD.,,,,,,,,,
RKR BINA SDN. BHD.,,,,,,,,,
RNC INTEGRAL CONCRETE TECHNOLOGY (M) SDN. BHD.,,,,,,,,,
RNP ENGINEERING & CONSTRUCTION SDN. BHD.,,,,,,,,,
ROAD BUILDER (M) SDN.BHD.,,,,,,,,,
ROAD CHANNEL CONSTRUCTION SDN. BHD.,,,,,,,,,
ROCK BASE CONSTRUCTION SDN. BHD.,,,,,,,,,
ROCK WORLD VENTURES SDN. BHD.,,,,,,,,,
ROOFTOP ENERGY TECH SDN. BHD.,,,,,,,,,
ROSADO TRADELINE SDN. BHD.,,,,,,,,,
ROTARY MEC (M) SDN. BHD.,,,,,,,,,
ROTOL-AMS-BUMI TECHNOLOGIES (M) SDN. BHD.,,,,,,,,,
RPL BINA SDN. BHD.,,,,,,,,,
RSK GLOBAL VISIONS (M) SDN. BHD.,,,,,,,,,
RUIDE CHANG SDN. BHD.,,,,,,,,,
S & V TEKNIK SDN. BHD.,,,,,,,,,
S.K. ENGINEERING WORKS SDN. BHD.,,,,,,,,,
SA ALUMINIUM & GLASS SDN. BHD.,,,,,,,,,
SA METALWORKS SDN. BHD.,,,,,,,,,
SA SEASTAR SDN. BHD.,,,,,,,,,
SADHANA DEMOLITION & ENGINEERING SDN. BHD.,,,,,,,,,
SADHANA SALVAGE & TRADING,,,,,,,,,
SAFEMAC ENGINEERING (M) SDN. BHD.,,,,,,,,,
SAFETY POWER SDN. BHD.,,,,,,,,,
SAIDINA VENTURES SDN. BHD.,,,,,,,,,
SALCON ENGINEERING BERHAD,,,,,,,,,
SAMUDRA COMMUNICATION SDN. BHD.,,,,,,,,,
SANDAR DEVELOPMENT SDN. BHD.,,,,,,,,,
SANKYU (MALAYSIA) SDN. BHD.,,,,,,,,,
SARNATEC SDN. BHD.,,,,,,,,,
SASARAN TEGUH GLOBAL (M) SDN. BHD.,,,,,,,,,
SATRIA ACES SYNERGY (M) SDN. BHD.,,,,,,,,,
SATUJAYA SDN. BHD.,,,,,,,,,
SATUNAS TECHNOLOGIES SDN. BHD.,,,,,,,,,
SAUDAGAR KENTAL SDN. BHD.,,,,,,,,,
SEA TELCO ENGINEERING SERVICES SDN. BHD.,,,,,,,,,
SEADALE MALAYSIA SDN. BHD.,,,,,,,,,
SEALFORM MARKETING SDN. BHD.,,,,,,,,,
SEALFORM SOLUTIONS SDN. BHD.,,,,,,,,,
SEAWAY SYNERGY SDN. BHD.,,,,,,,,,
SECM SDN. BHD.,,,,,,,,,
SEDIA ENGINEERING WORKS SDN. BHD.,,,,,,,,,
SEEDRI ENGINEERING SDN. BHD.,,,,,,,,,
SEGATRANS SDN. BHD.,,,,,,,,,
SEKATA-NET SDN. BHD.,,,,,,,,,
SELANGOR INDUSTRIAL CORPORATION SDN. BHD.,,,,,,,,,
SELESA TECHNOLOGY SDN. BHD.,,,,,,,,,
SEMARAK MNE SDN. BHD.,,,,,,,,,
SENTRIX TECHNOLOGY SDN. BHD.,,,,,,,,,
SEPADU MASSA PRIMA SDN. BHD.,,,,,,,,,
SERANGKAI INDAH SDN. BHD.,,,,,,,,,
SETIA AIR-COND AND ELECTRICAL SDN. BHD.,,,,,,,,,
SETIA PRECAST SDN. BHD.,,,,,,,,,
SGSS ENGINEERING (M) SDN. BHD.,,,,,,,,,
SHH CONSTRUCTION SDN. BHD.,,,,,,,,,
SHIM HAN BOK SDN. BHD.,,,,,,,,,
SIGNATURE NOTE (M) SDN. BHD.,,,,,,,,,
SIGNVEST SDN. BHD.,,,,,,,,,
SILVER PRELUDE SDN. BHD.,,,,,,,,,
SIME DARBY ENERGY SOLUTIONS SDN. BHD.,,,,,,,,,
SIME DARBY PROPERTY SELATAN SDN. BHD.,,,,,,,,,
SIMPLEX PROJECTS SDN. BHD.,,,,,,,,,
SIN LEAN HENG CONSTRUCTION SDN. BHD.,,,,,,,,,
SINAR HIJRAH RESOURCES SDN. BHD.,,,,,,,,,
SINAR JERNIH SDN. BHD.,,,,,,,,,
SINAR TEKNIK URUS HARTA SDN. BHD.,,,,,,,,,
SINAR TENAGA ENGINEERING SDN. BHD.,,,,,,,,,
SINARAN AKTIFBINA SDN. BHD.,,,,,,,,,
SINWIRA SDN. BHD.,,,,,,,,,
SIS INTEGRATED SDN. BHD.,,,,,,,,,
SITEWORKS BUILDERS SDN. BHD.,,,,,,,,,
SK REKA BINA SDN. BHD.,,,,,,,,,
SKA REKABINA SDN. BHD.,,,,,,,,,
SKB SHUTTERS MANUFACTURING SDN. BHD.,,,,,,,,,
SKE ALLIANCE SDN. BHD.,,,,,,,,,
SKYLINE TECHNOLOGY (M) SDN. BHD.,,,,,,,,,
SKYSCAPE INDUSTRIES SDN. BHD.,,,,,,,,,
SLIDERDROBE SDN. BHD.,,,,,,,,,
SMART RELIANCE SDN. BHD.,,,,,,,,,
SMARTSEL SDN. BHD.,,,,,,,,,
SMR CONSTRUCTION (M) SDN. BHD.,,,,,,,,,
SMR SELENGGARA (PAHANG) SDN. BHD.,,,,,,,,,
SNN CONSTRUCTION SDN. BHD.,,,,,,,,,
SOCOMY SDN. BHD.,,,,,,,,,
SOL POWER ENGINEERING SDN. BHD.,,,,,,,,,
SOLAR ALERT SDN. BHD.,,,,,,,,,
SOLARA SYSTEMS (M) SDN. BHD.,,,,,,,,,
SOLARE TRUSS SDN. BHD.,,,,,,,,,
SOLIDIUM SDN. BHD.,,,,,,,,,
SOTHISCON SDN. BHD.,,,,,,,,,
SOTIRAS DESIGN & CONSTRUCTION SDN. BHD.,,,,,,,,,
SOUTH PACIFIC COMMUNICATIONS RESOURCES SDN. BHD.,,,,,,,,,
SOUTHERN PREMIX SDN. BHD.,,,,,,,,,
SP ANGGERIK SDN. BHD.,,,,,,,,,
SPARCO ENGINEERING SDN. BHD.,,,,,,,,,
SPC ENGINEERING SDN. BHD.,,,,,,,,,
SPECTRUM PARADIGM SDN. BHD.,,,,,,,,,
SPEED EMPIRE SDN. BHD.,,,,,,,,,
SPEKTRA WATERTECH SDN. BHD.,,,,,,,,,
SPLENDID CONSULTANT & SERVICES SDN. BHD.,,,,,,,,,
SPN EHSAN SDN. BHD.,,,,,,,,,
SRI TAKADA INDUSTRIES (MALAYSIA) SDN. BHD.,,,,,,,,,
SRIRAYA DEVELOPMENT SDN. BHD.,,,,,,,,,
SRN ENGINEERING CONSTRUCTION SDN. BHD.,,,,,,,,,
SSG ECO SDN. BHD.,,,,,,,,,
SSL DEV SDN. BHD.,,,,,,,,,
ST BINAJAYA SDN. BHD.,,,,,,,,,
ST PROJECTS SDN. BHD.,,,,,,,,,
STAM ENGINEERING SDN. BHD.,,,,,,,,,
STANDARD FIRE ENGINEERING SDN. BHD.,,,,,,,,,
STAR KRIS SERVICES SDN. BHD.,,,,,,,,,
STEADCOM SDN. BHD.,,,,,,,,,
STEALTH SOLUTIONS SDN. BHD.,,,,,,,,,
STONE PAVILION SDN. BHD.,,,,,,,,,
STRAITS OIL TOOLS SDN. BHD.,,,,,,,,,
STRATO SOLUTIONS SDN. BHD.,,,,,,,,,
STRICON SDN. BHD.,,,,,,,,,
STRUKTUR SERUMPUN SDN. BHD.,,,,,,,,,
STUDIO TREE SDN. BHD.,,,,,,,,,
SUASA CHEM SDN. BHD.,,,,,,,,,
SUCCESS COURT ENGINEERING SDN. BHD.,,,,,,,,,
SUKIADA ENGINEERING SDN. BHD.,,,,,,,,,
SUM TECHNIC SDN. BHD.,,,,,,,,,
SUMBER BINA CONSTRUCTIONS SDN. BHD.,,,,,,,,,
SUMMIT ENERGY RESOURCES SDN. BHD.,,,,,,,,,
SUN SHINE AUTO (M) SDN. BHD.,,,,,,,,,
SUNCOM ELECTRIC ENGINEERING,,,,,,,,,
SUNRISE PROSPERITY CONSTRUCTION SDN. BHD.,,,,,,,,,
SUNRISE SHARES ENERGY SDN. BHD.,,,,,,,,,
SUNSOURCE ENERGY SDN. BHD.,,,,,,,,,
SUNWAY COMPUTER SERVICES SDN. BHD.,,,,,,,,,
SUNWAY DIGITAL WAVE SDN. BHD.,,,,,,,,,
SUNWAY ENGIE DC SDN. BHD.,,,,,,,,,
SUNWAY ENGINEERING SDN. BHD.,,,,,,,,,
SUNWAY PAVING SOLUTIONS SDN. BHD.,,,,,,,,,
SUPREME HAVEN SDN. BHD.,,,,,,,,,
SURIA SINAR SDN. BHD.,,,,,,,,,
SW PERUSAHAAN LETRIK SDN. BHD.,,,,,,,,,
SWIS RESOURCES SDN. BHD.,,,,,,,,,
SYARIKAT ISMAIL IBRAHIM SDN BHD,,,,,,,,,
SYARIKAT LETRIK CHEN GUAN SDN. BHD.,,,,,,,,,
SYARIKAT MUHIBAH PERNIAGAAN DAN PEMBINAAN SDN. BHD,,,,,,,,,
SYARIKAT ONG YOKE LIN SDN. BHD.,,,,,,,,,
SYARIKAT PERUSAHAAN MAJUBINA SDN. BHD.,,,,,,,,,
SYAUQI EXCELLENT SDN. BHD.,,,,,,,,,
SYKT. PUMPRO ENGINEERING SDN. BHD.,,,,,,,,,
SYM WORLD INNOVATION SDN. BHD.,,,,,,,,,
SYMMETRY ENGINEERING SDN. BHD.,,,,,,,,,
SYNAR SETARA RESOURCES SDN. BHD.,,,,,,,,,
SYNERGY GENERATED SDN. BHD.,,,,,,,,,
SYNERGY MECHANICA SDN. BHD.,,,,,,,,,
SYNERMECH ENGINEERING SDN. BHD.,,,,,,,,,
SYSTEM PROTECTION & MAINTENANCE SDN.BHD.,,,,,,,,,
SYSTEMS ELECTRONICS & ENGINEERING SDN. BHD.,,,,,,,,,
SYSWIN CONTROLS SDN. BHD.,,,,,,,,,
T & T PACIFIC SDN. BHD.,,,,,,,,,
TABALAN DAGANG SDN. BHD.,,,,,,,,,
TAHAP MUTU SDN. BHD.,,,,,,,,,
TAIPAN FOCUS SDN. BHD.,,,,,,,,,
TALIANMAS SDN. BERHAD,,,,,,,,,
TALL INNOVATIONS SDN. BHD.,,,,,,,,,
TALU BUILDER SDN. BHD.,,,,,,,,,
TAMAYA SYNERGY SDN. BHD.,,,,,,,,,
TAMCO SWITCHGEAR (MALAYSIA) SDN. BHD.,,,,,,,,,
TANCO BUILDERS SDN. BHD.,,,,,,,,,
TANER INDUSTRIES SDN. BHD.,,,,,,,,,
TARGET RESOURCES SDN.BHD.,,,,,,,,,
TAROFF CORPORATION SDN. BHD.,,,,,,,,,
TASJA SDN. BHD.,,,,,,,,,
TBE ENGINEERING SDN. BHD.,,,,,,,,,
TECGATES ENGINEERING (M) SDN. BHD.,,,,,,,,,
TECH INFINITY ENGINEERING SDN. BHD.,,,,,,,,,
TECHNYGROUP HOLDINGS (M) SDN. BHD.,,,,,,,,,
TEGUH BINAAN SDN. BHD.,,,,,,,,,
TEKNOMECH SDN. BHD.,,,,,,,,,
TELEDIANT ENGINEERING SDN. BHD.,,,,,,,,,
TENAGA IDEAL (M) SDN. BHD.,,,,,,,,,
TENAGA JALGAS SDN. BHD.,,,,,,,,,
TENAGA KPS SDN. BHD.,,,,,,,,,
TENAGA POLY SDN. BHD.,,,,,,,,,
TERA VA SDN. BHD.,,,,,,,,,
TERAJU CONSTRUCTION SDN. BHD.,,,,,,,,,
TERAJU FARMA SDN. BHD.,,,,,,,,,
TERAS CITY SDN. BHD.,,,,,,,,,
TERAS CONTROL SYSTEMS SDN. BHD.,,,,,,,,,
TERAS SEPADU ENGINEERING SDN. BHD.,,,,,,,,,
TERAS TEKNOLOGI SDN. BHD.,,,,,,,,,
TEROKA INTAN SDN. BHD.,,,,,,,,,
TERRA ADVANCE SDN. BHD.,,,,,,,,,
TERRA CONSTRUCTION & ENGINEERING SDN. BHD.,,,,,,,,,
TERRA STRUCTURES SDN. BHD.,,,,,,,,,
TGT FACADE SDN. BHD.,,,,,,,,,
THE LOTUS CONSTRUCTION SDN. BHD.,,,,,,,,,
THETA TELECOMS SDN. BHD.,,,,,,,,,
THURSINAR CORPORATION SDN. BHD.,,,,,,,,,
TIME ENERGY SDN. BHD.,,,,,,,,,
TITAN ENERGY SDN. BHD.,,,,,,,,,
TITAN PLASTER CEILING WORKS SDN. BHD.,,,,,,,,,
TLST SDN. BHD.,,,,,,,,,
TMS ENTHU TECHNOLOGY SDN. BHD.,,,,,,,,,
TO BINA SDN. BHD.,,,,,,,,,
TOP BRIDGE SOLUTION SDN. BHD.,,,,,,,,,
TOPOINT BUILDER SDN. BHD.,,,,,,,,,
TOTAL METERING SOLUTION SDN. BHD.,,,,,,,,,
TP POWER (M) SDN. BHD.,,,,,,,,,
TRACKWORK & SUPPLIES SDN. BHD.,,,,,,,,,
TRACTORS PETROLEUM SERVICES SDN. BHD.,,,,,,,,,
TRANS ELEVATOR (M) SDN. BHD.,,,,,,,,,
TRANSGREEN STRUCTURE SDN. BHD.,,,,,,,,,
TRANSGRID VENTURES SDN. BHD.,,,,,,,,,
TRANSLIFT SDN. BHD.,,,,,,,,,
TRANSSYSTEM CONTINENTAL SDN. BHD.,,,,,,,,,
TRANSWATER API SDN. BHD.,,,,,,,,,
TREEHOUZ ASIA SDN. BHD.,,,,,,,,,
TRIDENT INNOVATIONS SDN. BHD.,,,,,,,,,
TRIDENT QUANTUM SDN. BHD.,,,,,,,,,
TRIGGER POWER SDN. BHD.,,,,,,,,,
TRIMAX ENGINEERING SDN. BHD.,,,,,,,,,
TRISYSTEMS POWER SDN. BHD.,,,,,,,,,
TROPICAL PROFILE (M) SDN. BHD.,,,,,,,,,
TROPICANA INNOVATIVE LANDSCAPE SDN. BHD.,,,,,,,,,
TSA INDUSTRIES SDN. BHD.,,,,,,,,,
TSR BINA SDN. BHD.,,,,,,,,,
TT DOTCOM SDN. BHD.,,,,,,,,,
TTK ENTERPRISE SDN. BHD.,,,,,,,,,
TUAH TEGAS SDN. BHD.,,,,,,,,,
TULANE SDN. BHD.,,,,,,,,,
TUMPUAN BINA SDN. BHD.,,,,,,,,,
TURBINE TECHNIQUE (M) SDN. BHD.,,,,,,,,,
TWH CONSTRUCTION & TRADING SDN. BHD.,,,,,,,,,
TWINITY ENTERPRISE SDN. BHD.,,,,,,,,,
U SUN HOLDING SDN. BHD.,,,,,,,,,
UAC BHD.,,,,,,,,,
UAT AIR-CONDITIONING SDN. BHD.,,,,,,,,,
UHC LIFESTYLE SDN. BHD.,,,,,,,,,
UITM ENERGY & FACILITIES SDN. BHD.,,,,,,,,,
UJI TEGUH R SDN. BHD.,,,,,,,,,
UJM CORPORATION SDN. BHD.,,,,,,,,,
UNGGUL BINA DEVELOPMENT (M) SDN. BHD.,,,,,,,,,
UNIJAYA HOLDINGS SDN. BHD.,,,,,,,,,
UNIMECH ENERGY SDN. BHD.,,,,,,,,,
UNIONET TECHNOLOGIES SDN. BHD.,,,,,,,,,
UNIQUE ARENA SDN. BHD.,,,,,,,,,
UNIQUE CENTRAL SDN. BHD.,,,,,,,,,
UNITED STRAITS M & E SDN. BHD.,,,,,,,,,
UNITED WATER TECHNOLOGY SDN. BHD.,,,,,,,,,
URBANCUBES SDN. BHD.,,,,,,,,,
USAHA ANGGUN SDN. BHD.,,,,,,,,,
USAHA MZ SDN. BHD.,,,,,,,,,
USAHA PERKASA DAGANGAN SDN. BHD.,,,,,,,,,
USAHA PERKASA ENGINEERING SDN. BHD.,,,,,,,,,
UTUSAN SENI SDN. BHD.,,,,,,,,,
UTUSAN TEGUH SDN. BHD.,,,,,,,,,
V COMMUNICATIONS SDN. BHD.,,,,,,,,,
VANTAGE OFFSHORE SOLUTIONS SDN. BHD.,,,,,,,,,
VANTAGE STEEL WORKS SDN. BHD.,,,,,,,,,
VASTIQ SOLUTIONS SDN. BHD.,,,,,,,,,
VC BUILDING SDN. BHD.,,,,,,,,,
VCOMM RESOURCES SDN. BHD.,,,,,,,,,
VENTECHNOLOGIST SDN. BHD.,,,,,,,,,
VENTRADE MALAYSIA SDN. BHD.,,,,,,,,,
VERTEX SOLTICE SDN. BHD.,,,,,,,,,
VESTHEIGHTS (M) SDN. BHD.,,,,,,,,,
VETGA (M) SDN. BHD.,,,,,,,,,
VICTORY BUILDERS SDN. BHD.,,,,,,,,,
VIRTUALS SPACE SDN. BHD.,,,,,,,,,
VISION ONE SDN. BHD.,,,,,,,,,
VISION TEAM GEO SDN. BHD.,,,,,,,,,
VISTAJAYA CONSTRUCTION SDN. BHD.,,,,,,,,,
VIVA MILESTONE SDN. BHD.,,,,,,,,,
VODEX TECHNICAL SERVICES SDN. BHD.,,,,,,,,,
VOLTEDGE SDN. BHD.,,,,,,,,,
W FACADE SDN. BHD.,,,,,,,,,
W INTERIOR STUDIOS SDN. BHD.,,,,,,,,,
WAH FUNG CONSTRUCTION SDN. BHD.,,,,,,,,,
WAI YAP CONSTRUCTION SDN. BHD.,,,,,,,,,
WAI-K ENGINEERING SDN. BHD.,,,,,,,,,
WANGSA ULTIMA SDN. BHD.,,,,,,,,,
WARISAN JUARA PADU SDN. BHD.,,,,,,,,,
WASILAH ENGINEERING SDN. BHD.,,,,,,,,,
WASSER DYNAMIC SDN. BHD.,,,,,,,,,
WATAN SUTERA SDN. BHD.,,,,,,,,,
WATER SPECTRUM SDN. BHD.,,,,,,,,,
WAWASAN CONSTRUCTION (M) SDN. BHD.,,,,,,,,,
WCT BERHAD,,,,,,,,,
WCT CONSTRUCTION SDN. BHD.,,,,,,,,,
WCT GREEN SDN. BHD.,,,,,,,,,
WEB BROTHERS CONTRACTS SDN. BHD.,,,,,,,,,
WEBCON SDN. BHD.,,,,,,,,,
WELVA SDN. BHD.,,,,,,,,,
WESCOIL ALLIANCE SDN. BHD.,,,,,,,,,
WESTCO LAND SDN. BHD.,,,,,,,,,
WESTPAC ENGINEERING SDN. BHD.,,,,,,,,,
WHALE BUILDERS SDN. BHD.,,,,,,,,,
WINTECH ENGINEERING (M) SDN. BHD.,,,,,,,,,
WISHTEAM CORPORATION SDN. BHD.,,,,,,,,,
WL SETIA JATI SDN. BHD.,,,,,,,,,
WOOD PRESS STUDIO SDN. BHD.,,,,,,,,,
WORLDWIDE POWER SOLUTIONS SDN. BHD.,,,,,,,,,
WS POWERGRID SDN. BHD.,,,,,,,,,
WSG BUILD VENTURES SDN. BHD.,,,,,,,,,
WZR PROPERTY SDN. BHD.,,,,,,,,,
XCENTURE SDN. BHD.,,,,,,,,,
YENG YING SDN. BHD.,,,,,,,,,
YHY RESOURCES SDN. BHD.,,,,,,,,,
YL SYSTEMS SDN. BHD.,,,,,,,,,
YMA BINA SDN. BHD.,,,,,,,,,
YUAN THOONG SDN. BHD.,,,,,,,,,
YUNISMA ENGINEERING SDN. BHD.,,,,,,,,,
YUTA MAJU SDN. BHD.,,,,,,,,,
Z SATU SDN. BHD.,,,,,,,,,
ZAMBINA MUTIARA SDN. BHD.,,,,,,,,,
ZEKSHA M & E ENGINEERING SDN. BHD.,,,,,,,,,
ZEN AIRE SALES & SERVICES SDN. BHD.,,,,,,,,,
ZENSE RESOURCES SDN. BHD.,,,,,,,,,
ZEN-WORKS ENGINEERING SDN. BHD.,,,,,,,,,
ZEUS DEVELOPMENT (WP) SDN. BHD.,,,,,,,,,
ZHONG KAI RENEWABLE RESOURCES SDN. BHD.,,,,,,,,,
ZINPAC ENTERPRISE SDN. BHD.,,,,,,,,,
ZOFAR MECHANICAL & ELECTRICAL ENGINEERING SDN. BHD.,,,,,,,,,
ZPEED SOLUTIONS SDN. BHD.,,,,,,,,,
ZSC CONSTRUCTION (MALAYSIA) SDN. BHD.,,,,,,,,,
ZUBA RESOURCES SDN. BHD.,,,,,,,,,
ZULFAN (M) SDN. BHD.,,,,,,,,,
ACOTHERM BUILDING MATERIAL SDN. BHD.,,,,,,,,,
ALAM SEKITAR MALAYSIA SDN. BHD.,,,,,,,,,
EFS REVISION ENERGY SDN. BHD.,,,,,,,,,
ELLIPSE INTERNATIONAL SDN. BHD.,,,,,,,,,
ERA-BIZ CORPORATION SDN. BHD.,,,,,,,,,
FLUX POWER ENGINEERING SDN. BHD.,,,,,,,,,
GAMUDA BERHAD,,,,,,,,,
IBRA CONSTRUCTION SDN. BHD.,,,,,,,,,
JUTA TARAF CONCRETE PRODUCTS SDN. BHD.,,,,,,,,,
LANDASAN CAHAYA SDN. BHD.,,,,,,,,,
MERKON CONSTRUCTION SDN. BHD.,,,,,,,,,
NOBLECOM TECHNOLOGY SDN. BHD.,,,,,,,,,
SATAR EMPIRE SDN. BHD.,,,,,,,,,
SYARIKAT SIAH BROTHERS TRADING SDN. BHD.,,,,,,,,,
ADNEX INTERIOR SOLUTION SDN. BHD.,,,,,,,,,
AKRAB SERASI SDN. BHD.,,,,,,,,,
ASIAMALAYSIA INFRASTRUCTURE SDN. BHD.,,,,,,,,,
CAKRA MAKOTA SDN. BHD.,,,,,,,,,
CENTRIX ENGINEERING (M) SDN. BHD.,,,,,,,,,
CHONG LEK ENGINEERING WORKS SDN. BHD.,,,,,,,,,
DOM INDUSTRIES (M) SDN. BHD.,,,,,,,,,
EMPIRE RHEA (M) SDN. BHD.,,,,,,,,,
ETA WORLD SDN. BHD.,,,,,,,,,
ETERNAL ENGINEERING SDN.BHD.,,,,,,,,,
GLOBAL MATTER SDN. BHD.,,,,,,,,,
GT-MAX CONSTRUCTION SDN. BHD.,,,,,,,,,
HAAZ (M) SDN. BHD.,,,,,,,,,
HEZZY GLOBAL SDN. BHD.,,,,,,,,,
INTIM RENO SDN. BHD.,,,,,,,,,
JT GREEN TECH SDN. BHD.,,,,,,,,,
KENCANA MEGAJAYA SDN. BHD.,,,,,,,,,
LEADCOM (M) SDN. BHD.,,,,,,,,,
MAGICELL SDN. BHD.,,,,,,,,,
MARDEFCON HOLDINGS SDN. BHD.,,,,,,,,,
MASTERPAVE SDN. BHD.,,,,,,,,,
OHP ENGINEERING SDN. BHD.,,,,,,,,,
PEMBINAAN DE LAPAN SDN. BHD.,,,,,,,,,
POTENTIAL SYSTEMS SDN. BHD.,,,,,,,,,
PS PERUVISION SDN. BHD.,,,,,,,,,
PW ECO BIOTECH SDN. BHD.,,,,,,,,,
SALIRAN MESRA ALAM SDN. BHD.,,,,,,,,,
SANSICO INDUSTRIES SDN. BHD.,,,,,,,,,
SANTUN TEGAS SDN. BHD.,,,,,,,,,
SANUSKA DS SDN. BHD.,,,,,,,,,
SCIENTEX CONTRACT SDN. BHD.,,,,,,,,,
SISTEM BIDARA SDN. BHD.,,,,,,,,,
SPECOM ENGINEERING SDN. BHD.,,,,,,,,,
SPN SETIA SDN. BHD.,,,,,,,,,
TENAGA CEKAP MANAGEMENT SDN. BHD.,,,,,,,,,
TEST SDN.BHD.,,,,,,,,,
VLEE RENOVATION & CONSTRUCTION SDN. BHD.,,,,,,,,,
WASCO THERMAL SDN. BHD.,,,,,,,,,
KIN CUAN SEN CONSTRUCTION SDN. BHD.,,,,,,,,,
LEE JAK HIN,,,,,,,,,
BUMIA SDN. BHD.,,,,,,,,,
NORTH SEA CONSTRUCTION SDN BHD,,,,,,,,,
ROSBEN HOLDINGS SDN. BHD.,,,,,,,,,
SARAS BUMI SDN. BHD.,,,,,,,,,
SIA KIE SEE CONSTRUCTION,,,,,,,,,
SIM HO EMPIRE SDN. BHD.,,,,,,,,,
TENAGA BAKONG SDN. BHD.,,,,,,,,,
THAI HUA CONSTRUCTION SDN. BHD.,,,,,,,,,
AQEM DB SDN. BHD.,,,,,,,,,
AUCONPRO ENGINEERING SDN. BHD.,,,,,,,,,
BETAPAC SDN. BHD.,,,,,,,,,
EITA POWER SYSTEM SDN. BHD.,,,,,,,,,
EXYPNOS ENGINEERING SDN. BHD.,,,,,,,,,
HEXA INDUSTRY,,,,,,,,,
INTA BINA SDN. BHD.,,,,,,,,,
JV - BINASISTEM SDN. BHD.,,,,,,,,,
LUMINOUS GREEN ENERGY SDN. BHD.,,,,,,,,,
RESPONSIVE HUB SDN. BHD.,,,,,,,,,
SANYOG BUILDER SDN. BHD.,,,,,,,,,
SUNWAY CONSTRUCTION SDN. BHD.,,,,,,,,,
SUNWAY QUARRY INDUSTRIES SDN. BHD.,,,,,,,,,
TIMBORA SDN. BHD.,,,,,,,,,
TIMELESS ENERGY SDN. BHD.,,,,,,,,,
AMBIENT CONCEPT SDN. BHD.,,,,,,,,,
SFR DESIGN SDN. BHD.,,,,,,,,,
A.K.K. ENGINEERING SDN. BHD.,,,,,,,,,
ACOLITE HOLDING SDN. BHD.,,,,,,,,,
ACTUAL BUILDER SDN. BHD.,,,,,,,,,
ADIL PERMATA SDN. BHD.,,,,,,,,,
ADVANTAGE MARINE SERVICES (MALAYSIA) SDN. BHD.,,,,,,,,,
AFAR VENTURE SDN. BHD.,,,,,,,,,
AFIRST CONSTRUCTION SDN. BHD.,,,,,,,,,
AGENSI PEKERJAAN AL SHAHADAT SDN. BHD.,,,,,,,,,
AHTI SDN. BHD.,,,,,,,,,
AIK SENG GLASS & ALUMINIUM SDN. BHD.,,,,,,,,,
AIK THAI CONSTRUCTION WORKS SDN. BHD.,,,,,,,,,
AIM SETIA HOLDINGS SDN. BHD.,,,,,,,,,
AKA TEBRAU SDN. BHD.,,,,,,,,,
AL QANAAH RESOURCES SDN. BHD.,,,,,,,,,
ALIRAN ZAMANI SDN. BHD.,,,,,,,,,
ALL ABOUT AGE SDN. BHD.,,,,,,,,,
ALLIANCE JX CONSTRUCTION SDN. BHD.,,,,,,,,,
ALN DYNAMIC SDN. BHD.,,,,,,,,,
ALWAYS AHEAD ENGINEERING SDN. BHD.,,,,,,,,,
ANJUNG PERKASA SDN. BHD.,,,,,,,,,
ANKAY ENGINEERING & SERVICES (M) SDN. BHD.,,,,,,,,,
AOB CONSTRUCTION SDN. BHD.,,,,,,,,,
APRICORN MAJU ENGINEERING (M) SDN. BHD.,,,,,,,,,
ARCBRIDGE ENERGY SDN. BHD.,,,,,,,,,
ARIFA OVERSEAS SDN. BHD.,,,,,,,,,
ASIA MARINE ELECTRICAL ENGINEERING SDN. BHD.,,,,,,,,,
ASTINAS CONSTRUCTION & DEVELOPMENT SDN. BHD.,,,,,,,,,
ATLANTIS C & E SDN BHD,,,,,,,,,
AXTERIA CONSTRUCTION SDN. BHD.,,,,,,,,,
BAI LEE SDN. BHD.,,,,,,,,,
BCC BRIGHT CAPITAL SDN. BHD.,,,,,,,,,
BETENSH CONSTRUCTION SDN. BHD.,,,,,,,,,
BH AIR-COND & ENGINEERING SDN. BHD.,,,,,,,,,
BINAAN HALIM HOLDING SDN. BHD.,,,,,,,,,
BINACHUAN SDN. BHD.,,,,,,,,,
BINAMIN PRIMA SDN BHD,,,,,,,,,
BIZHOU TECHNOLOGY SDN. BHD.,,,,,,,,,
BLESSPLUS SDN. BHD.,,,,,,,,,
BOND M & E SDN. BHD.,,,,,,,,,
BRANXON INTER DECO SDN. BHD.,,,,,,,,,
BUILDGLO SDN. BHD.,,,,,,,,,
BUMI PAVES CONSULT SDN. BHD.,,,,,,,,,
BUMI SELATAN HOLDING SDN. BHD.,,,,,,,,,
C&C GLOBAL RESOURCES SDN. BHD.,,,,,,,,,
C.C.L. (M) ENGINEERING SDN BHD,,,,,,,,,
C.T. ENGINEERING & CONSTRUCTION SDN. BHD.,,,,,,,,,
CABNET M&E SDN. BHD.,,,,,,,,,
CABNET SYSTEMS (M) SDN. BHD.,,,,,,,,,
CAJACSA CONSTRUCTION SDN. BHD.,,,,,,,,,
CAJACSA YAKIN SDN. BHD.,,,,,,,,,
CAMIRE SDN.BHD.,,,,,,,,,
CANELECT SDN. BHD.,,,,,,,,,
CAPTAIN CONSTRUCTION SDN. BHD.,,,,,,,,,
CASA BAYU EMPIRE SDN. BHD.,,,,,,,,,
CASACITI SDN. BHD.,,,,,,,,,
CASARIA CONSTRUCTION SDN. BHD.,,,,,,,,,
CBE M&E ENGINEERING SDN. BHD.,,,,,,,,,
CBE TECH SDN. BHD.,,,,,,,,,
CCL ENGINEERING CONSTRUCTION SDN. BHD.,,,,,,,,,
CCO ENGINEERING SERVICES SDN. BHD.,,,,,,,,,
CENTRAL DELTA SDN. BHD.,,,,,,,,,
CENTURY ADVANCE CONSTRUCTION SDN. BHD.,,,,,,,,,
CENTURY ADVERTISING & TRADING (M) SDN.BHD.,,,,,,,,,
CENTURY CONSTANT SDN. BHD.,,,,,,,,,
CFS VISION ENGINEERING SDN. BHD.,,,,,,,,,
CHEE SENG PLUMBING (1999) SDN. BHD.,,,,,,,,,
CHIA LEE RENOVATION SDN. BHD.,,,,,,,,,
CHIN TONG ENGINEERING WORKS,,,,,,,,,
CHUAN HIN ELECTRICAL ENGINEERING SDN. BHD.,,,,,,,,,
CHUN JUN PILING SDN. BHD.,,,,,,,,,
CJ 1 BUILDERS SDN. BHD.,,,,,,,,,
CK 18 CONSTRUCTION SDN. BHD.,,,,,,,,,
CLASSIC GREEN ENGINEERING SDN. BHD.,,,,,,,,,
CMG CONSTRUCTION SDN. BHD.,,,,,,,,,
CMG PILING SDN. BHD.,,,,,,,,,
COMPACT CONTECH SDN. BHD.,,,,,,,,,
COMPLETE ELV & ICT SOLUTIONS SDN. BHD.,,,,,,,,,
CONHILL CONSTRUCTION SDN. BHD.,,,,,,,,,
COSMOPOLITAN MARVEL SDN. BHD.,,,,,,,,,
CRESTONE PEAK SDN. BHD.,,,,,,,,,
CS BUILDER SDN. BHD.,,,,,,,,,
CSY ELECTRIC SDN. BHD.,,,,,,,,,
CTA CONSTRUCTION SDN. BHD.,,,,,,,,,
CTL BORED PILE & MACHINERY SDN. BHD.,,,,,,,,,
DANAU HOMES SDN. BHD.,,,,,,,,,
DC RESOURCES SDN. BHD.,,,,,,,,,
DD & I ENGINEERING SDN. BHD.,,,,,,,,,
DEWANI DESIGN SDN. BHD.,,,,,,,,,
DIAGNOSIS DESIGN & CONSTRUCTION SDN. BHD.,,,,,,,,,
DITROLIC SDN. BHD.,,,,,,,,,
DIVAGAR METAL SDN. BHD.,,,,,,,,,
DIVE RESOURCES SDN. BHD.,,,,,,,,,
DJS INTERIOR SDN. BHD.,,,,,,,,,
DOFORT EARTHWORKS SDN. BHD.,,,,,,,,,
DOUBLE K AIR CONDITIONING & ENGINEERING SDN. BHD.,,,,,,,,,
DS CONSTRUCTION & DESIGN SDN. BHD.,,,,,,,,,
DYNAC ENERGY SDN. BHD.,,,,,,,,,
DYNAC SDN. BHD.,,,,,,,,,
DYNACIATE ENGINEERING SDN. BHD.,,,,,,,,,
DYNAMIC-TELECOMMUNICATION SDN. BHD.,,,,,,,,,
E SONICS HARDWARE SDN. BHD.,,,,,,,,,
EARTH STREAM ENERGY SDN. BHD.,,,,,,,,,
EASE DECO RENOVATION SDN. BHD.,,,,,,,,,
EASTERN JAYA BUILDERS SDN. BHD.,,,,,,,,,
EASTERN WORLD (M) SDN. BHD.,,,,,,,,,
ECO BUILDER & CONSTRUCTION SDN. BHD.,,,,,,,,,
ECOSCIENCE MANUFACTURING & ENGINEERING SDN. BHD.,,,,,,,,,
EDEN BUILDERS SDN BHD,,,,,,,,,
EDGE PLANNER BUILDERS SDN. BHD.,,,,,,,,,
EER ENERGY SDN. BHD.,,,,,,,,,
EFTECH INTERNATIONAL SDN. BHD.,,,,,,,,,
ELITE STEEL SDN. BHD.,,,,,,,,,
EMBUN KARISMA RESOURCES (M) SDN. BHD.,,,,,,,,,
EMC PACIFIC (M) SDN. BHD.,,,,,,,,,
EMF ENERGY SDN. BHD.,,,,,,,,,
EMKEY PRECISION & ENGINEERING SERVICES SDN. BHD.,,,,,,,,,
EMPIRE CONSTRUCTION SDN. BHD.,,,,,,,,,
ENERXITE SDN. BHD.,,,,,,,,,
ENTHAI CONSTRUCTION SDN. BHD.,,,,,,,,,
ES RENOVATION & INTERIOR DESIGN SDN. BHD.,,,,,,,,,
ESD ENGINEERING SDN. BHD.,,,,,,,,,
ESQUE BUILDERS SDN. BHD.,,,,,,,,,
ESSTAR VISION CONSTRUCTION SDN. BHD.,,,,,,,,,
ESSTAR VISION SDN. BHD.,,,,,,,,,
ETECH SYSTEM AUTOMATION SDN BHD,,,,,,,,,
EVER CHOICE RENOVATION & CONSTRUCTION SDN. BHD.,,,,,,,,,
EVER METAL TRADING SDN. BHD.,,,,,,,,,
EXQUISITE PARADE SDN. BHD.,,,,,,,,,
F F G ENGINEERING SDN. BHD.,,,,,,,,,
F&H EMPIRE MACHINERY SDN. BHD.,,,,,,,,,
FHL CONSTRUCTION SDN. BHD.,,,,,,,,,
FINJAYA SDN. BHD.,,,,,,,,,
FIRGEE ENGINEERING SDN. BHD.,,,,,,,,,
FIRST OIL ENGINEERING SDN. BHD.,,,,,,,,,
FNP ENGINEERING SDN. BHD.,,,,,,,,,
FOCHEW HOLDING SDN. BHD.,,,,,,,,,
FOCUS ACE CONSTRUCTION SDN. BHD.,,,,,,,,,
FOCUS INDUSTRIAL SYSTEMS SDN. BHD.,,,,,,,,,
FOKUS STRATEGI SDN. BHD.,,,,,,,,,
FONG LEONG ENGINEERING (MALAYSIA) SDN. BHD.,,,,,,,,,
FOOK YU ELECTRICAL & BUILDING CONTRACTOR SDN. BHD.,,,,,,,,,
FORCEWIN ELECTRICAL SDN. BHD.,,,,,,,,,
FORLEY & BROTHERS SDN. BHD.,,,,,,,,,
FORLEY & SONS (JOHORE) SDN. BHD.,,,,,,,,,
FORTUNE PASSAGE DESIGN & BUILD SDN. BHD.,,,,,,,,,
FRIENDS VENTURE (M) SDN. BHD.,,,,,,,,,
FULLJI CONSTRUCTION SDN. BHD.,,,,,,,,,
G & S TOP RESOURCES SDN. BHD.,,,,,,,,,
G PARK DEVELOPMENT SDN. BHD.,,,,,,,,,
GABUNGAN SELATAN ENTERPRISE,,,,,,,,,
GADING SETIA VENTURES (M) SDN. BHD.,,,,,,,,,
GAMMON CONSTRUCTION SDN. BHD.,,,,,,,,,
GCL BUILDERS (M) SDN. BHD.,,,,,,,,,
GEAMIN CONSTRUCTION SDN. BHD.,,,,,,,,,
GENERASI PRESTIJ RESOURCES SDN. BHD.,,,,,,,,,
GENSIS DC SDN. BHD.,,,,,,,,,
GEOLAB (M) SDN. BHD.,,,,,,,,,
GEOPAKAR ENGINEERING SDN. BHD.,,,,,,,,,
GERBANG NUSAJAYA SDN. BHD.,,,,,,,,,
GINKLY M & E ENGINEERING SDN. BHD.,,,,,,,,,
GLOBAL FORWAY SDN. BHD.,,,,,,,,,
GLORY INTERLINK SDN. BHD.,,,,,,,,,
GOH FONG EARTHWORK & CONSTRUCTION SDN. BHD.,,,,,,,,,
GOH HARDWARE & CONSTRUCTION SDN. BHD.,,,,,,,,,
GOOD WIN CIVIL SDN. BHD.,,,,,,,,,
GOOD WIN CONCRETE SDN. BHD.,,,,,,,,,
GRANDFULLY GROUP SDN. BHD.,,,,,,,,,
GREEN AMAZON CONSTRUCTION SDN. BHD.,,,,,,,,,
GROWTH PLUS CONSTRUCTION SDN. BHD.,,,,,,,,,
GSR CONSTRUCTION SDN. BHD.,,,,,,,,,
GTK CONSTRUCTION SDN. BHD.,,,,,,,,,
GUOMAI RONGAC (MALAYSIA) SDN. BHD.,,,,,,,,,
H&E ENGINEERING & TRADING SDN. BHD.,,,,,,,,,
HARCON BUILDER SDN. BHD.,,,,,,,,,
HARVEST E&I ENGINEERING SDN. BHD.,,,,,,,,,
HASBARIA SDN. BHD.,,,,,,,,,
HB GLASS & ALUMINIUM SDN. BHD.,,,,,,,,,
HELIOS BUILDERS SDN. BHD.,,,,,,,,,
HELO HOLDING SDN. BHD.,,,,,,,,,
HFS HEAVY INDUSTRIES SDN. BHD.,,,,,,,,,
HIMARK BUILDER SDN. BHD.,,,,,,,,,
HIRISE ELEVATOR (SOUTHERN) SDN. BHD.,,,,,,,,,
HI-TECH BUILD STRUCTURAL WORKS SDN. BHD.,,,,,,,,,
HLM SDN. BHD.,,,,,,,,,
HLP CONSTRUCTION SDN. BHD.,,,,,,,,,
HOEM SDN. BHD.,,,,,,,,,
HOMLUX INTERIOR FURNISHING SDN. BHD.,,,,,,,,,
HONG WANG CONSTRUCTION (M) SDN. BHD.,,,,,,,,,
HONG WEI CONSTRUCTION ENGINEERING SDN. BHD.,,,,,,,,,
HUP LECK M & E SDN. BHD.,,,,,,,,,
HUP SENG CONSTRUCTION (M) SDN. BHD.,,,,,,,,,
HWA HIN SDN BHD.,,,,,,,,,
HYPER E-MECH SDN BHD,,,,,,,,,
IBRAHIM & SONS ENGINEERING SDN. BHD.,,,,,,,,,
IBZ ENGINEERING (M) SDN. BHD.,,,,,,,,,
IDEALBUILD ENGINEERING SDN. BHD.,,,,,,,,,
IKATAN HARMONI SDN. BHD.,,,,,,,,,
IME SEPAKAT SDN. BHD.,,,,,,,,,
INDUSTRIAL PLANT & SERVICE MALAYSIA BERHAD,,,,,,,,,
INFINITE EPC SDN. BHD.,,,,,,,,,
INFINITE M&E SDN. BHD.,,,,,,,,,
INIEW ENVIRONMENTAL SOLUTIONS SDN. BHD.,,,,,,,,,
INTEGER ENGINEERING SDN. BHD.,,,,,,,,,
INTENTEC ELEVATOR SDN. BHD.,,,,,,,,,
INTERGLEN SDN. BHD.,,,,,,,,,
IPE TECHNOLOGIES SDN. BHD.,,,,,,,,,
IZHARBINA ENTERPRISE,,,,,,,,,
J R M ALAM (M) SDN. BHD.,,,,,,,,,
J.J SHONG HENG DEVELOPMENT SDN. BHD.,,,,,,,,,
JAK MAX (M) SDN. BHD.,,,,,,,,,
JALEN SDN. BHD.,,,,,,,,,
JANGKA PRESTASI SDN. BHD.,,,,,,,,,
JASA NANING SDN. BHD.,,,,,,,,,
JASIN CONSTRUCTION DEVELOPMENT (M) SDN. BHD.,,,,,,,,,
JATIBINA ENTERPRISE SDN. BHD.,,,,,,,,,
JAYA TEGUH GEMILANG SDN. BHD.,,,,,,,,,
JAYAPLUS DEVELOPMENT SDN. BHD.,,,,,,,,,
JBB BUILDERS (M) SDN. BHD.,,,,,,,,,
JEBSON ENGINEERING SERVICES SDN. BHD.,,,,,,,,,
JF FOUNDATION (M) SDN. BHD.,,,,,,,,,
JFM CORPORATION SDN. BHD.,,,,,,,,,
JHE CONSTRUCTION (M) SDN. BHD.,,,,,,,,,
JIAN GU ENGINEERING SDN. BHD.,,,,,,,,,
JIN SING SDN. BHD.,,,,,,,,,
JING LAI CREATION GROUP SDN. BHD.,,,,,,,,,
JINWELL SDN. BHD.,,,,,,,,,
JK UNITED M&E SDN. BHD.,,,,,,,,,
JKC ENGINEERING SDN. BHD.,,,,,,,,,
JKK ALUMINIUM & BUILDING MATERIALS SDN. BHD.,,,,,,,,,
JKK CONSTRUCTION SDN. BHD.,,,,,,,,,
JLG & BP DESIGN SDN. BHD.,,,,,,,,,
JLG BUILDWORKS SDN. BHD.,,,,,,,,,
JLG PROPERTY MANAGEMENT SDN. BHD.,,,,,,,,,
JMC ENGINEERING SDN. BHD.,,,,,,,,,
JNJ TELECOMMUNICATION SDN. BHD.,,,,,,,,,
JOHLANGI MANAGEMENT SDN. BHD.,,,,,,,,,
JOHMANCO SDN. BHD.,,,,,,,,,
JOHOR BAHRU INTEGRATED SDN. BHD.,,,,,,,,,
JOVA ENGINEERING SDN. BHD.,,,,,,,,,
JPL BUILDERS SDN. BHD.,,,,,,,,,
JURUSAHA SDN. BHD.,,,,,,,,,
KAC ENERGY SDN. BHD.,,,,,,,,,
KALSARI JAYA SDN. BHD.,,,,,,,,,
KANGKAR INDAH MANAGEMENT SDN. BHD.,,,,,,,,,
KATOR CONSTRUCTION SDN. BHD.,,,,,,,,,
KCP PROJECTS SDN. BHD.,,,,,,,,,
KEAN LENG BUILDERS SDN. BHD.,,,,,,,,,
KEAN LENG CONSTRUCTION SDN. BHD.,,,,,,,,,
KEJURUTERAAN EKSPEDISI SDN. BHD.,,,,,,,,,
KEKAL AMPUH SDN. BHD.,,,,,,,,,
KELISA MURNI SDN. BHD.,,,,,,,,,
KEM BUILDER SDN. BHD.,,,,,,,,,
KEMAJUAN KOTA SELATAN SDN. BHD.,,,,,,,,,
KEN LIP CONSTRUCTION & TRADING SDN. BHD.,,,,,,,,,
KENG HUAT CONSTRUCTION SDN. BHD.,,,,,,,,,
KEPANG GOLD SDN. BHD.,,,,,,,,,
KERRY CONSTRUCTION & DEVELOPMENT SDN. BHD.,,,,,,,,,
KHAI SHIAN CONSTRUCTION SDN. BHD.,,,,,,,,,
KHIDMAT HIJAU SDN. BHD.,,,,,,,,,
KHISHNU ENTERPRISE,,,,,,,,,
KIMLUN SDN. BHD.,,,,,,,,,
KM BUILDERS SDN. BHD.,,,,,,,,,
KNUSFORD CONSTRUCTION SDN. BHD.,,,,,,,,,
KNUSFORD LANDSCAPE SDN. BHD.,,,,,,,,,
KOBAKO TRADING SDN. BHD.,,,,,,,,,
KOMASI ENGINEERING SDN. BHD.,,,,,,,,,
KPH BUILDERS SDN. BHD.,,,,,,,,,
KPRJ E & C SDN. BHD.,,,,,,,,,
KS RICH SDN. BHD.,,,,,,,,,
KSL PROPERTIES CONSTRUCTION SDN. BHD.,,,,,,,,,
KT CONSTRUCTION & MACHINERY SDN. BHD.,,,,,,,,,
KTN CONSTRUCTION SDN. BHD.,,,,,,,,,
KUKUH SEJAHTERA SDN. BHD.,,,,,,,,,
KUM FATT ENGINEERING SDN. BHD.,,,,,,,,,
KUMPULAN S.K. JAYA SDN. BHD.,,,,,,,,,
KYE WORLDWIDE SDN. BHD.,,,,,,,,,
KYM ENGINEERING SDN. BHD.,,,,,,,,,
KYS CONSTRUCTION SDN. BHD.,,,,,,,,,
LAUBROS ENGINEERING SDN. BHD.,,,,,,,,,
LAUBROS HOLDINGS (M) SDN. BHD.,,,,,,,,,
LAYAR IDENTITI SDN. BHD.,,,,,,,,,
LEE CHOON SENG & SONS SDN. BHD.,,,,,,,,,
LEGENT ELECTRICAL ENGINEERING SDN. BHD.,,,,,,,,,
LEONG HING LING SDN. BHD.,,,,,,,,,
LEONG SIEW WENG METAL HUB SDN. BHD.,,,,,,,,,
LHP HOLDINGS SDN. BHD.,,,,,,,,,
LIFATT CONSTRUCTION SDN. BHD.,,,,,,,,,
LINKBUILD SDN.BHD.,,,,,,,,,
LJL TEBRAU RESOURCES (M) SDN. BHD.,,,,,,,,,
LLS CONSTRUCTION SDN. BHD.,,,,,,,,,
LN ART ID STUDIO SDN. BHD.,,,,,,,,,
LONG TENG CONSTRUCTION SDN. BHD.,,,,,,,,,
LOYALTY HOMES (M) SDN. BHD.,,,,,,,,,
LUBUK PERMATA SDN. BHD.,,,,,,,,,
M & R CREATIVE GROUP (M) SDN. BHD.,,,,,,,,,
M8M SDN. BHD.,,,,,,,,,
MAC PLUMBING SDN. BHD.,,,,,,,,,
MACH 1 AI ROBOTICS & AUTOMATION SDN. BHD.,,,,,,,,,
MACRO COOPERATION SDN. BHD.,,,,,,,,,
MAHFA TRADING,,,,,,,,,
MAIN POWER DISTRIBUTION SDN. BHD.,,,,,,,,,
MAJIDEE (HOLDINGS) SDN. BHD.,,,,,,,,,
MAJU MADANI SDN. BHD.,,,,,,,,,
MALPAKAT GROUP SDN. BHD.,,,,,,,,,
MARCUS BUILDERS SDN. BHD.,,,,,,,,,
MARCUS CONCRETE SDN. BHD.,,,,,,,,,
MARIN SEJAGAT SDN. BHD.,,,,,,,,,
MASAI TAT CONSTRUCTION SDN. BHD.,,,,,,,,,
MASCOT ENGINEERING & CONSTRUCTION SDN. BHD.,,,,,,,,,
MB WORLD BUILDERS SDN. BHD.,,,,,,,,,
MBR BUILDER SDN. BHD.,,,,,,,,,
MCH M&E SDN. BHD.,,,,,,,,,
MEGA SCNERY SDN. BHD.,,,,,,,,,
MELIDEX PRECAST SDN. BHD.,,,,,,,,,
MESRA RAHMAT CONSTRUCTION SDN. BHD.,,,,,,,,,
METACONN SDN. BHD.,,,,,,,,,
MH CONSTRUCTORS SDN. BHD.,,,,,,,,,
MICLIM INDUSTRIAL ELECTRIC SDN. BHD.,,,,,,,,,
MING ANN CONSTRUCTION & ENGINEERING SDN. BHD.,,,,,,,,,
MIZAN GLOBAL RESOURCES (M) SDN. BHD.,,,,,,,,,
MJK GROUP SDN. BHD.,,,,,,,,,
MOHD EKBAL GROUP SDN. BHD.,,,,,,,,,
MOTOBINA SDN. BHD.,,,,,,,,,
MPP BUILDERS SDN. BHD.,,,,,,,,,
MRT SOLUTIONS SDN. BHD.,,,,,,,,,
MSS BIOFRESH SDN. BHD.,,,,,,,,,
MUARA ATUR (M) SDN. BHD.,,,,,,,,,
MULTI IMPULSE SDN. BHD.,,,,,,,,,
MUSTIKA TERATAI SDN. BHD.,,,,,,,,,
MW RICH (M) SDN. BHD.,,,,,,,,,
NADIAH AMIN TRADING,,,,,,,,,
NARIAH BUILDERS (M) SDN. BHD.,,,,,,,,,
NEDDY ENTERPRISE SDN. BHD.,,,,,,,,,
NEXON ENGINEERING (M) SDN. BHD.,,,,,,,,,
NIKMAT MAJU SDN. BHD.,,,,,,,,,
NSF ENGINEERING SDN. BHD.,,,,,,,,,
NTS CONSTRUCTION SUPPLIES SDN. BHD.,,,,,,,,,
NURIPAC SDN. BHD.,,,,,,,,,
NURSERY HONG SOON SDN. BHD.,,,,,,,,,
NUSA ILHAM SDN. BHD.,,,,,,,,,
NVM SCAFFOLD SERVICES,,,,,,,,,
NZ BINA SDN. BHD.,,,,,,,,,
OGAS TRADE SDN. BHD.,,,,,,,,,
OKA MARKETING SDN. BHD.,,,,,,,,,
OPTREUM SDN. BHD.,,,,,,,,,
ORANGE GLOBAL SDN. BHD.,,,,,,,,,
P LINE CONSTRUCTION SDN. BHD.,,,,,,,,,
PADU KENCANA SDN. BHD.,,,,,,,,,
PAKATAN BIDARA (M) SDN. BHD.,,,,,,,,,
PAN SOON LEE CONSTRUCTION SDN BHD,,,,,,,,,
PAPILLA SDN BHD.,,,,,,,,,
PAY DEV SDN. BHD.,,,,,,,,,
PAY NGEE TAY CONSTRUCTION SDN. BHD.,,,,,,,,,
PEA CONSTRUCTION SDN. BHD.,,,,,,,,,
PELANGI TELITI (M) SDN. BHD.,,,,,,,,,
PELITA DINAMIK ENGINEERING SDN. BHD.,,,,,,,,,
PELITA SEJATI ENGINEERING SDN. BHD.,,,,,,,,,
PEMBINAAN EASTERN ALUMINIUM SDN BHD,,,,,,,,,
PEMBINAAN EFFECTCON SDN. BHD.,,,,,,,,,
PEMBINAAN IMPIAN CEMERLANG SDN. BHD.,,,,,,,,,
PEMBINAAN KEKAL AGUNG SDN. BHD.,,,,,,,,,
PEMBINAAN NUSA CEMERLANG BISTARI SDN. BHD.,,,,,,,,,
PEMBINAAN OKA JAYA,,,,,,,,,
PEMBINAAN PROLI SDN. BHD.,,,,,,,,,
PEMBINAAN TITIS JAYA SDN. BHD.,,,,,,,,,
PEMBINAAN USADAYA,,,,,,,,,
PEMBINAAN USAHAWAN TERBILANG SDN. BHD.,,,,,,,,,
PEMBINAAN YENG TONG SDN. BHD.,,,,,,,,,
PENTAS GAYA SDN. BHD.,,,,,,,,,
PERKASA ENGINEERING & CONSTRUCTION SDN. BHD.,,,,,,,,,
PERKASA MARINE SUPPLY (M) SDN. BHD.,,,,,,,,,
PERSICO (M) SDN. BHD.,,,,,,,,,
PESAT GEMILANG SDN. BHD.,,,,,,,,,
PGBG CONSTRUCTION SDN. BHD.,,,,,,,,,
PH WORLD BUILDTECH SDN. BHD.,,,,,,,,,
PH WORLD CONSTRUCTION SDN. BHD.,,,,,,,,,
PIJ PROPERTY DEVELOPMENT SDN. BHD.,,,,,,,,,
PILLAI DEMOLITION & RECYCLING SDN. BHD.,,,,,,,,,
PIONEER BUILDER (M) SDN. BHD.,,,,,,,,,
PIONEER STRUCTURA & CONSTRUCTION SDN. BHD.,,,,,,,,,
PKL CONSTRUCTIONS SDN. BHD.,,,,,,,,,
PMH CIVIL SDN. BHD.,,,,,,,,,
PNN RESOURCES SDN. BHD.,,,,,,,,,
PNT ELECTRICAL M&E SDN. BHD.,,,,,,,,,
PORT MARINE SAFETY SERVICES SDN. BHD.,,,,,,,,,
POTENSI HIJAU SDN. BHD.,,,,,,,,,
PRASARANA GEMILANG SDN. BHD.,,,,,,,,,
PREBUILD MATERIAL SDN. BHD.,,,,,,,,,
PREMISSION POWER SDN. BHD.,,,,,,,,,
PRESSCO DESIGN & BUILD SDN. BHD.,,,,,,,,,
PRO GENERGY SDN. BHD.,,,,,,,,,
PUSAT ANTARA SDN. BHD.,,,,,,,,,
PW GENESIS CONSTRUCTION SDN. BHD.,,,,,,,,,
PYRAMID PHASE SDN. BHD.,,,,,,,,,
QUALIBUILD SDN BHD.,,,,,,,,,
QUL HOLDINGS (M) SDN. BHD.,,,,,,,,,
RANHILL TECHNOLOGIES SDN. BHD.,,,,,,,,,
RB PROJECT RESOURCES SDN. BHD.,,,,,,,,,
RE MACHINERY & STRUCTURE WORKS SDN. BHD.,,,,,,,,,
REBUNG BINA SDN. BHD.,,,,,,,,,
RED STAR ELECTRICAL ENGINEERING SDN. BHD.,,,,,,,,,
REDHA HOLDINGS SDN. BHD.,,,,,,,,,
REGAL ELITE LETRIK SDN. BHD.,,,,,,,,,
RESO ENGINEERING SDN. BHD.,,,,,,,,,
RIGHT PROCEED SDN. BHD.,,,,,,,,,
RNZ GOLDEN DEVELOPMENT SDN. BHD.,,,,,,,,,
ROSHA DYNAMIC SDN. BHD.,,,,,,,,,
RUSHOE INDUSTRIES SDN. BHD.,,,,,,,,,
S.P. MULIA SDN. BHD.,,,,,,,,,
SAFWA GLOBAL VENTURE (M) SDN. BHD.,,,,,,,,,
SAHARIL HOLDINGS SDN. BHD.,,,,,,,,,
SAKIZA INDAH SDN. BHD.,,,,,,,,,
SANYANG CONSTRUCTION AND ENGINEERING SDN. BHD.,,,,,,,,,
SAROMA ENGINEERING SDN. BHD.,,,,,,,,,
SAWIPAC SDN. BHD.,,,,,,,,,
SAZ DESIGN CONSULTANTS SDN. BHD.,,,,,,,,,
SC INTEGRATED CONSTRUCTION & TRADING SDN. BHD.,,,,,,,,,
SEJOTA SDN. BHD.,,,,,,,,,
SELENDANG BAYU SDN. BHD.,,,,,,,,,
SELENGARA MAJU TRADING,,,,,,,,,
SEMAI CONSTRUCTION SDN. BHD.,,,,,,,,,
SENG HIAP GLASS SDN.BHD.,,,,,,,,,
SENG TAT CONSTRUCTION & ENGINEERING SDN. BHD.,,,,,,,,,
SENGA BINA SDN. BHD.,,,,,,,,,
SENSION ENGINEERING SDN. BHD.,,,,,,,,,
SENTAI CK HOLDINGS SDN. BHD.,,,,,,,,,
SERI JUBILEE ENGINEERING SDN. BHD.,,,,,,,,,
SETIA ELECTRICAL POWER MAINTENANCE & PART SUPPLY,,,,,,,,,
SETIA HARTAJUTA SDN. BHD.,,,,,,,,,
SEVEN STAR HILLS SDN. BHD.,,,,,,,,,
SHANG HAUR CONSTRUCTION SDN BHD,,,,,,,,,
SHINWOO DEVELOPMENT SDN. BHD.,,,,,,,,,
SHUN FAA ELECTRICAL & AIR-COND CONTRACTOR SDN. BHD.,,,,,,,,,
SHVT BUILDING SOLUTION SDN. BHD.,,,,,,,,,
SHVT CONSTRUCTION SDN. BHD.,,,,,,,,,
SHVT ENGINEERING SDN. BHD.,,,,,,,,,
SHVT INFRASTRUCTURE SDN. BHD.,,,,,,,,,
SHVT PRECAST (M) SDN. BHD.,,,,,,,,,
SIACON TECHNOLOGY SDN. BHD.,,,,,,,,,
SIM YI BUILDER SDN. BHD.,,,,,,,,,
SIN SIN CONSTRUCTION SDN. BHD.,,,,,,,,,
SIN SOON HUAT MARKETING SDN. BHD.,,,,,,,,,
SINAR TM SDN. BHD.,,,,,,,,,
SINAR TRANS ENGINEERING SDN. BHD.,,,,,,,,,
SINARAN C & E SDN. BHD.,,,,,,,,,
SING SPACE INTERIOR DESIGN (M) SDN. BHD.,,,,,,,,,
SINKAO CONSTRUCTION SDN. BHD.,,,,,,,,,
SINMA JENKO (1989) SDN. BHD.,,,,,,,,,
SINZHAN CONSTRUCTION WORKS SDN. BHD.,,,,,,,,,
SK NISAH SDN. BHD.,,,,,,,,,
SKR GLOBAL RESOURCES SDN. BHD.,,,,,,,,,
SKS BUILDERS TRADING SDN. BHD.,,,,,,,,,
SKT GROUP SDN. BHD.,,,,,,,,,
SKYLAND SERVICES SDN. BHD.,,,,,,,,,
SKYTECH SYNERGY SDN. BHD.,,,,,,,,,
SL M&E ENGINEERING SDN. BHD.,,,,,,,,,
SLG CONSTRUCTION SDN. BHD.,,,,,,,,,
SM STAR (MALAYSIA) SDN. BHD.,,,,,,,,,
SMART PAINT MANUFACTURING SDN. BHD.,,,,,,,,,
SMART PAINTS (M) SDN. BHD.,,,,,,,,,
SNZ TOUGH ENGINEERING CONSTRUCTION SDN. BHD.,,,,,,,,,
SOON GIAP ENGINEERING WORKS SDN. BHD.,,,,,,,,,
SOUND ENVIRONMENT SDN. BHD.,,,,,,,,,
SOUTHERN CORNER SDN. BHD.,,,,,,,,,
SOUTHERN PENINSULA DREDGING SDN. BHD.,,,,,,,,,
SOUTHMAX SDN. BHD.,,,,,,,,,
SOUTHRISE SDN. BHD.,,,,,,,,,
SPCO MARINE & OFFSHORE SDN. BHD.,,,,,,,,,
SPEEDMAX SOLUTIONS SDN. BHD.,,,,,,,,,
SRS INTEGRATED HOLDINGS SDN. BHD.,,,,,,,,,
ST INTEGRATED ENGINEERING SDN. BHD.,,,,,,,,,
STAR UNION CONSTRUCTION SDN. BHD.,,,,,,,,,
STEELAB (M) SDN. BHD.,,,,,,,,,
STEELCON BUILDER SDN. BHD.,,,,,,,,,
STI FIRE SAFETY SDN. BHD.,,,,,,,,,
STRATICAL SDN. BHD.,,,,,,,,,
STRONG ELITE ELECTRICAL ENGINEERING SDN. BHD.,,,,,,,,,
STRUCTIX SDN. BHD.,,,,,,,,,
STRUQTA ENGINEERING SDN. BHD.,,,,,,,,,
SUMULIA SDN. BHD.,,,,,,,,,
SUNFLOWER HOTEL SOLUTION SDN BHD,,,,,,,,,
SUNGAI SEJAHTERA SDN. BHD.,,,,,,,,,
SUPERB CONSTRUCTION & TRADING SDN. BHD.,,,,,,,,,
SUPREME ASIA ENGINEERING SDN. BHD.,,,,,,,,,
SUTERA UTAMA SDN. BHD.,,,,,,,,,
SWEE KEE M & E AND CONSTRUCTION SDN. BHD.,,,,,,,,,
SYARIKAT PEMBINAAN SAUDARA SDN. BHD.,,,,,,,,,
SYMBOLIST CONSTRUCTION SDN. BHD.,,,,,,,,,
SYMPHONIC ENGINEERING (M) SDN. BHD.,,,,,,,,,
SYNERGY AKEF SDN. BHD.,,,,,,,,,
SYNERGY COATING & ENGINEERING SDN. BHD.,,,,,,,,,
T & N INFRA SDN. BHD.,,,,,,,,,
TAI ZHI RAN CONSTRUCTION (M) SDN. BHD.,,,,,,,,,
TAM ELECTRIC SDN. BHD.,,,,,,,,,
TAMBATAN MARIN SDN. BHD.,,,,,,,,,
TANGAWARIS SDN. BHD.,,,,,,,,,
TAQI HOLDINGS SDN. BHD.,,,,,,,,,
TASOON INJECTION PILE SDN. BHD.,,,,,,,,,
TE ASSOCIATES SDN. BHD.,,,,,,,,,
TEAM-3 CONSTRUCTION SDN. BHD.,,,,,,,,,
TECHNITEC ENGINEERING SDN. BHD.,,,,,,,,,
TECHNOGRESS SDN. BHD.,,,,,,,,,
TEKNIKEKAL SDN. BHD.,,,,,,,,,
TELFORD ENGINEERING (M) SDN. BHD.,,,,,,,,,
TELFORD SIGNATURE (M) SDN BHD,,,,,,,,,
TELITI POTENSI SDN. BHD.,,,,,,,,,
TEMASEK COATING SDN. BHD.,,,,,,,,,
TEPAT ANGKA SDN. BHD.,,,,,,,,,
TERAJU HIKMAT SDN. BHD.,,,,,,,,,
TERAS ELEKTRIK SDN. BHD.,,,,,,,,,
TETO ENGINEERING SDN. BHD.,,,,,,,,,
TEWARA SDN. BHD.,,,,,,,,,
TIUNGMAS BUILDERS SDN. BHD.,,,,,,,,,
TL TERANG SDN. BHD.,,,,,,,,,
TONG SENG FABRICATORS SDN. BHD.,,,,,,,,,
TONG SHENG ENGINEERING SDN. BHD.,,,,,,,,,
TOPFLOW ENGINEERING SDN BHD,,,,,,,,,
TOPWISH MERGER SDN. BHD.,,,,,,,,,
TRANSEA PROJECTS SDN.BHD.,,,,,,,,,
TRANSGREEN CONSTRUCTION SDN. BHD.,,,,,,,,,
TRIOWELL CONSTRUCTION SDN. BHD.,,,,,,,,,
TROPICAL LAND PROPERTY SDN. BHD.,,,,,,,,,
TRUE LIGHT M & E SDN. BHD.,,,,,,,,,
TSK CONSTRUCTION SDN. BHD.,,,,,,,,,
TSK SYNERGY SDN. BHD.,,,,,,,,,
TTSB CONSTRUCTION SDN. BHD.,,,,,,,,,
TUAH BINA NIAGA SDN. BHD.,,,,,,,,,
TURBOPAK M & E SDN. BHD.,,,,,,,,,
TY VENTURE CONSTRUCTION SDN. BHD.,,,,,,,,,
UCT ENGINEERING SDN. BHD.,,,,,,,,,
UFT STRUCTURE RE-ENGINEERING SDN. BHD.,,,,,,,,,
UFUK SEMARAK SDN. BHD.,,,,,,,,,
ULTIMATE MAS SDN. BHD.,,,,,,,,,
UNI ASIA CONSTRUCTION ENGINEERING SDN. BHD.,,,,,,,,,
UNIQUE IDEAL INTERIOR & CONSTRUCTION SDN. BHD.,,,,,,,,,
UNITED COLD-SYSTEM (M) SDN. BHD.,,,,,,,,,
UNITED PANEL-SYSTEM (M) SDN. BHD.,,,,,,,,,
UTOC ENGINEERING & MAINTENANCE SDN. BHD.,,,,,,,,,
V & V ENGINEERING SDN. BHD.,,,,,,,,,
V&Y ELECTRIC SDN. BHD.,,,,,,,,,
VELERATION (M) SDN. BHD.,,,,,,,,,
VISTA VELOCITY SDN. BHD.,,,,,,,,,
VIVA COMPLETE SDN. BHD.,,,,,,,,,
VL CONSTRUCTIONS MANAGEMENT SDN. BHD.,,,,,,,,,
WAI CHOY CONSTRUCTION SDN. BHD.,,,,,,,,,
WAN LIN REALTY SDN. BHD.,,,,,,,,,
WANGSATAMA SDN. BHD.,,,,,,,,,
WANTAR ENGINEERING & CONSTRUCTIONS SDN. BHD.,,,,,,,,,
WAWASAN 33 SDN. BHD.,,,,,,,,,
WE M&E SDN. BHD.,,,,,,,,,
WEI KWANG ELECTRICAL & AIR-COND ENGINEERING WORKS,,,,,,,,,
WELLCON CONSTRUCTION & TRADING,,,,,,,,,
WELLY BUILDERS SDN. BHD.,,,,,,,,,
WIN COATING SDN. BHD.,,,,,,,,,
WIN MODERN DESIGN SDN. BHD.,,,,,,,,,
WINDSOR AIMS MACHINERY SDN. BHD.,,,,,,,,,
WK JAYA SDN. BHD.,,,,,,,,,
WM ENGINEERING CONSTRUCTION SDN. BHD.,,,,,,,,,
WOON BROTHERS CONSTRUCTION SDN. BHD.,,,,,,,,,
XIA AN ELECTRICAL SDN. BHD.,,,,,,,,,
XIANG KEONG AIR COND ENGINEERING SDN. BHD.,,,,,,,,,
XIAO LI ENGINEERING & CO. SDN. BHD.,,,,,,,,,
XIN AN JU SDN. BHD.,,,,,,,,,
XING GUANG CONSTRUCTION SDN. BHD.,,,,,,,,,
YAP GRC CONSTRUCTION SDN. BHD.,,,,,,,,,
YCL ENGINEERING PROJECT SDN. BHD.,,,,,,,,,
YEE CONSTRUCTION AND RENOVATION SDN. BHD.,,,,,,,,,
YHS LAND HOLDING SDN. BHD.,,,,,,,,,
YICAI CONSTRUCTION SDN. BHD.,,,,,,,,,
YIDONG CONSTRUCTION SDN. BHD.,,,,,,,,,
YISOON CONSTRUCTION SDN. BHD.,,,,,,,,,
YJCON SDN. BHD.,,,,,,,,,
YLS CONSTRUCTION & RESOURCES SDN. BHD.,,,,,,,,,
YON SANG BUILDERS SDN. BHD.,,,,,,,,,
YONFATT CONSTRUCTION SDN. BHD.,,,,,,,,,
YONG HAW ELECTRICAL CONTRACTOR SDN. BHD.,,,,,,,,,
YONG YEK ENGINEERING SDN BHD,,,,,,,,,
YPJ BUILDERS SDN. BHD.,,,,,,,,,
YR MARINE & ENGINEERING SDN. BHD.,,,,,,,,,
YS RESOURCES SDN. BHD.,,,,,,,,,
YSY MARINE SDN. BHD.,,,,,,,,,
YTC E & C SDN. BHD.,,,,,,,,,
YTGC ENGINEERING SDN. BHD.,,,,,,,,,
YUCAX SDN. BHD.,,,,,,,,,
YUKON BUILDERS SDN. BHD.,,,,,,,,,
YWSS CONSTRUCTION SDN. BHD.,,,,,,,,,
ZAFIRA BINA SDN. BHD.,,,,,,,,,
ZARENCON M&E SDN. BHD.,,,,,,,,,
ZHEN YUAN CONSTRUCTION (M) SDN. BHD.,,,,,,,,,
ZHEN YUAN TRADING & CONSTRUCTION SDN. BHD.,,,,,,,,,
ZHONG JIAN ENGINEERING SDN. BHD.,,,,,,,,,
ZHONGHE PRECAST SDN. BHD.,,,,,,,,,
ZINGAMETALL MARINE & OFFSHORE (JB) SDN. BHD.,,,,,,,,,
5 HUP CONSTRUCTION SDN. BHD.,,,,,,,,,
AAA MANAGEMENT SERVICES SDN. BHD.,,,,,,,,,
ACME CHEMICALS (MALAYSIA) SDN. BHD.,,,,,,,,,
ADAT 88 SDN. BHD.,,,,,,,,,
ADC POWER CONCEPT SDN. BHD.,,,,,,,,,
AIK SHEN CONSTRUCTION SDN. BHD.,,,,,,,,,
ALCOM DACH&WAND SDN. BHD.,,,,,,,,,
ALIRAN MAJU CONSTRUCTION SDN. BHD.,,,,,,,,,
ANG YENG CONSTRUCTION SDN. BHD.,,,,,,,,,
ARENA PERINTIS SDN. BHD.,,,,,,,,,
ARENO RESOURCES SDN. BHD.,,,,,,,,,
ASAS PERMATANG SDN. BHD.,,,,,,,,,
ASASI TEPAT SDN. BHD.,,,,,,,,,
ASCREST SDN. BHD.,,,,,,,,,
ASIA FIRST ENGINEERING & HARDWARE SDN. BHD.,,,,,,,,,
ASIAWELL CONSTRUCTION SDN. BHD.,,,,,,,,,
ASTERN TECHNOLOGIES SDN. BHD.,,,,,,,,,
ATY MAJU SDN. BHD.,,,,,,,,,
BERMUDA AIR-COND & ENGINEERING SDN. BHD.,,,,,,,,,
BINA ELIXIRS SDN. BHD.,,,,,,,,,
BINA HARMONI ENGINEERING & CONSTRUCTION (BEC) SDN. BHD.,,,,,,,,,
BLUEWORLD SDN. BHD.,,,,,,,,,
BRSK CONSTRUCTION SDN. BHD.,,,,,,,,,
BTS ENGINEERING SDN. BHD.,,,,,,,,,
C K CENTURY CONSTRUCTION SDN. BHD.,,,,,,,,,
C M B BINA SDN. BHD.,,,,,,,,,
C N H BINAJAYA SDN. BHD.,,,,,,,,,
C N H CONSTRUCTION (M) SDN. BHD.,,,,,,,,,
C N H ENGINEERING SDN. BHD.,,,,,,,,,
CDS ENGINEERING SDN. BHD.,,,,,,,,,
CEKAL TULIN DEVELOPMENT SDN. BHD.,,,,,,,,,
CENTRAL GLASS FACADE WORKS SDN. BHD.,,,,,,,,,
CHB BUILDER SDN. BHD.,,,,,,,,,
CHEMCASTLE SDN. BHD.,,,,,,,,,
CHK CONSTRUCTION SDN. BHD.,,,,,,,,,
CITI MAJU ENGINEERING SDN. BHD.,,,,,,,,,
COMFORT LIVING CONSTRUCTION (M) SDN. BHD.,,,,,,,,,
CONCREWALL BUILDING SYSTEM (IBS) SDN. BHD.,,,,,,,,,
CONVIEW CONSTRUCTION SDN. BHD.,,,,,,,,,
CREATIVE INSTYLE SDN. BHD.,,,,,,,,,
CSCON SDN. BHD.,,,,,,,,,
CT TRACTOR & CONSTRUCTION WORKS SDN. BHD.,,,,,,,,,
DAKOTA CONSTRUCTION SDN. BHD.,,,,,,,,,
DAYA BIDARA SDN. BHD.,,,,,,,,,
DELIMA SEJATI ENTERPRISE SDN. BHD.,,,,,,,,,
DERAS ABADI CORPORATION SDN. BHD.,,,,,,,,,
DHE CONSTRUCTION SDN. BHD.,,,,,,,,,
DKSM SDN. BHD.,,,,,,,,,
DNK TECHNOLOGY SDN. BHD.,,,,,,,,,
DONGHAI LINK SDN. BHD.,,,,,,,,,
DOSHIN RUBBER PRODUCTS (M) SDN.BHD.,,,,,,,,,
DUTAMESRA BINA SDN. BHD.,,,,,,,,,
DYNAMIC DESIGNED SDN. BHD.,,,,,,,,,
EARTHENT CONSTRUCTION SDN. BHD.,,,,,,,,,
EC PROPERTY DEVELOPMENT SDN. BHD.,,,,,,,,,
ECCO CONSTRUCTIONS SDN. BHD.,,,,,,,,,
EISCON CONSTRUCTION SDN. BHD.,,,,,,,,,
EITA ELEVATOR (MALAYSIA) SDN. BHD.,,,,,,,,,
ELECTROCORR ENGINEERING SDN. BHD.,,,,,,,,,
ENERMORE SDN. BHD.,,,,,,,,,
EQS PILING CONSTRUCTION SDN. BHD.,,,,,,,,,
ERALLEX SDN. BHD.,,,,,,,,,
EVERISE SHIELD SDN. BHD.,,,,,,,,,
EX ENERGY SDN. BHD.,,,,,,,,,
EXPRESS MISSION SDN. BHD.,,,,,,,,,
FAIRY PARK BERHAD,,,,,,,,,
FEDAPI SDN. BHD.,,,,,,,,,
FIFFA SDN. BHD.,,,,,,,,,
FUJI ENGINEERING SDN. BHD.,,,,,,,,,
FUTURELINK EXCEL SDN. BHD.,,,,,,,,,
GANDA PLUMBING & ENGINEERING SDN. BHD.,,,,,,,,,
GEMILANG RIMBAYU SDN. BHD.,,,,,,,,,
GENISAN CONSTRUCTION & ENGINEERING WORKS SDN. BHD.,,,,,,,,,
GEO DEVELOPMENT SDN. BHD.,,,,,,,,,
GLOWTEC ENGINEERING SDN. BHD.,,,,,,,,,
GME GREENTECH SDN. BHD.,,,,,,,,,
GRAND PACIFIC BUILDER SDN. BHD.,,,,,,,,,
GUMI ASLI ELEKTRIKAL SDN. BHD.,,,,,,,,,
HARTASUMA SDN. BHD.,,,,,,,,,
HCH CONSTRUCTION SDN. BHD.,,,,,,,,,
HIAP SOON HONG SDN. BHD.,,,,,,,,,
HMM CONSTRUCTION (M) SDN. BHD.,,,,,,,,,
HON YANG CONSTRUCTION SDN. BHD.,,,,,,,,,
HONG LAM JACK-IN PILE SDN. BHD.,,,,,,,,,
HSS SOLUTIONS SDN. BHD.,,,,,,,,,
HUAT YEW HENG TRADING CONSTRUCTION SDN. BHD.,,,,,,,,,
HUATRACO SCAFFOLD SDN. BHD.,,,,,,,,,
HUPLEK INTERIOR DECORATORS & TRADING SDN. BHD.,,,,,,,,,
HWA HWEE CONSTRUCTION & TRADING SDN. BHD.,,,,,,,,,
I.A.L. ENTERPRISE SDN. BHD.,,,,,,,,,
IKRAR TEGUH RESOURCES SDN. BHD.,,,,,,,,,
IMPIAN HOME DESIGN SDN. BHD.,,,,,,,,,
ING CHUAN PILING CONSTRUCTION SDN. BHD.,,,,,,,,,
INNOCERGAS SDN. BHD.,,,,,,,,,
INNOTECH SOLUTION SDN. BHD.,,,,,,,,,
INSTYLE SOLUTION SDN. BHD.,,,,,,,,,
IOB TECHNOLOGY SDN. BHD.,,,,,,,,,
ISPARK HOLDINGS SDN. BHD.,,,,,,,,,
IT PORTLINK SDN. BHD.,,,,,,,,,
J BUMI SAWIT ENGINEERING SDN. BHD.,,,,,,,,,
JS AIR COND SPECIALIST SDN. BHD.,,,,,,,,,
JUARAKON SDN.BHD.,,,,,,,,,
JUTA KENANGAN (M) SDN. BHD.,,,,,,,,,
JUTRAMAS SDN. BHD.,,,,,,,,,
JY DEVELOPMENT SDN. BHD.,,,,,,,,,
JYC CONSTRUCTION SDN. BHD.,,,,,,,,,
JYD BUILDERS SDN. BHD.,,,,,,,,,
KEJURUTERAAN KUASA BUMI SDN. BHD.,,,,,,,,,
KEJURUTERAAN LETRIK KB SDN. BHD.,,,,,,,,,
KENPOWER SDN. BHD.,,,,,,,,,
KGL FIBRE RECOVERY SDN. BHD.,,,,,,,,,
KIAN BUN ENTERPRISE SDN. BERHAD,,,,,,,,,
KIARA KILAT SDN. BHD.,,,,,,,,,
KIM LAM HUAT BUILDERS SDN. BHD.,,,,,,,,,
KITACON SDN. BHD.,,,,,,,,,
KOPERASI PEGAWAI DAN KAKITANGAN JABATAN LAUT MALAYSIA BERHAD,,,,,,,,,
KOTA MENARA UFUK SDN. BHD.,,,,,,,,,
KT LAW & ASSOCIATES SDN. BHD.,,,,,,,,,
KTE ENGINEERING SDN. BHD.,,,,,,,,,
KURSITA (M) SDN. BHD.,,,,,,,,,
L.H.E.E SDN. BHD.,,,,,,,,,
LA KUAN CONSTRUCTION SDN. BHD.,,,,,,,,,
LAM LEE CONSTRUCTION SDN. BHD.,,,,,,,,,
LEC WATER SDN. BHD.,,,,,,,,,
LETRIK PORT KLANG (M) SDN. BHD.,,,,,,,,,
LF LANSEN SDN. BHD.,,,,,,,,,
LINKS ADVANCE ENERGY (M) SDN. BHD.,,,,,,,,,
LONSON CONSTRUCTION SDN. BHD.,,,,,,,,,
LOTUS WEST SDN. BHD.,,,,,,,,,
LS SINAR SDN. BHD.,,,,,,,,,
M&E SYNERGY SDN. BHD.,,,,,,,,,
MAGNIFICENT CONSTRUCTION SDN. BHD.,,,,,,,,,
MAHIR TENGGARA SDN. BHD.,,,,,,,,,
MAJOR ENGINEERING SDN. BHD.,,,,,,,,,
MALDVES DESIGN SDN. BHD.,,,,,,,,,
MANHAJ SDN. BHD.,,,,,,,,,
MAX-ALLIED CONSTRUCTION SDN. BHD.,,,,,,,,,
MCS MANAGEMENT SDN. BHD.,,,,,,,,,
MEB CONSTRUCTION SDN. BHD.,,,,,,,,,
MEGA CONVERGENCE BERHAD,,,,,,,,,
MEGAH UTAMA CONSTRUCTION (M) SDN. BHD.,,,,,,,,,
MEJIN ENGINEERING & CONSTRUCTION SDN. BHD.,,,,,,,,,
MELBOURNE SUNRISE SDN. BHD.,,,,,,,,,
MILLENNIUM EVERSHINE SDN. BHD.,,,,,,,,,
MINDAR ENTERPRISES SDN. BHD.,,,,,,,,,
MK MAHLIGAI SUPPLIERS AND MAINTENANCE SDN. BHD.,,,,,,,,,
MUHIBBAH ENGINEERING (M) BHD.,,,,,,,,,
MUHIBBAH STEEL INDUSTRIES SDN. BHD.,,,,,,,,,
MVP BUILDER SDN. BHD.,,,,,,,,,
N CON ENGINEERING WORKS,,,,,,,,,
NAGATRON ENGINEERING SDN. BHD.,,,,,,,,,
NATION POWER ENGINEERING SDN. BHD.,,,,,,,,,
NCB ENTERPRISE SDN. BHD.,,,,,,,,,
NEW WAY CONSTRUCTION SDN. BHD.,,,,,,,,,
NKM PLUMBING ENGINEERING SDN. BHD.,,,,,,,,,
NOBLE WAY SDN. BHD.,,,,,,,,,
OSS ULTIMATE ENGINEERING SDN. BHD.,,,,,,,,,
P&P POWERHOUSE SDN. BHD.,,,,,,,,,
PAGARBUDI (M) SDN. BHD.,,,,,,,,,
PC GEOTECHNIC SDN. BHD.,,,,,,,,,
PC INSTALLATION & CONTRACTING SDN. BHD.,,,,,,,,,
PECK CHEW PILING (M) SDN. BHD.,,,,,,,,,
PECK CHEW PILING (SARAWAK) SDN. BHD.,,,,,,,,,
PEMBINAAN FARTA SDN. BHD.,,,,,,,,,
PEMBINAAN HIAP SOON SDN. BHD.,,,,,,,,,
PEMBINAAN ISMAIL SDN. BHD.,,,,,,,,,
PEMBINAAN NESCAYA SDN. BHD.,,,,,,,,,
PEMBINAAN SEGALA TEGUH SDN. BHD.,,,,,,,,,
PEMBINAAN SJJ SDN. BHD.,,,,,,,,,
PEMBINAAN TEGAK SDN BERHAD,,,,,,,,,
PEMBINAAN TLN SDN. BHD.,,,,,,,,,
PEMBINAAN TUGAS POSITIF SDN. BHD.,,,,,,,,,
PERMATA HANI ENTERPRISE (M) SDN. BHD.,,,,,,,,,
PKW CONSTRUCTION SDN. BHD.,,,,,,,,,
PLATINUM UNITED BUILDERS SDN. BHD.,,,,,,,,,
PLATINUM UNITED HOLDING SDN. BHD.,,,,,,,,,
POTENSI CEKAL SDN. BHD.,,,,,,,,,
PREVAIL BUILDER SDN. BHD.,,,,,,,,,
PRIMA WAHYU SDN. BHD.,,,,,,,,,
PROCESS-3 SERVICES SOLUTION SDN. BHD.,,,,,,,,,
PROWELD ENGINEERING SDN. BHD.,,,,,,,,,
QL GLOBAL RESOURCES SDN. BHD.,,,,,,,,,
QMS CONSTRUCTION (M) SDN. BHD.,,,,,,,,,
RAMACON ENGINEERING & CONSTRUCTION SDN. BHD.,,,,,,,,,
RAPS SOLUTIONS SDN. BHD.,,,,,,,,,
RE SEN M&E ENGINEERING SDN. BHD.,,,,,,,,,
REDSUN ENGINEERING SDN. BHD.,,,,,,,,,
RH M&E SDN. BHD.,,,,,,,,,
RIA KISTANA SDN. BHD.,,,,,,,,,
RIGID PILING & CONSTRUCTION SDN. BHD.,,,,,,,,,
RJ METALS SDN. BHD.,,,,,,,,,
RJ STEEL SDN. BHD.,,,,,,,,,
RKT VENTURES SDN. BHD.,,,,,,,,,
RMA DEVELOPMENT SDN. BHD.,,,,,,,,,
RZE BINA SDN. BHD.,,,,,,,,,
SAFETY & ENVIRONMENTAL LABORATORY SDN. BHD.,,,,,,,,,
SALAM ABADI CONSTRUCTION SDN. BHD.,,,,,,,,,
SALURAN MEGABINA SDN. BHD.,,,,,,,,,
SARAN DAYA SDN. BHD.,,,,,,,,,
SEE MA PILING & CONSTRUCTION SDN. BHD.,,,,,,,,,
SEMANGAT BINA SDN. BHD.,,,,,,,,,
SGM ENGINEERING SDN. BHD.,,,,,,,,,
SHAN HENG CONSTRUCTION SDN. BHD.,,,,,,,,,
SOLAR BINA ENGINEERING SDN. BHD.,,,,,,,,,
SOLID HORIZON SDN. BHD.,,,,,,,,,
SRI PANTAS SDN. BHD.,,,,,,,,,
SS FIBRE ENGINEERING WORKS SDN. BHD.,,,,,,,,,
SU HUA ECOPOWER ENGINEERING SDN. BHD.,,,,,,,,,
SUBARUTECH M&E SDN. BHD.,,,,,,,,,
SUNSUI REALTY SDN. BHD.,,,,,,,,,
SUPERB MODERN CONSTRUCTION & ENGINEERING SDN. BHD.,,,,,,,,,
SYARIKAT BINAAN JAYA SEPAKAT (M) SDN. BHD.,,,,,,,,,
SYKT. PEMBINAAN SOW TEE SDN. BHD.,,,,,,,,,
T.L.ENGINEERING & TRADING,,,,,,,,,
TACK YAP CONSTRUCTION (M) SDN. BHD.,,,,,,,,,
TAIPANCO SDN. BHD.,,,,,,,,,
TANAMSONG CONSTRUCTION SDN. BHD.,,,,,,,,,
TANJONG EXCELLENCE SDN. BHD.,,,,,,,,,
TCL DECORATION SDN. BHD.,,,,,,,,,
TEAKCON CONSTRUCTION SDN. BHD.,,,,,,,,,
TEAM SPEED CONSTRUCTION SDN. BHD.,,,,,,,,,
TECHNIC CRUSHING RESOURCES (M) SDN. BHD.,,,,,,,,,
TERRAJAYA PLUS SDN. BHD.,,,,,,,,,
THP TRADING & CONSTRUCTION,,,,,,,,,
TIP TOP METAL SYSTEM FORMWORK SDN. BHD.,,,,,,,,,
TJY ENGINEERING SDN. BHD.,,,,,,,,,
TKT BINA SDN. BHD.,,,,,,,,,
TLN MANAGEMENT SDN. BHD.,,,,,,,,,
TNH PILING & CONSTRUCTION SDN. BHD.,,,,,,,,,
TOHOKU CONSTRUCTION SDN. BHD.,,,,,,,,,
TOP-MECH PROVINCIAL SDN. BHD.,,,,,,,,,
TRACTOR-LINE INDUSTRIES SDN. BHD.,,,,,,,,,
TRISUN CONSTRUCTION SDN. BHD.,,,,,,,,,
TRT ENGINEERING (M) SDN. BHD.,,,,,,,,,
TTH CONSTRUCTION SDN. BHD.,,,,,,,,,
UNIQUE BUDGET SDN. BHD.,,,,,,,,,
UNIVISUAL INTEGRATED SDN. BHD.,,,,,,,,,
UPICON BUILDER SDN. BHD.,,,,,,,,,
USAHA PRAKARSA (M) SDN. BHD.,,,,,,,,,
VALMECH ENGINEERING SDN. BHD.,,,,,,,,,
VECTOR KUALA LUMPUR SDN. BHD.,,,,,,,,,
VG METAL TECHNOLOGY (M) SDN. BHD.,,,,,,,,,
VILLA TECHNOBUILD SDN. BHD.,,,,,,,,,
VY ENGINEERING AND CONSTRUCTION SDN. BHD.,,,,,,,,,
VY PLUMBING CONSTRUCTION SDN. BHD.,,,,,,,,,
W.W. ELECTRICAL & MECHANICAL SDN. BHD.,,,,,,,,,
WAN BI SDN. BHD.,,,,,,,,,
WANGSA HEBAT SDN. BHD.,,,,,,,,,
WARISAN INDUK SDN. BHD.,,,,,,,,,
WHITE HORSE METAL (M) SDN. BHD.,,,,,,,,,
WIJADI RESOURCES SDN. BHD.,,,,,,,,,
WIRA M & E SDN. BHD.,,,,,,,,,
WPE ENGINEERING SDN. BHD.,,,,,,,,,
WTK ENGINEERING SDN. BHD.,,,,,,,,,
XYTEX INDUSTRIES SDN. BHD.,,,,,,,,,
YDG MEGA BINA SDN. BHD.,,,,,,,,,
YEE LOONG ENGINEERING SDN. BHD.,,,,,,,,,
YEU KAT HUAT CONSTRUCTION SDN. BHD.,,,,,,,,,
YI-SHIN ENGINEERING SDN. BHD.,,,,,,,,,
YL GROWN DEVELOPMENT SDN. BHD.,,,,,,,,,
YSK GLOBE SDN. BHD.,,,,,,,,,
YU CONSTRUCTION SDN. BHD.,,,,,,,,,
ZIH FUNG CONSTRUCTION SDN. BHD.,,,,,,,,,
ZIZ SHENG CONSTRUCTION SDN. BHD.,,,,,,,,,
APEX FULCRUM SDN. BHD.,,,,,,,,,
CLT CONTRACT SDN. BHD.,,,,,,,,,
HOW THONG CONSTRUCTION & CIVIL ENGINEERING SDN. BHD.,,,,,,,,,
INFINITY RC BUILDER SDN. BHD.,,,,,,,,,
LIWO BINA SDN. BHD.,,,,,,,,,
OMS TECHNOLOGY SDN. BHD.,,,,,,,,,
PERNIAGAAN DAN KEJURUTERAAN SUTERA JAYA SDN. BHD.,,,,,,,,,
TLH SOLUTION (M) SDN. BHD.,,,,,,,,,
A.I. TOTAL ENGINEERING SDN. BHD.,,,,,,,,,
ACTIVE TRAFFIC CONSTRUCTION SDN. BHD.,,,,,,,,,
ADAZA HUTSON SDN. BHD.,,,,,,,,,
AIRSTAR (M) SDN. BHD.,,,,,,,,,
AIRTECH VENTURES SDN. BHD.,,,,,,,,,
AJUDAN SETIA SDN. BHD.,,,,,,,,,
AKMAL COOLING ENGINEERING SDN. BHD.,,,,,,,,,
AMALIENA CONSTRUCTION SDN. BHD.,,,,,,,,,
ANGKA BERNAS SDN. BHD.,,,,,,,,,
ANTENA SENSASI SDN. BHD.,,,,,,,,,
ANZ SOLUTION SDN. BHD.,,,,,,,,,
ARENA ENERGY SDN. BHD.,,,,,,,,,
ARMADA KIDAL (M) SDN. BHD.,,,,,,,,,
ARSS MEGA MAJU ENGINEERING (M) SDN. BHD.,,,,,,,,,
ASET PERWIRA (M) SDN. BHD.,,,,,,,,,
ASIA COMMUNICATION & ELECTRONIC SDN. BHD.,,,,,,,,,
ASSET CONSTRUCTION SDN. BHD.,,,,,,,,,
AXIS TECHNOLOGY RESOURCES (M) SDN. BHD.,,,,,,,,,
BASENET TECHNOLOGY SDN. BHD.,,,,,,,,,
BASTION SYSTEMS SDN. BHD.,,,,,,,,,
BENNOVA MECHANICAL ENGINEERING SDN. BHD.,,,,,,,,,
BESTARI ANGGUN SDN. BHD.,,,,,,,,,
BGMC CORPORATION SDN. BHD.,,,,,,,,,
BINARUSMA SDN. BHD.,,,,,,,,,
BINATECH VENTURES SDN. BHD.,,,,,,,,,
BIZTRADE VENTURES SDN. BHD.,,,,,,,,,
BMC LEGEND BUILDER SDN. BHD.,,,,,,,,,
BOON WAH AIR - CONDITIONING ENGINEERING SDN. BHD.,,,,,,,,,
BPE ENERGY SDN. BHD.,,,,,,,,,
BRIGHT FIRM CONSTRUCTION SDN. BHD.,,,,,,,,,
BUMI RIMBA BUILDERS SDN. BHD.,,,,,,,,,
CAPSULE CONSTRUCTION SDN. BHD.,,,,,,,,,
CETUSAN SURIA SDN. BHD.,,,,,,,,,
CHIN NAM CONSTRUCTION (M) SDN. BHD.,,,,,,,,,
CLIFDEN SOLUTION SDN. BHD.,,,,,,,,,
COBRA FORCE SDN. BHD.,,,,,,,,,
COMPACT VISION SDN. BHD.,,,,,,,,,
CUBIC SPHERE SDN. BHD.,,,,,,,,,
D ' AMANTE (M) SDN. BHD.,,,,,,,,,
D ' SANJUNG HOLDINGS SDN. BHD.,,,,,,,,,
DAMAIKON SDN. BHD.,,,,,,,,,
DENSUI SDN. BHD.,,,,,,,,,
DRAFFA GLOBAL SERVICES (M) SDN. BHD.,,,,,,,,,
DZK RESOURCES SDN. BHD.,,,,,,,,,
EAR ENGINEERING SDN. BHD.,,,,,,,,,
EAST ASIA ELEVATOR SDN. BHD.,,,,,,,,,
EBAR PRIMA (M) SDN. BHD.,,,,,,,,,
ECOBUILDERS SDN. BHD.,,,,,,,,,
EDINSON POWER SDN. BHD.,,,,,,,,,
ELECTRICA TECHNOLOGY SDN. BHD.,,,,,,,,,
ENCORE ACE SDN. BHD.,,,,,,,,,
ENERGY DOT COM SDN. BHD.,,,,,,,,,
ENFORTURE TECHNOLOGY SDN. BHD.,,,,,,,,,
EQVEST (M) SDN. BHD.,,,,,,,,,
ETD ENERGY SDN. BHD.,,,,,,,,,
ETD MAKMUR (M) SDN. BHD.,,,,,,,,,
EUREKA CEKLEE SDN. BHD.,,,,,,,,,
EVERGROW VENTURES SDN. BHD.,,,,,,,,,
EVTECH VENTURES SDN. BHD.,,,,,,,,,
EXCEL GLASS ENGINEERING SDN. BHD.,,,,,,,,,
EXPERT METAL WORKS SDN. BHD.,,,,,,,,,
FAIRPARK CORPORATION SDN. BHD.,,,,,,,,,
FAR FRONTIER ENERGY SERVICES SDN. BHD.,,,,,,,,,
FARO ENGINEERING (M) SDN. BHD.,,,,,,,,,
FEDERAL PAINTS MANUFACTURING (M) SDN. BHD.,,,,,,,,,
FORBES SOLUTION SDN. BHD.,,,,,,,,,
FZ BINAJAYA SDN. BHD.,,,,,,,,,
GABUNGMAS SDN. BHD.,,,,,,,,,
GCW SYSTEM SDN. BHD.,,,,,,,,,
GENETEC TECHNOLOGY BERHAD,,,,,,,,,
GLOBAL VICTORY NETWORK SDN. BHD.,,,,,,,,,
GLOBEGAS ENGINEERING SDN. BHD.,,,,,,,,,
GRAND MILLENNIAL CONSTRUCTION SDN. BHD.,,,,,,,,,
GRAND TEKNIK BINA SDN. BHD.,,,,,,,,,
GRID VISION T&D SDN. BHD.,,,,,,,,,
GSL MATERIALS RECYCLING SDN. BHD.,,,,,,,,,
H20 ENGINEERING & SOLUTIONS SDN. BHD.,,,,,,,,,
HAIL MEGAH HOLDING (M) SDN. BHD.,,,,,,,,,
HARGA BUDI SDN. BHD.,,,,,,,,,
HAYASAN MUTIARA SDN. BHD.,,,,,,,,,
HCM ENGINEERING SDN. BHD.,,,,,,,,,
HEMARK ENGINEERING SDN. BHD.,,,,,,,,,
HIGH RISE MILLENNIUM SDN. BHD.,,,,,,,,,
HIGHBASE RESOURCES SDN. BHD.,,,,,,,,,
HOMETAGE BUILDER SDN. BHD.,,,,,,,,,
HYK BINA SDN. BHD.,,,,,,,,,
ICT NET SDN. BHD.,,,,,,,,,
I-GEN RESOURCES SDN. BHD.,,,,,,,,,
IHRAF VENTURES SDN. BHD.,,,,,,,,,
IKRAM ENGINEERING SERVICES SDN. BHD.,,,,,,,,,
IMPETUS PACIFIC SDN. BHD.,,,,,,,,,
INDERA PERSADA SDN. BHD.,,,,,,,,,
INFINITE FLEXIBLE PLT,,,,,,,,,
INFO WINGS SDN. BHD.,,,,,,,,,
INFRA FOCUS (M) SDN. BHD.,,,,,,,,,
ING SHAPAN SDN. BHD.,,,,,,,,,
INTELLECTUAL BUILDERS SDN. BHD.,,,,,,,,,
INTELLIGENT POWER SYSTEM TECHNOLOGY SDN. BHD.,,,,,,,,,
INTERFLEET RAIL ENGINEERING & CONSULTING SDN. BHD.,,,,,,,,,
INTERSTRIVE SDN. BHD.,,,,,,,,,
IQTIQAD MAJU SDN. BHD.,,,,,,,,,
ISLAH MEGA SDN. BHD.,,,,,,,,,
JATI SEGERA SDN. BHD.,,,,,,,,,
JATI TINGGI HOLDING SDN. BHD.,,,,,,,,,
JOTERA CONSTRUCTION SDN. BHD.,,,,,,,,,
JUTABINA SEMPURNA SDN. BHD.,,,,,,,,,
JUWARA SATOE SDN. BHD.,,,,,,,,,
JV VISION SDN. BHD.,,,,,,,,,
KARIM ENGINEERING SDN. BHD.,,,,,,,,,
KASDY BUILDERS SDN. BHD.,,,,,,,,,
KASIN RESOURCES (M) SDN. BHD.,,,,,,,,,
KAZI TECHNICAL SYSTEMS SDN. BHD.,,,,,,,,,
KEB VENTURES SDN. BHD.,,,,,,,,,
KEJURUTERAAN BUMIBARAT SDN. BHD.,,,,,,,,,
KELOLA HANDAL SDN. BHD.,,,,,,,,,
KOPERASI MUAFAKAT PEKERJA SELANGOR BERHAD,,,,,,,,,
KT WAWASAN SDN. BHD.,,,,,,,,,
KUMPULAN IKRAM SDN. BHD.,,,,,,,,,
LEBROTHERS CONSTRUCTION SDN. BHD.,,,,,,,,,
LEGEND PILING & CONSTRUCTION SDN. BHD.,,,,,,,,,
LEMBAH PERMAI ENGINEERING SDN. BHD.,,,,,,,,,
LI TECH SWITCHGEAR (M) SDN. BHD.,,,,,,,,,
LIAN TAT METAL WORKS SDN. BHD.,,,,,,,,,
LLK AGRO SYSTEM SDN. BHD.,,,,,,,,,
LS SENG ELECTRICAL SDN. BHD.,,,,,,,,,
LTT INTERIOR CONSTRUCTION SDN. BHD.,,,,,,,,,
LUCKYHOME ENGINEERING SDN. BHD.,,,,,,,,,
LZ TERAJU RESOURCES SDN. BHD.,,,,,,,,,
MAGNITUDE POWER SDN. BHD.,,,,,,,,,
MAHI GLOBAL SDN. BHD.,,,,,,,,,
MAJU JAYA PASARANA SDN. BHD.,,,,,,,,,
MAJU LAND (M) SDN. BHD.,,,,,,,,,
MARITIMBUN SDN. BHD.,,,,,,,,,
MARSHIVA HIGH TECH SDN. BHD.,,,,,,,,,
MASGY ENGINEERING & SERVICES SDN. BHD.,,,,,,,,,
MAYURA SOLUTIONS SDN. BHD.,,,,,,,,,
MAZATEKNIK SDN. BHD.,,,,,,,,,
MEGA PREFAB SDN. BHD.,,,,,,,,,
MENANG ENGINEERING SDN. BHD,,,,,,,,,
MERANTI MARSHAL SDN. BHD.,,,,,,,,,
MERITITAN SDN. BHD.,,,,,,,,,
MGR ONE CONSTRUCTION SDN. BHD.,,,,,,,,,
MIDASCOM NETWORK SDN. BHD.,,,,,,,,,
MIL-TECH SDN. BHD.,,,,,,,,,
MING HING ALUMINIUM SDN. BHD.,,,,,,,,,
MIR CORPORATION SDN. BHD.,,,,,,,,,
MK FAITH TRADE BUILDERS SDN. BHD.,,,,,,,,,
MM MATRIX INTEGRITY (M) SDN. BHD.,,,,,,,,,
MMA TECH ENGINEERING SDN. BHD.,,,,,,,,,
MNA GREEN TECH SDN. BHD.,,,,,,,,,
MODERN HOMES KITCHEN & RENOVATION SDN. BHD.,,,,,,,,,
MODULAR QUEST SDN. BHD.,,,,,,,,,
MOZ (M) SDN. BHD.,,,,,,,,,
MSK SMART SDN. BHD.,,,,,,,,,
MST ENGINEERING GLOBAL SDN. BHD.,,,,,,,,,
MULTI SKILLED ENGINEERING SDN. BHD.,,,,,,,,,
MULTIAMPLE CONSTRUCTION SDN. BHD.,,,,,,,,,
MY HIJRAH SDN. BHD.,,,,,,,,,
MZ RAHMAN CONSTRUCTION SDN. BHD.,,,,,,,,,
NESB CONSTRUCTION SDN. BHD.,,,,,,,,,
NEWRGY VENTURES SDN. BHD.,,,,,,,,,
NIHON COATINGS (M) SDN. BHD.,,,,,,,,,
NORLI EMPIRE,,,,,,,,,
NOVANZA SDN. BHD.,,,,,,,,,
NOVATIS RESOURCES SDN. BHD.,,,,,,,,,
NOZOMITECH SDN. BHD.,,,,,,,,,
NULIS SYNERGY SDN. BHD.,,,,,,,,,
OAKVILLE DEVELOPMENT SDN. BHD.,,,,,,,,,
ONE INTERIOR & FIT - OUT WORKS SDN. BHD.,,,,,,,,,
OPTM LEVERAGE M & E SDN. BHD.,,,,,,,,,
PAKAR MANAGEMENT TECHNOLOGY (M) SDN. BHD.,,,,,,,,,
PARADIGM ENERGY SDN. BHD.,,,,,,,,,
PARADISE NETWORK SDN. BHD.,,,,,,,,,
PCH MACHINERY & CONSTRUCTION SDN. BHD.,,,,,,,,,
PEGASUS BESTARI SDN. BHD.,,,,,,,,,
PEMBINAAN JEMERLANG SDN.BHD.,,,,,,,,,
PEMBINAAN KCT SDN. BHD.,,,,,,,,,
PEMBINAAN MUZQI (M) SDN. BHD.,,,,,,,,,
PEMBINAAN OSM SDN. BHD.,,,,,,,,,
PEMBINAAN WEI LIN SDN. BHD.,,,,,,,,,
PENAWAR INTERNATIONAL SDN. BHD.,,,,,,,,,
PERWIRA CONSTRUCTION AND IRON,,,,,,,,,
PINTAR GEMBIRA SDN. BHD.,,,,,,,,,
PLM INTERIORS SDN. BHD.,,,,,,,,,
POWER & GRID SDN. BHD.,,,,,,,,,
POWER FRONTIER CONSOLIDATED SDN. BHD.,,,,,,,,,
POWERBEX CORPORATION SDN. BHD.,,,,,,,,,
PRASARANA BISTARI SDN. BHD.,,,,,,,,,
PRIMAA RAKAN SDN. BHD.,,,,,,,,,
PRO WE ENGINEERING SDN. BHD.,,,,,,,,,
PS CHEN RENOVATION WORKS SDN. BHD.,,,,,,,,,
RAFIQUE CONSTRUCTION SDN. BHD.,,,,,,,,,
RAVVEL BUILDER SDN. BHD.,,,,,,,,,
RBS LEGACY SDN. BHD.,,,,,,,,,
REFINED CONTOUR SDN. BHD.,,,,,,,,,
REGALBINA SDN. BHD.,,,,,,,,,
REKO PROJECTS SDN. BHD.,,,,,,,,,
RIBUAN MUTIARA CEKAL SDN. BHD.,,,,,,,,,
RIBUAN SENI SDN. BHD.,,,,,,,,,
RL & L CONTRACT MANAGEMENT SERVICES SDN. BHD.,,,,,,,,,
RMMF ZONE SDN. BHD.,,,,,,,,,
RUL SYNERGY SDN. BHD.,,,,,,,,,
RVTECH SYNERGY SDN. BHD.,,,,,,,,,
SALURAN CEKAP (M) SDN. BHD.,,,,,,,,,
SEAMANDIS (M) SDN. BHD.,,,,,,,,,
SEMARAK BAHAGIA SDN. BHD.,,,,,,,,,
SETARA TANDING ENTERPRISE,,,,,,,,,
SETIA URUSHARTA SDN. BHD.,,,,,,,,,
SHCORP SDN. BHD.,,,,,,,,,
SIGMA WAVE SDN. BHD.,,,,,,,,,
SIGTON (M) SDN. BHD.,,,,,,,,,
SIGTON ENGINEERING SDN. BHD.,,,,,,,,,
SIM SEE HUA BROTHERS SDN. BHD.,,,,,,,,,
SIN YEE HUP CONSTRUCTION SDN. BHD.,,,,,,,,,
SKC CONSTRUCTION (M) SDN. BHD.,,,,,,,,,
SL ENGINEERING SDN.BHD.,,,,,,,,,
SLS DECOR & CONSTRUCTION SDN. BHD.,,,,,,,,,
SNAB FOCUS SDN. BHD.,,,,,,,,,
SPACE OPTIMUM SDN. BHD.,,,,,,,,,
SRI SEKAMAT ENTERPRISE SDN. BHD.,,,,,,,,,
STAR PLUMBING SDN. BHD.,,,,,,,,,
SUACONCEPT PRO SDN. BHD.,,,,,,,,,
SUPER IRON WORKS SDN. BHD.,,,,,,,,,
SWAJA FACADE SDN. BHD.,,,,,,,,,
SYARQIAH HOLDINGS SDN. BHD.,,,,,,,,,
SYUKRAN MAJU SDN. BHD.,,,,,,,,,
TANJUNG MANIS CORPORATION SDN. BHD.,,,,,,,,,
TCK ALUMINIUM SDN. BHD.,,,,,,,,,
TEGAP MAINTENANCE SDN. BHD.,,,,,,,,,
TEKAD COMMUNICATIONS (M) SDN. BHD.,,,,,,,,,
TEN PRO SDN. BHD.,,,,,,,,,
TENBEX ENGINEERING SDN. BHD.,,,,,,,,,
TERUJA DUNIA SDN. BHD.,,,,,,,,,
TINAKARAN CONSTRUCTION (M) SDN. BHD.,,,,,,,,,
TIRAI SEMARAK SDN. BHD.,,,,,,,,,
TLS BUILDING CONTRACTOR SDN. BHD.,,,,,,,,,
TOP ENGINEERING WORKS SDN. BHD.,,,,,,,,,
TOPAZ JAYA SDN. BHD.,,,,,,,,,
TRANS HANDAN BRIDGE SDN. BHD.,,,,,,,,,
TRC CONSTRUCTION SDN. BHD.,,,,,,,,,
TRI PACIFIC ENGINEERING SDN. BHD.,,,,,,,,,
TS BINAJAYA SDN. BHD.,,,,,,,,,
TS CHUAN ENGINEERING & DRILLING SDN. BHD.,,,,,,,,,
TTC JAYA SDN. BHD.,,,,,,,,,
TTE CONSTRUCTION SDN. BHD.,,,,,,,,,
TUAH USAHA SDN. BHD.,,,,,,,,,
TY Interiors PLT,,,,,,,,,
UBIQUITOUS CONSTRUCTION SDN. BHD.,,,,,,,,,
UFUK RATA SDN. BHD.,,,,,,,,,
UMJ ENGINEERING SDN. BHD.,,,,,,,,,
UNDANG HOLDINGS SDN. BHD.,,,,,,,,,
UNITRANZ ENGINEERING SDN. BHD.,,,,,,,,,
V TRADERS SDN. BHD.,,,,,,,,,
VEBUILD DESIGN SDN. BHD.,,,,,,,,,
VEGETTA CHAMPION SDN. BHD.,,,,,,,,,
VEM ENGINEERING SDN. BHD.,,,,,,,,,
VIRTECH ENGINEERING SDN. BHD.,,,,,,,,,
VIRTUAL REALITY SOLUTIONS SDN. BHD.,,,,,,,,,
VM CONTRACT SDN. BHD.,,,,,,,,,
WARIS DUNIA SDN. BHD.,,,,,,,,,
WARNA HARTANAH SDN. BHD.,,,,,,,,,
WAS MAJU PERKASA SDN. BHD.,,,,,,,,,
WELLCOCON SDN. BHD.,,,,,,,,,
WISDOM MERGE ENGINEERING SDN. BHD.,,,,,,,,,
WTK MANUFACTURING SDN. BHD.,,,,,,,,,
WTK TECHNOLOGIES (M) SDN. BHD.,,,,,,,,,
YBKMM TUNGGAL (M) SDN. BHD.,,,,,,,,,
YM GOLDEN SDN. BHD.,,,,,,,,,
YMK MULIA HOLDING SDN. BHD.,,,,,,,,,
YUSON ENGINEERING (M) SDN. BHD.,,,,,,,,,
ZHAF REICH CONSTRUCTION & DESIGN SDN. BHD.,,,,,,,,,
ADSI ENGINEERING SDN. BHD.,,,,,,,,,
AI SYSTEM ENGINEERING & SERVICES SDN. BHD.,,,,,,,,,
AIK LOUNG LAND & MARINE ELECTRIC MOTOR WORKS S/B.,,,,,,,,,
AIR-MARINE CARGO AGENCY SDN.BHD.,,,,,,,,,
BADAS ENERGY GROUP SDN. BHD.,,,,,,,,,
BBC CONSTRUCTION SENDIRIAN BERHAD,,,,,,,,,
BGC CONSTRUCTION SDN. BHD.,,,,,,,,,
BGC DEVELOPMENT SDN. BHD.,,,,,,,,,
BINACON ENTERPRISE,,,,,,,,,
BINTULU SAN HENG ENGINEERING SDN. BHD.,,,,,,,,,
BINTULU THAI ENGINEERING SDN. BHD.,,,,,,,,,
BINTULU TIONG ENGINEERING SDN. BHD.,,,,,,,,,
BMECH CONSTRUCTION SDN. BHD.,,,,,,,,,
BMECH ENGINEERING SDN. BHD.,,,,,,,,,
BORNEO FORTUNE SDN. BHD.,,,,,,,,,
BULLSTATE SDN. BHD.,,,,,,,,,
BUMIRIM SDN. BHD.,,,,,,,,,
CEMERLANG BUMIMAS SDN. BHD.,,,,,,,,,
CERGAS RAYA SDN. BHD.,,,,,,,,,
CREST LAND HOLDINGS SDN. BHD.,,,,,,,,,
DAYABARU SDN. BHD.,,,,,,,,,
DOOWON MALAYSIA SDN. BHD.,,,,,,,,,
EAST MARINE (SARAWAK) SDN. BHD.,,,,,,,,,
ELEKTRO SERVE POWER SDN. BHD.,,,,,,,,,
ELITE GREENWORLD SDN. BHD.,,,,,,,,,
FILIX (BTU) ELECTRICAL WORKS SDN. BHD.,,,,,,,,,
FUMIKO SDN. BHD.,,,,,,,,,
GESTOWN CONSTRUCTION SDN. BHD.,,,,,,,,,
GOLDEN IRA ENGINEERING SDN. BHD.,,,,,,,,,
GRAND LIGHT SDN. BHD.,,,,,,,,,
GRANDEE DEVELOPMENT SDN. BHD.,,,,,,,,,
HARBOUR-LINK LOGISTICS SDN. BHD.,,,,,,,,,
HBS & ASSOCIATES SDN. BHD.,,,,,,,,,
HJS ENGINEERING SDN. BHD.,,,,,,,,,
HLG EQUIPMENT SDN. BHD.,,,,,,,,,
HLM MACHINERY SDN. BHD.,,,,,,,,,
HOCK NGIE SENG CONSTRUCTION,,,,,,,,,
HORNBILL PRECISION & TECHNICAL SERVICES SDN. BHD.,,,,,,,,,
HYUP SOON INDUSTRIES SDN.BHD.,,,,,,,,,
INDIGO ENGINEERING SDN. BHD.,,,,,,,,,
JAIRUL SOLUTIONS SDN. BHD.,,,,,,,,,
JAKAYA DEVELOPMENT CORPORATION SDN BHD,,,,,,,,,
JAYVESTAR SDN. BHD.,,,,,,,,,
KEJURUTERAAN GEMILANG JAYA SDN. BHD.,,,,,,,,,
KEMENA HOLDING SDN. BHD.,,,,,,,,,
KEMUDI HARTA SDN. BHD.,,,,,,,,,
KINTOWN DEVELOPMENT SDN. BHD.,,,,,,,,,
KUMUS SDN. BHD.,,,,,,,,,
LYK HONG & SONS REALTY SDN. BHD.,,,,,,,,,
MAKES BUILDERS SDN. BHD.,,,,,,,,,
MAYSVILLE SDN. BHD.,,,,,,,,,
MEGAH TITANIUM SDN. BHD.,,,,,,,,,
METRO MEKAR SDN. BHD.,,,,,,,,,
MK ACE ENGINEERING SDN. BHD.,,,,,,,,,
MSTF ENGINEERING & SUPPLY SDN. BHD.,,,,,,,,,
MULTI-ENGINEERING & MANAGEMENT SDN.BHD.,,,,,,,,,
NGUAN JIN ENTERPRISE SDN.BHD.,,,,,,,,,
NISAKI SDN. BHD.,,,,,,,,,
OGC BUILDER SDN. BHD.,,,,,,,,,
ONSURE SDN. BHD.,,,,,,,,,
PALING CONSTRUCTION SDN. BHD.,,,,,,,,,
PAN WIJAYA SDN. BHD.,,,,,,,,,
PERSAFE ENGINEERING SDN. BHD.,,,,,,,,,
POLY DRIVE SDN. BHD.,,,,,,,,,
PRO-BUILDER (SKK) SDN. BHD.,,,,,,,,,
PTT CORPORATION SDN. BHD.,,,,,,,,,
RAHABCO ENGINEERING & CONSTRUCTION SDN. BHD.,,,,,,,,,
RAJANG ENERGY SERVICES SDN. BHD.,,,,,,,,,
RBC ENGINEERING SDN. BHD.,,,,,,,,,
REFRA DINAMIK SDN. BHD.,,,,,,,,,
SCORE AL ENGINEERING SDN. BHD.,,,,,,,,,
SCORE EPCC SDN. BHD.,,,,,,,,,
SOONG WUNG INDUSTRIAL SDN. BHD.,,,,,,,,,
SOONLILEE CONSTRUCTION SDN. BHD.,,,,,,,,,
SPRING POWER SDN. BHD.,,,,,,,,,
SUBURSABA SDN. BHD.,,,,,,,,,
SUNMOW CONSTRUCTION SDN. BHD.,,,,,,,,,
SURIA BORNEO PRECISION SERVICES SDN. BHD.,,,,,,,,,
SYARIKAT CAYA DAYA SDN. BHD.,,,,,,,,,
TECK YIEN CONSTRUCTION SDN. BHD.,,,,,,,,,
TENAGA BUMISAR SDN. BHD.,,,,,,,,,
TERAPAN DINAMIK (M) SDN. BHD.,,,,,,,,,
TERMINAL AMAN SDN. BHD.,,,,,,,,,
TIP TOP ENGINEERING SDN. BHD.,,,,,,,,,
UNITED CREDIBLE SDN. BHD.,,,,,,,,,
VISTA TRADE SDN. BHD.,,,,,,,,,
WOOLUX SDN. BHD.,,,,,,,,,
APT WORD CAPITAL SDN. BHD.,,,,,,,,,
BELL HOMES DEVELOPMENT SDN. BHD.,,,,,,,,,
BPL ENGINEERING (M) SDN. BHD.,,,,,,,,,
BYG PROJECTS SDN. BHD.,,,,,,,,,
COSMOPOLITAN HOMES (GURNEY) SDN. BHD.,,,,,,,,,
GREENSCAPE GLOBAL SDN. BHD.,,,,,,,,,
HARTA INTAN CONSTRUCTION SDN. BHD.,,,,,,,,,
LM CONSORTIUM PLT,,,,,,,,,
M.E.I. PROJECT ENGINEERS SDN. BHD.,,,,,,,,,
SITE IMAGE BUILDERS SDN. BHD.,,,,,,,,,
AH CHOON CONSTRUCTION WORKS SDN. BHD.,,,,,,,,,
BC TECH BUILDERS SDN. BHD.,,,,,,,,,
BH CONSTRUCTION,,,,,,,,,
BSG GLOBAL BUILDERS SDN. BHD.,,,,,,,,,
CHOON HYE CONSTRUCTION SDN. BHD.,,,,,,,,,
CHOONGCONS (PENANG) SDN BHD,,,,,,,,,
CITY STAY SDN. BHD.,,,,,,,,,
CONSORTIUM ZENITH CONSTRUCTION SDN. BHD.,,,,,,,,,
CRETEART DESIGN & CONSTRUCTION SDN. BHD.,,,,,,,,,
DEFINITE PREFERENCE SDN. BHD.,,,,,,,,,
DILIGENT PERSPECTIVE SDN. BHD.,,,,,,,,,
DV ENGINEERING SDN. BHD.,,,,,,,,,
EHGCC SDN. BHD.,,,,,,,,,
EMERGLITE SDN. BHD.,,,,,,,,,
ENERPOWER M&E ENGINEERING SDN. BHD.,,,,,,,,,
ESTEEM AGENCY SDN. BHD.,,,,,,,,,
FAC MEC ENGINEERING SDN. BHD.,,,,,,,,,
FAIR WORK (M) SDN. BHD.,,,,,,,,,
G REKA MANAGEMENT SDN. BHD.,,,,,,,,,
G.C. TIMUR SDN. BHD.,,,,,,,,,
GRANDTIER CONSTRUCTION SDN. BHD.,,,,,,,,,
GREATFLOR SDN. BHD.,,,,,,,,,
GROUPLITE ENGINEERING SDN. BHD.,,,,,,,,,
HE YOU PLUMBING & SANITARY SDN. BHD.,,,,,,,,,
HEAVENLY LAND SDN. BHD.,,,,,,,,,
HLS PRO CONSTRUCTION SDN. BHD.,,,,,,,,,
HP BINA JAYA SDN. BHD.,,,,,,,,,
IFC SOLUTIONS SDN. BHD.,,,,,,,,,
INAZUME (M) SDN. BHD.,,,,,,,,,
INZSEF DESIGN SDN. BHD.,,,,,,,,,
IP ALUMINIUM ENGINEERING SDN. BHD.,,,,,,,,,
ISH DESIGN (M) SDN. BHD.,,,,,,,,,
IVORY MAX SDN. BHD.,,,,,,,,,
J. K. DINAMIK SDN. BHD.,,,,,,,,,
JBUILDER SDN. BHD.,,,,,,,,,
JOO QUAN KONTRAKTOR SDN. BHD.,,,,,,,,,
JR-TECH SOLUTION SDN. BHD.,,,,,,,,,
KCE ENTERPRISE,,,,,,,,,
KCLA ARCHITECTS SDN. BHD.,,,,,,,,,
KH-BASE ENGINEERING SDN. BHD.,,,,,,,,,
KHENG HONG CONSTRUCTION SDN. BHD.,,,,,,,,,
KOK CONSTRUCTION (M) SDN. BHD.,,,,,,,,,
LAM AH COMPANY SDN BHD,,,,,,,,,
LANDART DESIGN SDN. BHD.,,,,,,,,,
LS PEARL SDN. BHD.,,,,,,,,,
MAXFORCE CONSTRUCTION SDN. BHD.,,,,,,,,,
MEDAL - TECH CONSTRUCTION SDN. BHD.,,,,,,,,,
MENTARI BERSERI SDN. BHD.,,,,,,,,,
MERAKI THEMEWORKS SDN. BHD.,,,,,,,,,
MUTIARA LAND BUILDERS SDN. BHD.,,,,,,,,,
MUTIARA M&E SDN. BHD.,,,,,,,,,
NEASA CARPET & FURNISHING SDN. BHD.,,,,,,,,,
ONICE BUILDER SDN. BHD.,,,,,,,,,
OOI WAN LYE SDN. BHD.,,,,,,,,,
ORIENTAL REALTY SDN BHD,,,,,,,,,
PALMINGDALE SDN. BHD.,,,,,,,,,
PANCA ABADI CONSTRUCTION SDN. BHD.,,,,,,,,,
PANTAS ALAM SDN. BHD.,,,,,,,,,
PATSIFIT CONSTRUCTION SDN. BHD.,,,,,,,,,
PEM CAPITAL SDN. BHD.,,,,,,,,,
PEMBINAAN PEKAN BARU SDN. BHD.,,,,,,,,,
PEMBINAAN YSBT (M) SDN. BHD.,,,,,,,,,
PENINSULAR HOHUP SDN. BHD.,,,,,,,,,
PENTRONIC ENGINEERING SDN. BHD.,,,,,,,,,
PIPEWAY ENGINEERING SDN. BHD.,,,,,,,,,
PLUSMY ADVANCE ENGINEERING SDN. BHD.,,,,,,,,,
PREMIER PRONE SDN. BHD.,,,,,,,,,
PRIMOMED RESOURCES SDN. BHD.,,,,,,,,,
PRO TECH HERITAGE SDN. BHD.,,,,,,,,,
PROPEL INTERNATIONAL SDN. BHD.,,,,,,,,,
RIMBACO SDN. BHD.,,,,,,,,,
RISE DEVELOPMENT SDN. BHD.,,,,,,,,,
RUI KE ENGINEERING & CONSTRUCTION SDN. BHD.,,,,,,,,,
S LITE ELECTRICAL AND ENGINEERING SDN. BHD.,,,,,,,,,
SACCOTECH SDN. BHD.,,,,,,,,,
SEKRIJAYA SDN. BHD.,,,,,,,,,
SNS CONSTRUCTION & ENGINEERING SDN. BHD.,,,,,,,,,
SUMMITAIRE SDN. BHD.,,,,,,,,,
SUNSTONE CONSTRUCTION SDN. BHD.,,,,,,,,,
SYARIKAT NYAMAN SDN. BHD.,,,,,,,,,
SYARIKAT SUCCESS CONSTRUCTION SDN. BHD.,,,,,,,,,
TECH PRO ELECTRICAL ENGINEERING SDN. BHD.,,,,,,,,,
TELFRA ENGINEERING SDN. BHD.,,,,,,,,,
THEAM LEONG ELECTRICAL ENGINEERING SDN. BHD.,,,,,,,,,
THOMAS LANDSCAPE SDN. BHD.,,,,,,,,,
TIARA CONTOURS CONSTRUCTION SDN. BHD.,,,,,,,,,
TP ENGINEERING SOLUTIONS SDN. BHD.,,,,,,,,,
TRUSTCON SDN. BHD.,,,,,,,,,
ULTRA AIRCONDITION SDN. BHD.,,,,,,,,,
UNITED PLUMBING AND SANITATION SDN. BERHAD,,,,,,,,,
V-COOL ENGINEERING SDN. BHD.,,,,,,,,,
VIEWPLEX (M) SDN. BHD.,,,,,,,,,
VISI DINAMIK ENGINEERING SDN. BHD.,,,,,,,,,
VST CEMERLANG SDN. BHD.,,,,,,,,,
WTK BINA SDN. BHD.,,,,,,,,,
YANKEY ENGINEERING (MALAYSIA) SDN. BHD.,,,,,,,,,
YE CLEANROOM ARCHITECTURAL SDN. BHD.,,,,,,,,,
YOONG TSEN CONSTRUCTION SDN BHD.,,,,,,,,,
YUAN SENG BUILDING TRADING SDN. BHD.,,,,,,,,,
ZAINAZ SDN. BHD.,,,,,,,,,
ZESTIUM CONSTRUCTION SDN. BHD.,,,,,,,,,
ZHONG YING CONSTRUCTION SDN. BHD.,,,,,,,,,
ACE FIRE PROTECTION & SERVICES SDN. BHD.,,,,,,,,,
ADATECH SDN. BHD.,,,,,,,,,
AKK ALLIANCE SDN. BHD.,,,,,,,,,
ALAM KEJORA SDN. BHD.,,,,,,,,,
ALLINON ADVANCE TECHNOLOGY SDN. BHD.,,,,,,,,,
AMPLE FACADE SDN. BHD.,,,,,,,,,
ANOZ INDUSTRIES SDN. BHD.,,,,,,,,,
ASPEN VISION CONSTRUCTION SDN. BHD.,,,,,,,,,
BAN SOON AIK CONSTRUCTION SDN. BHD.,,,,,,,,,
BDC CORPORATION SDN. BHD.,,,,,,,,,
BOLD CONSTRUCTION SDN. BHD.,,,,,,,,,
BUILTECH ENGINEERING SDN. BHD.,,,,,,,,,
BUILTECH PROJECT MANAGEMENT SDN. BHD.,,,,,,,,,
CHUAN YANG CONSTRUCTION SDN. BHD.,,,,,,,,,
CHUANG YEH CONSTRUCTION (M) SDN.BHD.,,,,,,,,,
CHUANLOONG BUILDERS SDN. BHD.,,,,,,,,,
CONAIRE ENGINEERING SDN. BHD.,,,,,,,,,
CONQUEST FIRE ENGINEERING SDN. BHD.,,,,,,,,,
DYNAMIC CONSULTING & ENGINEERING SDN. BHD.,,,,,,,,,
ECK DEVELOPMENT SDN. BHD.,,,,,,,,,
ECT MANUFACTURING & CONSTRUCTION SDN. BHD.,,,,,,,,,
ELCO ADVANCE ENGINEERING (M) SDN. BHD.,,,,,,,,,
ESTAGOLD ENGINEERING SDN. BHD.,,,,,,,,,
GAE KWONG ELECTRICAL ENGINEERING SDN. BHD.,,,,,,,,,
HABIBULLAH CONSTRUCTION (M) SDN. BHD.,,,,,,,,,
HOMEWIN RENOVATION & CONSTRUCTION,,,,,,,,,
HONG LIGHT ELECTRICAL (M) SDN. BHD.,,,,,,,,,
HONG POH ENGINEERING CONSTRUCTION SDN. BHD.,,,,,,,,,
HONG POH PROJECT ENGINEERING SDN. BHD.,,,,,,,,,
IBEC (PG) SDN. BHD.,,,,,,,,,
INZSEF SDN. BHD.,,,,,,,,,
ISD REKABINA SDN. BHD.,,,,,,,,,
IVORY ASSOCIATES SDN. BHD.,,,,,,,,,
JAMIL GHANI CONSTRUCTION SDN. BHD.,,,,,,,,,
JUST ROOF INDUSTRIES SDN. BHD.,,,,,,,,,
KAMSEN CONSTRUCTION SDN. BHD.,,,,,,,,,
KEAN BENG PLUMBING & SANITARY SDN. BHD.,,,,,,,,,
KEAN CHOON CONSTRUCTION SDN. BHD.,,,,,,,,,
KIM AWNING CONSTRUCTION SDN. BHD.,,,,,,,,,
KINWAJAYA CONSTRUCTION (M) SDN. BHD.,,,,,,,,,
KOK AUN ENGINEERING SDN. BHD.,,,,,,,,,
KUNG ELECTRICAL SDN. BHD.,,,,,,,,,
KWEE HONG LETRIK SDN BHD,,,,,,,,,
LIGHTNING ELECTRICAL COMPANY,,,,,,,,,
LIGHTNING ELECTRICAL SDN. BHD.,,,,,,,,,
LIM CHUAN HOCK & SONS SDN. BHD.,,,,,,,,,
M SUMMIT BUILDERS SDN. BHD.,,,,,,,,,
MAIN CONSTRUCTION (MALAYSIA) SDN. BHD.,,,,,,,,,
MASUKA BINA SDN. BHD.,,,,,,,,,
MAXRAJIN SDN. BHD.,,,,,,,,,
MF BASE CONSTRUCTION SDN. BHD.,,,,,,,,,
MLG DESIGN & CONSTRUCTION SDN. BHD.,,,,,,,,,
MULTI-USAGE ENGINEERING SDN. BHD.,,,,,,,,,
NAJCOM SDN. BHD.,,,,,,,,,
NEKADBINA MAJU SDN. BHD.,,,,,,,,,
NORTHERN POWER ELECTRICAL ENGINEERING SDN. BHD.,,,,,,,,,
NOVA INNOVATIVE BUILDERS SDN. BHD.,,,,,,,,,
OCQ ENGINEERING SDN. BHD.,,,,,,,,,
ONG HAN MENG CONSTRUCTION SDN. BHD.,,,,,,,,,
PERDANIKA BERHAD,,,,,,,,,
REVTY CONSTRUCTION SDN. BHD.,,,,,,,,,
SBJ ENGINEERING SDN. BHD.,,,,,,,,,
SINTERANG LETRIK SDN. BHD.,,,,,,,,,
SKYLIGHT AIR CONDITION ENGINEERING,,,,,,,,,
SOLAR TWO-WAY RADIO SDN. BHD.,,,,,,,,,
SOON CHEONG PLUMBING &ENGINEERING,,,,,,,,,
SOUTH ISLAND BUILDING SDN. BHD.,,,,,,,,,
SYKT.SIM LIGHT ELECTRICAL,,,,,,,,,
TAMARINS BUILDER SDN. BHD.,,,,,,,,,
TBROS VENTURES SDN. BHD.,,,,,,,,,
TCB CONSTRUCTION SDN. BHD.,,,,,,,,,
TEH KEAN SAI SDN. BERHAD,,,,,,,,,
THONG SIN CONSTRUCTION SDN. BHD.,,,,,,,,,
TTY ID & CONSTRUCTION SDN. BHD.,,,,,,,,,
UCITA SDN. BHD.,,,,,,,,,
UNIXPOWER M.E. ENGINEERING SDN. BHD.,,,,,,,,,
UUM ENGINEERING SDN. BHD.,,,,,,,,,
VAST MERIT SDN. BHD.,,,,,,,,,
VISION WORLD VENTURE SDN. BHD.,,,,,,,,,
VYRAMID ELECTRICAL & ENGINEERING SDN. BHD.,,,,,,,,,
WEE LIAN CONSTRUCTION SDN. BHD.,,,,,,,,,
YC VENTURES SDN. BHD.,,,,,,,,,
YI SIN TILING SDN. BHD.,,,,,,,,,
YUAN TECK SDN. BHD.,,,,,,,,,
AAY CONSTRUCTION SDN. BHD.,,,,,,,,,
AFA CONSTRUCTION AND ENGINEERING SDN. BHD.,,,,,,,,,
ALI IBRAHIM HOLDINGS SDN. BHD.,,,,,,,,,
ANUGERAH M&E SDN. BHD.,,,,,,,,,
AS HORIZON SDN. BHD.,,,,,,,,,
ASIA PROPEL SDN. BHD.,,,,,,,,,
ASPEK SUSILA SDN. BHD.,,,,,,,,,
AWISE CAPITAL SDN. BHD.,,,,,,,,,
BAN HEE CONSTRUCTION SDN. BHD.,,,,,,,,,
BERKAT BUMIMAS SDN. BHD.,,,,,,,,,
BINA PURI SDN. BHD.,,,,,,,,,
BSL ECO ENERGY SDN. BHD.,,,,,,,,,
CAPAIAN PERSADA SDN. BHD.,,,,,,,,,
CAUSEWAY IRON WORKS SDN. BHD.,,,,,,,,,
CMH CONSTRUCTION & BLASTING SDN. BHD.,,,,,,,,,
CSN GLOBAL SDN. BHD.,,,,,,,,,
DATA GERAKAN SDN. BHD.,,,,,,,,,
DAYA BERSIH SDN. BHD.,,,,,,,,,
DHA MAJU SDN. BHD.,,,,,,,,,
ELANZ DESIGN BUILD SDN. BHD.,,,,,,,,,
ENQUEST CONSTRUCTION SDN. BHD.,,,,,,,,,
EUROPEAN PROFILES CONTRACTING SDN. BHD.,,,,,,,,,
EUROPEAN PROFILES SYSTEMS SDN. BHD.,,,,,,,,,
EVERSENDAI ENGINEERING SDN. BHD.,,,,,,,,,
EXACT FIGURE SDN. BHD.,,,,,,,,,
EXCEL ENGINEERING & CONSTRUCTION SDN. BHD.,,,,,,,,,
GEMILANG MAINTENANCE SERVICES SDN. BHD.,,,,,,,,,
HIGHGARD SDN. BHD.,,,,,,,,,
I ELEMENT ENGINEERING SDN. BHD.,,,,,,,,,
ITEM INDUSTRIAL ENGINEERING SDN. BHD.,,,,,,,,,
JEHANTECH SDN. BHD.,,,,,,,,,
KAMAL ENGINEERING SDN. BHD.,,,,,,,,,
KEJURUTERAAN BERPADU MAJU SDN. BHD.,,,,,,,,,
KUASATEK (M) SDN. BHD.,,,,,,,,,
LEX-BRIDGE ENGINEERING SDN. BHD.,,,,,,,,,
LIAZ SERVICES SDN. BHD.,,,,,,,,,
MARINFIELD SDN. BHD.,,,,,,,,,
MOTIF INDAH SDN. BHD.,,,,,,,,,
MTS FIBROMAT (M) SDN. BHD.,,,,,,,,,
OMELA CORPORATION SDN. BHD.,,,,,,,,,
PANNCHAMAM POOLS ENTERPRISE,,,,,,,,,
PEMBINAAN & LETRIK MALS SDN. BHD.,,,,,,,,,
PEMBINAAN INTRA KURNIA SDN. BHD.,,,,,,,,,
PERBUDI SDN. BHD.,,,,,,,,,
PERCON CORPORATION SDN. BHD.,,,,,,,,,
PEREMBUN (M) SDN. BHD.,,,,,,,,,
PETRA ONE ENGINEERING SDN. BHD.,,,,,,,,,
PETROLEC RESOURCES SDN. BHD.,,,,,,,,,
PLS CONSTRUCTION SDN. BHD.,,,,,,,,,
PROEIGHT SDN. BHD.,,,,,,,,,
PROLANE SDN. BHD.,,,,,,,,,
RAFTA BINA SDN. BHD.,,,,,,,,,
RAHAMANIYA BUILDERS SDN. BHD.,,,,,,,,,
RBE CONSTRUCTION SDN. BHD.,,,,,,,,,
ROWELL SDN. BHD.,,,,,,,,,
S.A. CONTINENTAL SDN. BHD.,,,,,,,,,
SANKI-KIGYO SDN.BHD.,,,,,,,,,
SETIA-WOOD INDUSTRIES SDN. BHD.,,,,,,,,,
SHR ENGINEERING (M) SDN. BHD.,,,,,,,,,
SINAR WIDURI SDN. BHD.,,,,,,,,,
SIPRO PLASTIC INDUSTRIES SDN. BHD.,,,,,,,,,
SLS ALPHA ENGINEERING & CONSTRUCTION SDN. BHD.,,,,,,,,,
SMF ENGINEERING SDN. BHD.,,,,,,,,,
SNT WATAN SDN. BHD.,,,,,,,,,
SRI SALAN SDN.BHD.,,,,,,,,,
STRENGTH ELECTRICAL (M) SDN. BHD.,,,,,,,,,
SUNGOLD CONSTRUCTION SDN. BHD.,,,,,,,,,
SYARIKAT AZAMME SDN.BHD.,,,,,,,,,
SYAZ GLOBAL SDN. BHD.,,,,,,,,,
TEAMCOAT ENGINEERING SDN. BHD.,,,,,,,,,
TELAGA ILMU SDN. BHD.,,,,,,,,,
TERAJU CONSTRUCTION & DEVELOPMENT SDN. BHD.,,,,,,,,,
TNG SDN.BHD.,,,,,,,,,
TNG TRUCKS SDN. BHD.,,,,,,,,,
TRI-JED BUILDERS SDN. BHD.,,,,,,,,,
TRISM KONTRAK SDN. BHD.,,,,,,,,,
TUNGKUS LUMUS SDN. BHD.,,,,,,,,,
URITEC TEAM (M) SDN. BHD.,,,,,,,,,
YAP YIN CHOOI & SONS CONSTRUCTION SDN. BHD.,,,,,,,,,
YLL SANITARY WORKS SDN. BHD.,,,,,,,,,
YM MACROWORK (M) SDN. BHD.,,,,,,,,,
ZELLECO ENGINEERING SDN. BHD.,,,,,,,,,
ABU BAKAR MS SDN. BHD.,,,,,,,,,
ACCENT BS SDN. BHD.,,,,,,,,,
ADF TECHNOLOGIES SDN. BHD.,,,,,,,,,
AIRE CELL ENGINEERING SDN. BHD.,,,,,,,,,
APPLIED ONE-O-ONE CONSTRUCTION SDN. BHD.,,,,,,,,,
ARK ENGINEERING & CONSTRUCTION SDN. BHD.,,,,,,,,,
ARK RESOURCES BERHAD,,,,,,,,,
ASSETS CARE SOLUTIONS SDN. BHD.,,,,,,,,,
BOON YONG LEE CONSTRUCTION SDN. BHD.,,,,,,,,,
BSL ENGINEERING SDN. BHD.,,,,,,,,,
C.E.M.B. ENGINEERING SDN. BHD.,,,,,,,,,
CATURAN ELEMEN SDN. BHD.,,,,,,,,,
CLYC CONSTRUCTION,,,,,,,,,
COLT ENGINEERING SDN. BHD.,,,,,,,,,
CONTACTHINGS SOLUTION SDN. BHD.,,,,,,,,,
COOLAIRE ENGINEERING SDN. BHD.,,,,,,,,,
CRITICAL ENGINEERING SOLUTIONS SDN. BHD.,,,,,,,,,
CRITICAL SALES & SERVICES SDN. BHD.,,,,,,,,,
DAMAI KIARAJAYA SDN. BHD.,,,,,,,,,
E T E SENDIRIAN BERHAD,,,,,,,,,
ECOTEMP ENGINEERING SDN. BHD.,,,,,,,,,
ELEE ELECTRICAL ENGINEERING SDN. BHD.,,,,,,,,,
ELITE COMFORT ENGINEERING SDN. BHD.,,,,,,,,,
EMAS JAYA ELECTRIC SDN. BHD.,,,,,,,,,
F.C. RENOVATION SDN. BHD.,,,,,,,,,
FADZILL CONSTRUCTION SDN. BHD.,,,,,,,,,
GLOBAL KIRANA SDN. BHD.,,,,,,,,,
GOLDEN SAND VENTURE SDN. BHD.,,,,,,,,,
GRAND PENINSULAR CONSTRUCTION SDN. BHD.,,,,,,,,,
HAI LOONG ENTERPRISE SDN. BHD.,,,,,,,,,
HMI TECHNOLOGY SDN. BHD.,,,,,,,,,
HONG HIN ELECTRICAL SDN. BHD.,,,,,,,,,
HWANG DECORATING & CONSTRUCTION SDN. BHD.,,,,,,,,,
ICONIC CONSTRUCTION SDN. BHD.,,,,,,,,,
I-GLOBAL PROPERTY NETWORK SDN. BHD.,,,,,,,,,
INDESIGN ENGINEERINGS SDN. BHD.,,,,,,,,,
INFRA KONTRAK SDN. BHD.,,,,,,,,,
INTELLIGENCE TECHNOLOGY SERVICES SDN. BHD.,,,,,,,,,
INTER GREAT RESOURCES SDN. BHD.,,,,,,,,,
INTRADECO SDN. BHD.,,,,,,,,,
JALZIZ SDN. BHD.,,,,,,,,,
JESS RY VENTURE,,,,,,,,,
JONAH BINA SDN. BHD.,,,,,,,,,
KHOY ENGINEERING SDN. BHD.,,,,,,,,,
KS FIRE & SAFETY ENGINEERING SDN. BHD.,,,,,,,,,
L.T. AIR-CON ENGINEERING SDN. BHD.,,,,,,,,,
LDE PROJECT SDN. BHD.,,,,,,,,,
LSH GLOBAL ENTERPRISE SDN. BHD.,,,,,,,,,
LUMICO ENGINEERING SDN. BHD.,,,,,,,,,
MAA HARUMAN CONSTRUCTIONS DEVELOPMENT (M) SDN. BHD.,,,,,,,,,
MAJOR SUNRISE BUILDERS SDN. BHD.,,,,,,,,,
MARVELLOUS GARDEN SDN. BHD.,,,,,,,,,
MDI FORTUNE SDN. BHD.,,,,,,,,,
MOBILE BUILDERS MANAGEMENT SDN. BHD.,,,,,,,,,
MST FACILITIES SDN. BHD.,,,,,,,,,
NORTH CITY ENGINEERING SDN. BHD.,,,,,,,,,
NRS PROCESS SYSTEMS SDN. BHD.,,,,,,,,,
OCS YES CONSTRUCTION (M) SDN. BHD.,,,,,,,,,
PANLIGHT ELECTRICAL & ENGINEERING SDN. BHD.,,,,,,,,,
PASCAL ENGINEERING SDN. BHD.,,,,,,,,,
PEN-AIRE ENGINEERING SDN BHD,,,,,,,,,
PENTAMEX ENGINEERING SDN. BHD.,,,,,,,,,
PENTECH SOLUTION SDN. BHD.,,,,,,,,,
POLY CRAFT ENGINEERING SDN. BHD.,,,,,,,,,
PREMIER CONSOLIDATED SDN. BHD.,,,,,,,,,
PREMIUM FLAME SDN. BHD.,,,,,,,,,
PRO E SDN. BHD.,,,,,,,,,
PULAU BAYU PROJEK SDN. BHD.,,,,,,,,,
QUATTRO BINA SDN. BHD.,,,,,,,,,
QWILK SDN. BHD.,,,,,,,,,
RADICAL INTERNETWORK SDN. BHD.,,,,,,,,,
RAHMAT ALLIED SDN. BHD.,,,,,,,,,
RIDCON BUILDERS SDN. BHD.,,,,,,,,,
SELEKSI SENSASI SDN. BHD.,,,,,,,,,
SENSASI ARMADA SDN. BHD.,,,,,,,,,
SENSIBLE SOLUTIONS ENGINEERING SDN. BHD.,,,,,,,,,
SHEBA VENTURES SDN. BHD.,,,,,,,,,
SIM AIR-CONDITIONING ENGINEERING SDN. BHD.,,,,,,,,,
SIM YEW ELECTRICAL ENGINEERING (M) SDN. BHD.,,,,,,,,,
SIMFUR DESIGN SDN. BHD.,,,,,,,,,
SOLAR VOLTECH SDN. BHD.,,,,,,,,,
SPECIFIC DIMENSION SDN. BHD.,,,,,,,,,
SRI TUNAS SDN. BHD.,,,,,,,,,
SUNNY CONSTRUCTION,,,,,,,,,
SYNCON SYNERGY SDN. BHD.,,,,,,,,,
TEONG JIN BUILDING CONTRACTOR SDN. BHD.,,,,,,,,,
TEROKA JAYA SDN. BHD.,,,,,,,,,
TT SOLID ENGINEERING SDN. BHD.,,,,,,,,,
VOLTZ ENGINEERING SDN. BHD.,,,,,,,,,
WB ENGINEERING WORKS SDN. BHD.,,,,,,,,,
YS ALUMINIUM & GLASS SDN. BHD.,,,,,,,,,
ZAKARIA MAJU TRADING SDN. BHD.,,,,,,,,,
ZUBICON CONSTRUCTION SDN. BHD.,,,,,,,,,
ZUBICON SDN. BHD.,,,,,,,,,
88 CONSTRUCTION & DEVELOPMENT SDN. BHD.,,,,,,,,,
995MAJU SDN. BHD.,,,,,,,,,
ABANGADI CONSTRUCTION SDN. BHD.,,,,,,,,,
ACCURATE TECHNICS HOLDING SDN. BHD.,,,,,,,,,
ACHAIA ENVIRONMENTAL CONSULTANCY SDN. BHD.,,,,,,,,,
ADHA JAYA SDN. BHD.,,,,,,,,,
ADL MEDICAL SYSTEM SDN. BHD.,,,,,,,,,
ADVANCE GEOTECHNICAL ENGINEERING SDN. BHD.,,,,,,,,,
ADVANCECON (SARAWAK) SDN. BHD.,,,,,,,,,
AFIQ RESOURCES SDN. BHD.,,,,,,,,,
AH LI CONTRACTOR SDN. BHD.,,,,,,,,,
AIMSTRAL SDN. BHD.,,,,,,,,,
AKOBEST SDN. BHD.,,,,,,,,,
AKUA EMASAR SDN. BHD.,,,,,,,,,
ALAMGHIR SDN. BHD.,,,,,,,,,
ALFA MOUNT SDN. BHD.,,,,,,,,,
ALQ PROJECT SDN. BHD.,,,,,,,,,
AMCAN SDN.BHD.,,,,,,,,,
ANA SYNERGY BERHAD,,,,,,,,,
ANC TEAM SDN. BHD.,,,,,,,,,
ANDAMARA ENERGY SDN. BHD.,,,,,,,,,
ANGGUN DIVERSIFIED SDN. BHD.,,,,,,,,,
ANGSANA JAYA SDN. BHD.,,,,,,,,,
ANTARA PERWIRA SDN. BHD.,,,,,,,,,
ANTARATEK SDN BHD,,,,,,,,,
ARAH AMBANG SDN. BHD.,,,,,,,,,
ARK HILL ENGINEERING SDN. BHD.,,,,,,,,,
ARUDAYA SDN. BHD.,,,,,,,,,
ASALJURU ENGINEERING SDN. BHD.,,,,,,,,,
ASALJURU WEIDA SDN. BHD.,,,,,,,,,
ASARAJAYA SDN. BHD.,,,,,,,,,
ASAS INFRA SDN. BHD.,,,,,,,,,
ASAS ULUNG SDN. BHD.,,,,,,,,,
ASTEEL (SARAWAK) SDN. BHD.,,,,,,,,,
ASTEEL DEVELOPMENT SDN. BHD.,,,,,,,,,
ATPD TRADING SDN. BHD.,,,,,,,,,
AUSTRAL AVENUE SDN. BHD.,,,,,,,,,
AUTOPOWER CONSULTANTS (M) SDN. BHD.,,,,,,,,,
AVID VENTURES SDN. BHD.,,,,,,,,,
AVINN ENGINEERING SERVICES SDN. BHD.,,,,,,,,,
AWANA KAPITAL SDN. BHD.,,,,,,,,,
AZAM SEHASRAT SDN. BHD.,,,,,,,,,
AZAN ENGINEERING SDN. BHD.,,,,,,,,,
AZAS EXCEL (M) SDN. BHD.,,,,,,,,,
B.Y.K CONSTRUCTION COMPANY,,,,,,,,,
BAKUN SEJATI SDN. BHD.,,,,,,,,,
BANDAR RIYAL SDN. BHD.,,,,,,,,,
BANSANG INDUSTRIES SDN. BHD.,,,,,,,,,
BARISAN PROGRESSIF SDN. BHD.,,,,,,,,,
BELA SEMPURNA SDN. BHD.,,,,,,,,,
BELIANEMAS SYNERGY SDN. BHD.,,,,,,,,,
BELLA NOBEL SDN. BHD.,,,,,,,,,
BENA ATK SDN. BHD.,,,,,,,,,
BERIMAN GOLD SDN. BHD.,,,,,,,,,
BES NCL JV SDN. BHD.,,,,,,,,,
BHP DESIGN & BUILD SDN. BHD.,,,,,,,,,
BIG ORIENTAL PROPERTIES SDN. BHD.,,,,,,,,,
BIHH SDN.BHD.,,,,,,,,,
BINA GEMILANG BERSATU SDN. BHD.,,,,,,,,,
BINA MUHIBBAH PERMAJAYA CONSTRUCTION SDN. BHD.,,,,,,,,,
BINAAN ERICH SDN. BHD.,,,,,,,,,
BISPURI SDN. BHD.,,,,,,,,,
BLESSED BUILDERS SDN. BHD.,,,,,,,,,
BLM ENGINEERING AND SERVICES SDN. BHD.,,,,,,,,,
BLOOM RICHMARK SDN. BHD.,,,,,,,,,
BONG JEE NYAN CONSTRUCTION SDN. BHD.,,,,,,,,,
BORMAL ENGINEERING SDN.BHD.,,,,,,,,,
BORNEO ASSETS SDN. BHD.,,,,,,,,,
BORNEO DEVELOPMENT CORPORATION (SARAWAK) SDN. BHD.,,,,,,,,,
BORNEO ECHOS SDN. BHD.,,,,,,,,,
BORNEO GLOBAL OFFSHORE SDN. BHD.,,,,,,,,,
BORNEO RESTU SDN. BHD.,,,,,,,,,
BORNEOVEST DEVELOPMENTS SDN. BHD.,,,,,,,,,
BOULDER BUILT CONSTRUCTION SENDIRIAN BERHAD,,,,,,,,,
BOUNTIFUL FACADE SDN. BHD.,,,,,,,,,
BROOKE HOLDING SDN. BHD.,,,,,,,,,
BSC RESOURCES SDN. BHD.,,,,,,,,,
BSL NAVIGATION (M) SDN. BHD.,,,,,,,,,
BUDANA SDN. BHD.,,,,,,,,,
BUILDWORLD CONSTRUCTION SDN. BHD.,,,,,,,,,
BUMIHUA SDN. BHD.,,,,,,,,,
CALDECOTT CONSTRUCTION SDN. BHD.,,,,,,,,,
CARA RAYA SDN. BHD.,,,,,,,,,
CENTRAL LIGHT ELECTRICAL SDN. BHD.,,,,,,,,,
CERAHJAYA REKABINA SDN. BHD.,,,,,,,,,
CHEMSAIN KONSULTANT SDN.BHD.,,,,,,,,,
CHENG FENG CONSTRUCTION SDN. BHD.,,,,,,,,,
CHERN SHING CONSTRUCTION SDN. BHD.,,,,,,,,,
CIPTA TEGAP SDN. BHD.,,,,,,,,,
CIRI KUASA SDN. BHD.,,,,,,,,,
CITYON DEVELOPMENT SDN. BHD.,,,,,,,,,
CJ SETIA SDN. BHD.,,,,,,,,,
CLASSIC EMAS (SARAWAK) SDN. BHD.,,,,,,,,,
CMS LAND SDN. BHD.,,,,,,,,,
CMS ROADS SDN. BHD.,,,,,,,,,
CNCT (MALAYSIA) SDN. BHD.,,,,,,,,,
COIS JAYA PELANGI SDN. BHD.,,,,,,,,,
CORAMAX SDN. BHD.,,,,,,,,,
COTT DEVELOPMENT SDN. BHD.,,,,,,,,,
COTTAGE HOLDINGS SDN. BHD.,,,,,,,,,
COUNTRY LAND PROPERTIES SDN. BHD.,,,,,,,,,
CPP CONSTRUCTION SDN. BHD.,,,,,,,,,
CREST REALTY SDN. BHD.,,,,,,,,,
CRYSTAL GEOTECHNIQUE SDN. BHD.,,,,,,,,,
CRYSTAL WONDER SDN. BHD.,,,,,,,,,
CSC INTERNATIONAL SDN. BHD.,,,,,,,,,
D.A.L. KELUARGA REALTY CARA RAYA JV SDN. BHD.,,,,,,,,,
D.A.L. KELUARGA REALTY SDN. BHD.,,,,,,,,,
DA JIANG SAN DEVELOPMENT SDN. BHD.,,,,,,,,,
DANAWA RESOURCES SDN. BHD.,,,,,,,,,
DASANRAMA SDN. BHD.,,,,,,,,,
DATAJASA PLUS SDN. BHD.,,,,,,,,,
DAYA BUILDERS SDN. BHD.,,,,,,,,,
DEBESSA DEVELOPMENT SDN. BHD.,,,,,,,,,
DEKTARIA DELIMA (S) SDN. BHD.,,,,,,,,,
DELISHA SDN. BHD.,,,,,,,,,
DEMA TEGA SDN. BHD.,,,,,,,,,
DERMAGA MAKMUR SDN. BHD.,,,,,,,,,
DIALOG SERVICES (SARAWAK) SDN. BHD.,,,,,,,,,
DIAMECO PROJECT MANAGEMENT SDN. BHD.,,,,,,,,,
DINASTI QAWIY SDN. BHD.,,,,,,,,,
DINASTI TANDIN SDN. BHD.,,,,,,,,,
DKB HOLDINGS SDN. BHD.,,,,,,,,,
DOLAND (M) SDN. BHD.,,,,,,,,,
DOUBLE DYNASTY HOLDINGS SDN. BHD.,,,,,,,,,
DUMAS HOLDINGS SDN. BHD.,,,,,,,,,
DUNEMAS DEVELOPMENT & CONSTRUCTION SDN. BHD.,,,,,,,,,
DUTA JASA SDN. BHD.,,,,,,,,,
DYNAMIC STRATEGIC SYNERGY SDN. BHD.,,,,,,,,,
DZKIR ENGINEERING SDN. BHD.,,,,,,,,,
DZKIR INNOVATIVE SDN. BHD.,,,,,,,,,
E GREEN VENTURES (EGV) SDN. BHD.,,,,,,,,,
EARTH TECHNOLOGY SDN. BHD.,,,,,,,,,
EARTHMOVERS (SARAWAK) SDN. BHD.,,,,,,,,,
EAST FIELD TECHNOLOGIES SDN. BHD.,,,,,,,,,
EASTBOURNE CORPORATION BERHAD,,,,,,,,,
EASTERN DIGITAL INFRA SDN. BHD.,,,,,,,,,
ECO KUASA ENGINEERING SDN. BHD.,,,,,,,,,
ECOGREEN SOLAR ENGINEERING SDN. BHD.,,,,,,,,,
ECOSTEEL SDN. BHD.,,,,,,,,,
EDARAN VENTURE SDN. BHD.,,,,,,,,,
ELEBEST ENGINEERING SDN.BHD.,,,,,,,,,
ELECTRODINAMIK SDN. BHD.,,,,,,,,,
ELITE TRANSMISSION ENGINEERING SDN. BHD.,,,,,,,,,
EMART CONSTRUCTION SDN. BHD.,,,,,,,,,
EMBUN PELANGI SDN. BHD.,,,,,,,,,
EMFAR RESOURCES SDN. BHD.,,,,,,,,,
EMPAYAR SETIA SDN. BHD.,,,,,,,,,
ENDAYA CONSTRUCTION SDN. BHD.,,,,,,,,,
ENERGY LINE RESOURCES SDN. BHD.,,,,,,,,,
ENTEGRA ENGINEERING SDN. BHD.,,,,,,,,,
EPC SYNERGY SDN. BHD.,,,,,,,,,
EPR (KUCHING) SDN. BHD.,,,,,,,,,
EPSILON SYNERGY SDN. BHD.,,,,,,,,,
ERICH BUILDERS SDN. BHD.,,,,,,,,,
ESTA VALLEY BUILDERS SDN. BHD.,,,,,,,,,
E-TECH ENTERPRISE SDN. BHD.,,,,,,,,,
EVECON ENTERPRISE SDN. BHD.,,,,,,,,,
EXPRO MARINE SDN. BHD.,,,,,,,,,
FALTECH ENGINEERING SDN. BHD.,,,,,,,,,
FARADALE DEVELOPMENT SDN. BHD.,,,,,,,,,
FDZ ENGINEERING SDN. BHD.,,,,,,,,,
FEEZ JAYA GROUP SDN. BHD.,,,,,,,,,
FIELDGEO SDN. BHD.,,,,,,,,,
FLOW TECH RESOURCES SDN. BHD.,,,,,,,,,
FLOWNIC SDN. BHD.,,,,,,,,,
FOKUS MUSTAKIM SDN. BHD.,,,,,,,,,
FOOK LAI CONSTRUCTION & DEVELOPMENT SDN. BHD.,,,,,,,,,
FOOK SENG CONSTRUCTION,,,,,,,,,
FORHIL SDN. BHD.,,,,,,,,,
GABUNGAN BINAAN JURUTENAGA SDN. BHD.,,,,,,,,,
GAMAJAYA SDN. BHD.,,,,,,,,,
GASING GEMILANG SDN. BHD.,,,,,,,,,
GEGASAN SDN. BHD.,,,,,,,,,
GEO BUILDERS INTERNATIONAL SDN. BHD.,,,,,,,,,
GEOSPEC SDN. BHD.,,,,,,,,,
GERBANG TIMUR JAYA CONSTRUCTION SDN. BHD.,,,,,,,,,
GERHANA PELANGI SDN. BHD.,,,,,,,,,
GLE RESOURCES SDN. BHD.,,,,,,,,,
GLOBAL ECO MANAGEMENT SDN. BHD.,,,,,,,,,
GLOBAL EDEN SDN. BHD.,,,,,,,,,
GLOBALSHIP ENGINEERING AND WELDING SDN. BHD.,,,,,,,,,
GLORIUM SDN. BHD.,,,,,,,,,
GLUMOX ABIZ SDN. BHD.,,,,,,,,,
GMG ENGINEERING SDN. BHD.,,,,,,,,,
GOLDBUILD ENTERPRISE SDN. BHD.,,,,,,,,,
GOLDEN HARVEST CONSTRUCTION SDN. BHD.,,,,,,,,,
GOLDEN MATRIX SDN. BHD.,,,,,,,,,
GOLDEN RICH ENGINEERING SDN. BHD.,,,,,,,,,
GOLDEN THRONE CONSTRUCTION SDN. BHD.,,,,,,,,,
GORDON ENGINEERING & CONSTRUCTION SDN. BHD.,,,,,,,,,
GRACECOM DEVELOPMENT SDN. BHD.,,,,,,,,,
GRAND BUILT CONSTRUCTION SDN. BHD.,,,,,,,,,
GRAND TEAMGROUP SDN. BHD.,,,,,,,,,
GREEN SOURCE ENERGY SDN. BHD.,,,,,,,,,
GREEN SUMMIT ENGINEERING SDN. BHD.,,,,,,,,,
GREEN VINE DEVELOPMENT SDN. BHD.,,,,,,,,,
GREENBAY CES (EM) SDN. BHD.,,,,,,,,,
GREENCHAIN CAPITAL SDN. BHD.,,,,,,,,,
GROUP ENGINEERS MALAYSIA SDN. BHD.,,,,,,,,,
GROWLAND CONSTRUCTION,,,,,,,,,
GS GEOTECHNICS SDN. BHD.,,,,,,,,,
GT INDUSTRIES SDN. BHD.,,,,,,,,,
H2 ENERGY SDN. BHD.,,,,,,,,,
HANAYIN ENGINEERING SDN. BHD.,,,,,,,,,
HANNEN CONSTRUCTION SDN. BHD.,,,,,,,,,
HART BUILDERS SDN. BHD.,,,,,,,,,
HARTANAH CONSTRUCTION SDN. BHD.,,,,,,,,,
HATIKA ENGINEERING SDN. BHD.,,,,,,,,,
HAV-INNOVATIVE TECHNOLOGY SDN. BHD.,,,,,,,,,
HCH ENGINEERING RESOURCES SDN. BHD.,,,,,,,,,
HDKL CONSTRUCTION SDN. BHD.,,,,,,,,,
HEMASA SDN. BHD.,,,,,,,,,
HEVISION SDN. BHD.,,,,,,,,,
HIAP GHEE SENG SDN. BHD.,,,,,,,,,
HIKMAT KENCANA SDN. BHD.,,,,,,,,,
HIMPUN DAYA SDN. BHD.,,,,,,,,,
HIZONE SDN. BHD.,,,,,,,,,
HM SEMPURNA SDN. BHD.,,,,,,,,,
HMN NADHIR SDN. BHD.,,,,,,,,,
HO HING CONSTRUCTION SDN. BHD.,,,,,,,,,
HOCK PENG ENGINEERING SDN. BHD.,,,,,,,,,
HOCK PENG FURNITURE & GENERAL CONTRACTOR SDN. BHD.,,,,,,,,,
HOCK PENG REALTY SDN. BHD.,,,,,,,,,
HONG HAP CONSTRUCTION SDN. BHD.,,,,,,,,,
HONG SENG CONSTRUCTION (E.M.) SDN. BHD.,,,,,,,,,
HORNBILL NETWORKS CONSORTIUM SDN. BHD.,,,,,,,,,
HOULEE CONTRACTS SDN. BHD.,,,,,,,,,
HOWASAR CONTRACTS SDN. BHD.,,,,,,,,,
HUP LUNG CONSTRUCTION SDN. BHD.,,,,,,,,,
HYDRO-ICON SDN. BHD.,,,,,,,,,
HYPERBASE SDN. BHD.,,,,,,,,,
HYTRO VISTA SDN. BHD.,,,,,,,,,
I DE BUILDER SDN. BHD.,,,,,,,,,
IBRACO CONSTRUCTION SDN. BHD.,,,,,,,,,
ICON ENTERPRISES SDN. BHD.,,,,,,,,,
I-ILHAM CORPORATION SDN. BHD.,,,,,,,,,
IKATAN CAHAYAMAS SDN. BHD.,,,,,,,,,
IKTIBAR SANJUNG SDN. BHD.,,,,,,,,,
IKTISAS NMS SDN. BHD.,,,,,,,,,
ILHAM GERGASI SDN. BHD.,,,,,,,,,
IMETAL (M) SDN. BHD.,,,,,,,,,
IMPIAN JAYA BINA SDN. BHD.,,,,,,,,,
INFOREKA SDN. BHD.,,,,,,,,,
INSIGHTS ANALYTICS TECHNOLOGIES SDN. BHD.,,,,,,,,,
INTEGRATED ACCESS COMMUNICATION SDN. BHD.,,,,,,,,,
INTRA EMAS SDN. BHD.,,,,,,,,,
IPUE RESOURCES SDN. BHD.,,,,,,,,,
IRIX SDN. BHD.,,,,,,,,,
ISLAH MEGA (SARAWAK) SDN. BHD.,,,,,,,,,
IZRA ENTERPRISE SDN. BHD.,,,,,,,,,
IZZANY RESOURCES SDN. BHD.,,,,,,,,,
IZZMIN SDN. BHD.,,,,,,,,,
J.V. BUMIJAYA SDN. BHD.,,,,,,,,,
JAGOH BINA SDN. BHD.,,,,,,,,,
JAGUH JUARA SDN. BHD.,,,,,,,,,
JAK HIN MACHINERY AND CONSTRUCTION SDN. BHD.,,,,,,,,,
JAVEL ENGINEERING SDN. BHD.,,,,,,,,,
JAYA GC SDN. BHD.,,,,,,,,,
JAYALU SDN. BHD.,,,,,,,,,
JEB CONSTRUCTION SDN. BHD.,,,,,,,,,
JEC DESIGNABUILD SDN. BHD.,,,,,,,,,
JEFFA ENERGY (S) SDN. BHD.,,,,,,,,,
JF DEVELOPMENTS SDN BHD.,,,,,,,,,
JUARA BEETUAH SDN. BHD.,,,,,,,,,
JUARA CAHYA SARAWAK SDN. BHD.,,,,,,,,,
JUMSAR (SARAWAK) SDN. BHD.,,,,,,,,,
JUNDA REALTY SDN.BHD.,,,,,,,,,
JURUDAYA CONSTRUCTION SDN.BHD.,,,,,,,,,
JW ECO BUILDERS SDN.BHD.,,,,,,,,,
KACC CONSTRUCTION SDN. BHD.,,,,,,,,,
KALAKA JAYA SDN. BHD.,,,,,,,,,
KEE YANG CONSTRUCTION SDN. BHD.,,,,,,,,,
KEJURUTERAAN JAFRI SDN. BHD.,,,,,,,,,
KEJURUTERAAN JANJE SDN. BHD.,,,,,,,,,
KEJURUTERAAN POWERPOINT SDN. BHD.,,,,,,,,,
KEJURUTERAAN RASSHIN SDN. BHD.,,,,,,,,,
KEJURUTERAAN RIAZ SDN. BHD.,,,,,,,,,
KEJURUTERAAN SYATEK SDN. BHD.,,,,,,,,,
KELINGTON TECHNOLOGIES (SARAWAK) SDN. BHD.,,,,,,,,,
KENBEST PROPERTIES SDN. BHD.,,,,,,,,,
KENBEST SDN. BHD.,,,,,,,,,
KENDIRI EMAS MUDAJAYA SDN. BHD.,,,,,,,,,
KENDIRI EMAS SDN. BHD.,,,,,,,,,
KENDIRI TEGUH SDN. BHD.,,,,,,,,,
KEYIMA SDN. BHD.,,,,,,,,,
KEYLINK ID SDN. BHD.,,,,,,,,,
KIASAN ENGINEERING SDN. BHD.,,,,,,,,,
KKB BUILDERS SDN. BHD.,,,,,,,,,
KKB ENGINEERING BERHAD,,,,,,,,,
KONSORTIUM KONTRAKTOR BUMI SDN. BHD.,,,,,,,,,
KONSORTIUM KPE SDN. BHD.,,,,,,,,,
KONSORTIUM MEXAJATI DIVERSIFIED UTILITY PEMBINAAN KUANTITI SDN. BHD.,,,,,,,,,
KONSORTIUM URW SDN. BHD.,,,,,,,,,
KOROMO SDN. BHD.,,,,,,,,,
KRISTAL SJ CONSTRUCTION SDN. BHD.,,,,,,,,,
KTM TRANSFORMERS SDN. BHD.,,,,,,,,,
KUMPULAN BINA EMAS SDN. BHD.,,,,,,,,,
KUMPULAN SEKETI SHIPPING SDN. BHD.,,,,,,,,,
KWONG LEE CONSTRUCTION,,,,,,,,,
KWONG LEE CONSTRUCTION SDN. BHD.,,,,,,,,,
LANDBASE (KOK) SDN. BHD.,,,,,,,,,
LARAS JAYA CONSTRUCTION SDN. BHD.,,,,,,,,,
LARAS JAYA ENGINEERING SDN. BHD.,,,,,,,,,
LARAS JAYA MANAGEMENT SDN. BHD.,,,,,,,,,
LARICO CONSTRUCTION SDN. BHD.,,,,,,,,,
LCDA CTR TECHNOLOGY SDN. BHD.,,,,,,,,,
LCDA REAL ESTATE SDN. BHD.,,,,,,,,,
LEADCON BUILDERS SDN. BHD.,,,,,,,,,
LEE JONG ELECTRICAL & ENGINEERING SDN. BHD.,,,,,,,,,
LEE LING CONSTRUCTION & DEVELOPMENT SDN. BHD.,,,,,,,,,
LEE ONN CONSTRUCTION COMPANY,,,,,,,,,
LEGA KREATIF SDN. BHD.,,,,,,,,,
LESMORE DC SDN. BHD.,,,,,,,,,
LIANDAR CONSTRUCTION SDN. BHD.,,,,,,,,,
LIBERTY PROPERTIES SDN. BHD.,,,,,,,,,
LICENTOBUILD SDN. BHD.,,,,,,,,,
LIM AIK CHAI ELECTRICAL SENDIRIAN BERHAD,,,,,,,,,
LIM TOK CHIOW & SONS CONSTRUCTION SDN. BHD.,,,,,,,,,
LOON CHIN SHIEN CONSTRUCTION SDN. BHD.,,,,,,,,,
LUCKY-BEST CONSTRUCTION SDN. BHD.,,,,,,,,,
LUGAR DEVELOPMENT SDN. BHD.,,,,,,,,,
LUMIN ENGINEERING WORKS SDN. BHD.,,,,,,,,,
M & T CONSTRUCTION (SARAWAK) SDN. BHD.,,,,,,,,,
M.C. RODAIL SDN. BHD.,,,,,,,,,
M.S.Y ELECTRICAL WORKS SDN. BHD.,,,,,,,,,
MAGNA GLOW SDN. BHD.,,,,,,,,,
MAHLIGAI KEKAL SDN. BHD.,,,,,,,,,
MAINLINE ENTERPRISE SDN.BHD.,,,,,,,,,
MAJESTIKA SDN. BHD.,,,,,,,,,
MAJU JAYA BERSAMA SDN. BHD.,,,,,,,,,
MALTIMUR AKTIF UNGGUL JV SDN. BHD.,,,,,,,,,
MALTIMUR RESOURCES SDN. BHD.,,,,,,,,,
MARAJUTA SDN. BHD.,,,,,,,,,
M-ARCORP CONSTRUCTION SDN. BHD.,,,,,,,,,
MARKKOJAYA SDN. BHD.,,,,,,,,,
MASAR MECHANICAL ENGINEERING SDN. BHD.,,,,,,,,,
MASTEL ENGINEERING SDN. BHD.,,,,,,,,,
MAXMAS HOLDING SDN. BHD.,,,,,,,,,
MD CAHAYA SDN. BHD.,,,,,,,,,
ME CONSTRUCTION SDN. BHD.,,,,,,,,,
MECHUNMA SDN. BHD.,,,,,,,,,
MEGAH CERIA REKABENA SDN. BHD.,,,,,,,,,
MEGAN ALFA SDN. BHD.,,,,,,,,,
MEGAYEAR ENGINEERING SDN. BHD.,,,,,,,,,
MELATAI RESOURCES SDN. BHD.,,,,,,,,,
MELAWING SDN. BHD.,,,,,,,,,
MENUA BORNEO SDN. BHD.,,,,,,,,,
MERHAS DEVELOPMENT HOLDINGS SDN. BHD.,,,,,,,,,
METRO GLIDE SDN. BHD.,,,,,,,,,
METRO MEGAH ENGINEERING SDN. BHD.,,,,,,,,,
MEXAJATI SDN. BHD.,,,,,,,,,
MICROSITE ENTERPRISE SDN. BHD.,,,,,,,,,
MINGLI ENGINEERING SDN. BHD.,,,,,,,,,
MIRECONT SDN. BHD.,,,,,,,,,
MULTI CONSTRUCTION SDN. BHD.,,,,,,,,,
MUSSUL SDN. BHD.,,,,,,,,,
MUSYATI DEVELOPMENT SDN. BHD.,,,,,,,,,
MUSYATI MUDAJAYA JV SDN. BHD.,,,,,,,,,
MUSYATI SDN. BHD.,,,,,,,,,
MUTIARA TEKNIK SDN. BHD.,,,,,,,,,
N B S ENTERPRISE SENDIRIAN BERHAD,,,,,,,,,
NAFT ENGINEERING SDN. BHD.,,,,,,,,,
NAIM ENGINEERING SDN. BHD.,,,,,,,,,
NAR DEVELOPMENT SDN. BHD.,,,,,,,,,
N-BASE (SARAWAK) SDN. BHD.,,,,,,,,,
NEXUS WATER SDN. BHD.,,,,,,,,,
NICHE DEVELOPMENT SDN. BHD.,,,,,,,,,
NISSI ENTERPRISE SDN. BHD.,,,,,,,,,
NL BUILDER SDN. BHD.,,,,,,,,,
NPL ENGINEERING SDN. BHD.,,,,,,,,,
NS BLUESCOPE LYSAGHT (SARAWAK) SDN. BHD.,,,,,,,,,
NUGEN COMMUNICATIONS SDN. BHD.,,,,,,,,,
NURSINAR CONSTRUCTION SDN. BHD.,,,,,,,,,
OERSTED SDN. BHD.,,,,,,,,,
OLYRIN TECHNOLOGY SDN. BHD.,,,,,,,,,
OMEGA POINT SDN. BHD.,,,,,,,,,
OMNI MEKAR SDN. BHD.,,,,,,,,,
ONE MEDICARE SDN. BHD.,,,,,,,,,
ORICON SDN.BHD.,,,,,,,,,
OSCATEL SDN. BHD.,,,,,,,,,
PACIFIC UNIT BUSINESS SDN. BHD.,,,,,,,,,
PAKU QUARRY SDN. BHD.,,,,,,,,,
PANGGAU DAYAK SDN. BHD.,,,,,,,,,
PASEWA SDN. BHD.,,,,,,,,,
PAVILION PARAGON SDN. BHD.,,,,,,,,,
PBH ASSET MANAGEMENT SDN. BHD.,,,,,,,,,
PEKAT ENERGY (SARAWAK) SDN. BHD.,,,,,,,,,
PEMBINAAN ASSAR SDN. BHD.,,,,,,,,,
PEMBINAAN CTT SDN. BHD.,,,,,,,,,
PEMBINAAN DC GLOBAL SDN. BHD.,,,,,,,,,
PEMBINAAN DINASTI TIAS SDN. BHD.,,,,,,,,,
PEMBINAAN INFRASTRUKTUR BORNEO SDN. BHD.,,,,,,,,,
PEMBINAAN JAYA MAJU SDN. BHD.,,,,,,,,,
PEMBINAAN JBS SDN. BHD.,,,,,,,,,
PEMBINAAN KUANTITI SDN. BHD.,,,,,,,,,
PEMBINAAN LEYAN SDN. BHD.,,,,,,,,,
PEMBINAAN MAJU NT SDN. BHD.,,,,,,,,,
PEMBINAAN MULTITUDE SDN. BHD.,,,,,,,,,
PEMBINAAN OVAL SDN. BHD.,,,,,,,,,
PEMBINAAN PROCORE SDN. BHD.,,,,,,,,,
PEMBINAAN RASSNORM SDN. BHD.,,,,,,,,,
PEMBINAAN RU SDN. BHD.,,,,,,,,,
PEMBINAAN S.S.E SDN. BHD.,,,,,,,,,
PEMBINAAN SETIA LESTARI SDN. BHD.,,,,,,,,,
PEMBINAAN SYL SDN. BHD.,,,,,,,,,
PENGURUSAN HARTA PELITA SDN. BHD.,,,,,,,,,
PERBENA EMAS SDN BHD,,,,,,,,,
PERFORMING ARTS CENTRE CONSORTIUM SDN. BHD.,,,,,,,,,
PERRITECH SPECIALIST SDN. BHD.,,,,,,,,,
PESAKA OFFSHORE ASSETS SDN. BHD.,,,,,,,,,
PETRONESA SERVICES SDN. BHD.,,,,,,,,,
PIDAATUH SDN. BHD.,,,,,,,,,
POLO ENGINEERING SDN. BHD.,,,,,,,,,
POLYBUILDING CONSTRUCTION CO.,,,,,,,,,
POLYBUILDING CONSTRUCTION SDN. BHD.,,,,,,,,,
POLYCORP BUILDERS SDN. BHD.,,,,,,,,,
POWERPOINT ELECTRICAL SDN. BHD.,,,,,,,,,
PPES WORKS (SARAWAK) SDN. BHD.,,,,,,,,,
PPES WORKS CCCC JV SDN. BHD.,,,,,,,,,
PPESW BPSB JV SDN. BHD.,,,,,,,,,
PRASARANA SEMPURNA SDN. BHD.,,,,,,,,,
PRECIOUS CREDENCE JV GEZHOUBA SDN. BHD.,,,,,,,,,
PRECIOUS CREDENCE SDN. BHD.,,,,,,,,,
PREMIER RESOURCES CONTRACTOR SDN. BHD.,,,,,,,,,
PRISTINE GROWTH SDN. BHD.,,,,,,,,,
PUB ENERGY SDN. BHD.,,,,,,,,,
PUSAKA REALTY & CONSTRUCTION SDN. BHD.,,,,,,,,,
QC CONSTRUCTION & ENGINEERING SDN.BHD.,,,,,,,,,
QC WORKS & ROAD MAINTENANCE SDN. BHD.,,,,,,,,,
QCCE AND ASAS ULUNG JV SDN. BHD.,,,,,,,,,
QISAR ROBAN ASSOCIATES SDN. BHD.,,,,,,,,,
R & D CONSTRUCTION SDN. BHD.,,,,,,,,,
R.M. DYNAMIC DEVELOPMENT SDN. BHD.,,,,,,,,,
RAMA IMPIAN ENGINEERING SDN. BHD.,,,,,,,,,
RAMBUNGAN MAJU SDN. BHD.,,,,,,,,,
RAMIJAYA SDN. BHD.,,,,,,,,,
RANGKAIAN INFINITI SDN. BHD.,,,,,,,,,
RASTA CONSTRUCTION,,,,,,,,,
RAYA KHAS SDN. BHD.,,,,,,,,,
RAYMARK SDN. BHD.,,,,,,,,,
REACH TEN COMMUNICATION SDN. BHD.,,,,,,,,,
REDHA SERVICES SDN. BHD.,,,,,,,,,
REDPYNE SDN. BHD.,,,,,,,,,
REGAL OCEAN SDN. BHD.,,,,,,,,,
REKA IKHTIAR SDN. BHD.,,,,,,,,,
REVENUE SCOPE SDN. BHD.,,,,,,,,,
RIA BUILDER SDN. BHD.,,,,,,,,,
RICH COMM SDN. BHD.,,,,,,,,,
RICHFIRM SDN. BHD.,,,,,,,,,
RICOFF ENGINEERING SDN. BHD.,,,,,,,,,
RIMBA HARTAWAN SDN. BHD.,,,,,,,,,
RIMBUN ENERGY SDN. BHD.,,,,,,,,,
RIMBUN PRIMA SDN. BHD.,,,,,,,,,
RIZQI ALAF MAJU SDN. BHD.,,,,,,,,,
RIZQUNA SDN. BHD.,,,,,,,,,
RS LEGACY SDN. BHD.,,,,,,,,,
RSJ ENGINEERING SDN. BHD.,,,,,,,,,
RUNTUH MENUA SDN. BHD.,,,,,,,,,
S MEGA MAJU SDN. BHD.,,,,,,,,,
S.P.C. CONSTRUCTION SDN. BHD.,,,,,,,,,
SAFEPOWER SYSTEMS ENGINEERING SDN. BHD.,,,,,,,,,
SAGA AND SON BUILDER CONSTRUCTION,,,,,,,,,
SAMADO SDN. BHD.,,,,,,,,,
SAN CHIN REALTY SDN. BHD.,,,,,,,,,
SANJUNG ETIKA SDN. BHD.,,,,,,,,,
SARA MUHIBAH SDN. BHD.,,,,,,,,,
SARABEST ENGINEERING SDN. BHD.,,,,,,,,,
SARABRAND HOLDING SDN. BHD.,,,,,,,,,
SARA-CHEM SDN. BHD.,,,,,,,,,
SARADISE SDN. BHD.,,,,,,,,,
SARAGLOBAL ENGINEERING SDN. BHD.,,,,,,,,,
SARATECH SDN. BHD.,,,,,,,,,
SARAWAK CONSTRUCTION (1963) SDN. BHD.,,,,,,,,,
SARAWAK DIGITAL ECONOMY CORPORATION BERHAD,,,,,,,,,
SARAWAK INCORPORATED SDN. BHD.,,,,,,,,,
SARAWAK INFORMATION SYSTEMS SDN. BHD.,,,,,,,,,
SARCOMAS SDN. BHD.,,,,,,,,,
SARCON (M) SDN. BHD.,,,,,,,,,
SARKON SDN. BHD.,,,,,,,,,
SARWAJA TIMUR SDN. BHD.,,,,,,,,,
SAWAJA MAJU SDN. BHD.,,,,,,,,,
SCHEMATIC VISION SDN. BHD.,,,,,,,,,
SCIB CONCRETE MANUFACTURING SDN. BHD.,,,,,,,,,
SCIB INDUSTRIALISED BUILDING SYSTEM SDN. BHD.,,,,,,,,,
SCIB PROPERTIES SDN. BHD.,,,,,,,,,
SCLL JAYA SDN. BHD.,,,,,,,,,
SCMM BINA SDN. BHD.,,,,,,,,,
SEDC ENERGY SDN. BHD.,,,,,,,,,
SEDC PREMIX SDN. BHD.,,,,,,,,,
SEDC QUARRIES SDN. BHD.,,,,,,,,,
SEDC REALTY SDN. BHD.,,,,,,,,,
SEDES ENTERPRISE SDN. BHD.,,,,,,,,,
SEE ENERGY SDN. BHD.,,,,,,,,,
SEN MENG KANG CONSTRUCTION SDN. BHD.,,,,,,,,,
SEPADU MANAGEMENT SDN. BHD.,,,,,,,,,
SERIBU GEMILANG SDN. BHD.,,,,,,,,,
SET CONSTRUCTION SDN. BHD.,,,,,,,,,
SETIA ERAMAS SDN. BHD.,,,,,,,,,
SETIA GAYA SDN. BHD.,,,,,,,,,
SETIA MAJU ROADWORKS SDN. BHD.,,,,,,,,,
SHOREFIELD COMMUNICATIONS SDN. BHD.,,,,,,,,,
SHOREFIELD SDN. BHD.,,,,,,,,,
SI PROPERTY AND CONSTRUCTION SDN. BHD.,,,,,,,,,
SIE PUOI CHANG CONSTRUCTION SDN. BHD.,,,,,,,,,
SIM PANG CONSTRUCTION (SARAWAK) SDN. BHD.,,,,,,,,,
SIM SIM CONSTRUCTION SDN.BHD.,,,,,,,,,
SIM-PANG CONSTRUCTION,,,,,,,,,
SINAI DEVELOPMENT SDN. BHD.,,,,,,,,,
SINAR SURI KOMUNIKASI SDN. BHD.,,,,,,,,,
SINARAN BAKO REALTY SDN. BHD.,,,,,,,,,
SING HUA SOON CONSTRUCTION COMPANY,,,,,,,,,
SINLELE ENTERPRISE SDN. BHD.,,,,,,,,,
SK INDAH SDN. BHD.,,,,,,,,,
SKY HIGH CONSTRUCTION SDN. BHD.,,,,,,,,,
SKY VENTURE ENGINEERING SDN. BHD.,,,,,,,,,
SL WELDING CONSTRUCTION,,,,,,,,,
SLS LEGEND SDN. BHD.,,,,,,,,,
SMART HOUSING R & D SDN. BHD.,,,,,,,,,
SMARTGEN TECHNOLOGY SDN. BHD.,,,,,,,,,
SMFC CONSORTIUM SDN. BHD.,,,,,,,,,
SOLARVEST BORNEO SDN. BHD.,,,,,,,,,
SONG CONSTRUCTION (SARAWAK) SDN. BHD.,,,,,,,,,
SONG KAU CONSTRUCTION SDN. BHD.,,,,,,,,,
SOUTHERNHEM INDUSTRIES SDN. BHD.,,,,,,,,,
SOVEREIGN VISION SDN. BHD.,,,,,,,,,
SPAGO PROPERTY SDN. BHD.,,,,,,,,,
SRI DATAI CONSTRUCTION (SARAWAK) SDN. BHD.,,,,,,,,,
SRI DATAI MINING SDN. BHD.,,,,,,,,,
SRI MAJUJAYA CONTRACTOR SDN. BHD.,,,,,,,,,
SRI MELAWATI HOLDINGS SDN. BHD.,,,,,,,,,
SSB REALTY SDN. BHD.,,,,,,,,,
STAMPIN TIMBER & CONSTRUCTION SDN. BHD.,,,,,,,,,
STANDARD TOWER SDN. BHD.,,,,,,,,,
STRUCTURAL REPAIRS (EM) SDN. BHD.,,,,,,,,,
SUTERA DESIGN AND BUILD SDN. BHD.,,,,,,,,,
SYARIKAT AM-ME SDN. BHD.,,,,,,,,,
SYARIKAT PEMBINAAN MEGAH JAYA,,,,,,,,,
SYARIKAT PERMATA SURI SDN. BHD.,,,,,,,,,
SYARIKAT PERNIAGAAN DASRA SDN. BHD.,,,,,,,,,
SYARIKAT R.E. MORRIS (SARAWAK) SDN. BHD.,,,,,,,,,
SYARIKAT SUTANO SDN. BHD.,,,,,,,,,
TAI TONG CONSTRUCTION,,,,,,,,,
TCSS BUILDER SDN. BHD.,,,,,,,,,
TEAM ENGINEERING & MANAGEMENT SERVICES,,,,,,,,,
TEKES RESOURCES SDN. BHD.,,,,,,,,,
TELBINA TECHNOLOGY SDN. BHD.,,,,,,,,,
TELE KENYALANG ENGINEERING SDN. BHD.,,,,,,,,,
TENAGA SERI WANGSA SDN. BHD.,,,,,,,,,
TERATAI TEMASEK SDN. BHD.,,,,,,,,,
THIAM SHIN ENGINEERING & CONSTRUCTION SDN. BHD.,,,,,,,,,
THIAN YEN AQUACULTURE SDN. BHD.,,,,,,,,,
TIMBER LAND PROPERTIES SDN. BHD.,,,,,,,,,
TIMOR KENCANA SDN.BHD.,,,,,,,,,
TITANIUM PROJECT MANAGEMENT SDN. BHD.,,,,,,,,,
TIYA BINA SDN. BHD.,,,,,,,,,
TMK CONSTRUCTION & TRANSPORT SDN. BHD.,,,,,,,,,
TOKOH BINA SDN.BHD.,,,,,,,,,
TOKOH ILHAM SDN. BHD.,,,,,,,,,
TOP GREEN CONSTRUCTION DEVELOPMENT SDN. BHD.,,,,,,,,,
TOTAL RELIABILITY SDN. BHD.,,,,,,,,,
TP ENGINEERING ASSOCIATES SDN. BHD.,,,,,,,,,
TRECA BINA SDN. BHD.,,,,,,,,,
TRENOCON SDN. BHD.,,,,,,,,,
TRINTEL (M) SDN. BHD.,,,,,,,,,
TRIPODS SDN. BHD.,,,,,,,,,
TRISUN RESOURCES SDN. BHD.,,,,,,,,,
TROPICAL RHYTHM SDN. BHD.,,,,,,,,,
TSJ CONSTRUCTION SDN. BHD.,,,,,,,,,
TULUS GLOBAL SDN. BHD.,,,,,,,,,
TUMASEK REKA DAN BINA SDN. BHD.,,,,,,,,,
TUYOP (MALAYSIA) SDN. BHD.,,,,,,,,,
UNIFIED STANDARD SDN. BHD.,,,,,,,,,
UNIQUE DECO SDN BHD.,,,,,,,,,
URBAN EMPIRE BUILDERS SDN. BHD.,,,,,,,,,
URBANPRO DEVELOPMENT SDN. BHD.,,,,,,,,,
UTRACO CONSTRUCTION SDN. BHD.,,,,,,,,,
VALSA (SARAWAK) SDN. BHD.,,,,,,,,,
VERDE MOUNT CORPORATION SDN. BHD.,,,,,,,,,
VICHII SDN. BHD.,,,,,,,,,
VICTORIOUS REALTY SDN. BHD.,,,,,,,,,
VISI UTAMA SDN. BHD.,,,,,,,,,
VISTAWELL SDN. BHD.,,,,,,,,,
VSE ELECTRICAL SDN. BHD.,,,,,,,,,
W.T.K. & COMPANY SDN. BHD.,,,,,,,,,
WAB KELUARGA REALTY SDN. BHD.,,,,,,,,,
WARDEN IFM SDN. BHD.,,,,,,,,,
WARDI ENGINEERING & MARKETING SDN. BHD.,,,,,,,,,
WARISAN SERIBU CANGGIH SDN. BHD.,,,,,,,,,
WAWASAN BARAT TEGUH SDN. BHD.,,,,,,,,,
WAWASAN CAPITAL SDN. BHD.,,,,,,,,,
WAZOON SDN. BHD.,,,,,,,,,
WEE HOCK ELECTRONIC & ELECTRICAL COMPANY,,,,,,,,,
WEIDA INTEGRATED INDUSTRIES SDN. BHD.,,,,,,,,,
WEIDA WATER ENGINEERING TECHNOLOGY SDN. BHD.,,,,,,,,,
WEIDA WORKS SDN. BHD.,,,,,,,,,
WEIDASAR SDN. BHD.,,,,,,,,,
WEKAJAYA SDN. BHD.,,,,,,,,,
WEST BORNEO CONSTRUCTION SDN.BHD,,,,,,,,,
WHITEBEARD ENGINEERING SDN. BHD.,,,,,,,,,
WISMA HARTANIAGA SDN. BHD.,,,,,,,,,
WORKSMITH BUILDER SDN. BHD.,,,,,,,,,
WTE TECHNOLOGIES (S) SDN. BHD.,,,,,,,,,
XSTRA ENGINEERING SDN. BHD.,,,,,,,,,
Y.M.N.R. HERITAGE SDN. BHD.,,,,,,,,,
YAMACO ENGINEERING SDN.BHD.,,,,,,,,,
YE TUNG CONSTRUCTION SDN. BHD.,,,,,,,,,
YONGCL ENGINEERING SDN. BHD.,,,,,,,,,
YPN ELECTRICAL ENGINEERING & CONSTRUCTION (SARAWAK) SDN. BHD.,,,,,,,,,
YUNG KONG CONSTRUCTION SDN. BHD.,,,,,,,,,
YUNG SENG CONSTRUCTION SDN. BHD.,,,,,,,,,
YUNG SENG DEVELOPMENT SDN. BHD.,,,,,,,,,
ZAFAK KHIDMAT SDN. BHD.,,,,,,,,,
ZAKARIA YEW CONSTRUCTION,,,,,,,,,
ZARACON ENGINEERING SDN. BHD.,,,,,,,,,
ZECON BERHAD,,,,,,,,,
3PEAK CONSTRUCTION SDN BHD,,,,,,,,,
A TECH ATLANTIS SDN. BHD.,,,,,,,,,
ADMIRAL COLLECTION SDN. BHD.,,,,,,,,,
AMI K&G LAND SDN. BHD.,,,,,,,,,
ANCALA MEGAH SDN. BHD.,,,,,,,,,
ANS DEVELOPMENT SDN. BHD.,,,,,,,,,
ANTARA AMAN SDN. BHD.,,,,,,,,,
ARCHVILLE GRUNSWORTH SDN. BHD.,,,,,,,,,
ARMADA CERIA SDN. BHD.,,,,,,,,,
ARMANI SINAR SDN. BHD.,,,,,,,,,
ASSOCIATED BUILDERS AND CONTRACTORS SDN. BHD.,,,,,,,,,
BAE INDUSTRIAL ENGINEERING SDN. BHD.,,,,,,,,,
BAN LOONG ASPHALT MIXING PRODUCTS SDN. BHD.,,,,,,,,,
BELKRON TRADING SDN. BHD.,,,,,,,,,
BEMBAN JAYA SDN. BHD.,,,,,,,,,
BH NETWORK SDN. BHD.,,,,,,,,,
BH RONDA SDN. BHD.,,,,,,,,,
BINTANG SATRIA SDN. BHD.,,,,,,,,,
BIONIC VISION SDN. BHD.,,,,,,,,,
C & W ENGINEERING SDN. BHD.,,,,,,,,,
CALDERA CONSTRUCTION SDN BHD,,,,,,,,,
CENTRAL GEO SDN. BHD.,,,,,,,,,
CERVO WORKS SDN. BHD.,,,,,,,,,
CHK REALTY SDN. BHD.,,,,,,,,,
CHOONG NAM FATHER & SONS CONSTRUCTION SDN. BHD.,,,,,,,,,
CLCE CONSTRUCTION SDN. BHD.,,,,,,,,,
CMS CONSTRUCTION (M) SDN. BHD.,,,,,,,,,
CONSTANT TEAMWORK SDN. BHD.,,,,,,,,,
CP POTENTIAL SDN. BHD.,,,,,,,,,
CS PLUMBER ENGINEERING WORKS SDN. BHD.,,,,,,,,,
DAMAS GEMILANG SDN. BHD.,,,,,,,,,
DELSCON CONSTRUCTION SDN. BHD.,,,,,,,,,
DKLS CONSTRUCTION SDN. BHD.,,,,,,,,,
DURA CONSTRUCTION SDN. BHD.,,,,,,,,,
DURA TECHNOLOGY SDN. BHD.,,,,,,,,,
DURABEAU CORPORATION SDN.BHD.,,,,,,,,,
E.S.S.ENGINEERING SDN.BHD.,,,,,,,,,
ECJ CONSTRUCTION SDN. BHD.,,,,,,,,,
EGREEN ENGINEERING SDN. BHD.,,,,,,,,,
EMPIRE CITY CONSTRUCTION SDN. BHD.,,,,,,,,,
ENCHEM SDN. BHD.,,,,,,,,,
EXUAN CONSTRUCTION & TRADING SDN. BHD.,,,,,,,,,
FONCO CONSTRUCTION SDN. BHD.,,,,,,,,,
GABONGAN PEMBORONG BUMIPUTRA PERAK BERHAD,,,,,,,,,
GAGAH BANGGA SDN. BHD.,,,,,,,,,
GIMPAI JAYA SDN. BHD.,,,,,,,,,
GOLDMAN ENGINEERING & CONSTRUCTIONS SDN. BHD.,,,,,,,,,
GOODWILL VELOCITY SDN. BHD.,,,,,,,,,
GREATCHAIN (M) SDN. BHD.,,,,,,,,,
HAJADI SDN. BHD.,,,,,,,,,
HARTA MINDA SDN. BHD.,,,,,,,,,
HIDRO 2 PERAK SDN. BHD.,,,,,,,,,
HING WAH CONSTRUCTION SDN. BHD.,,,,,,,,,
HLE ENGINEERING (M) SDN. BHD.,,,,,,,,,
HOE HWA PROPERTIES SDN. BHD.,,,,,,,,,
HOONG FATT CONSTRUCTION SDN. BHD.,,,,,,,,,
IAAL DEVELOPMENT SDN. BHD.,,,,,,,,,
IMBANGAN DAMAI SDN. BHD.,,,,,,,,,
IMBANGAN KUASA SDN. BHD.,,,,,,,,,
INTEGRATED VEST (M) SDN. BHD.,,,,,,,,,
JATI WIRA MAJU SDN. BHD.,,,,,,,,,
JIN YANG CONSTRUCTION SDN. BHD.,,,,,,,,,
JJM INTEGRATED SDN. BHD.,,,,,,,,,
JUARA ICT SDN. BHD.,,,,,,,,,
JUTAWAN SURIAMAS CONSTRUCTION SDN. BHD.,,,,,,,,,
KAISER CONSTRUCTION SDN. BHD.,,,,,,,,,
KALINDA SDN BHD.,,,,,,,,,
KAWAN GREEN ENERGY SDN. BHD.,,,,,,,,,
KAWASAN KREATIF SDN. BHD.,,,,,,,,,
KC BIZ SDN. BHD.,,,,,,,,,
KEE HING ELECTRIC SDN. BHD.,,,,,,,,,
KEJURUTERAAN KINTATEKNIK SDN. BHD.,,,,,,,,,
KEMAS MAJU CONSTRUCTION SDN. BHD.,,,,,,,,,
KENEP RESOURCES (ASIA) SDN. BHD.,,,,,,,,,
KINTA BAIDURI SDN. BHD.,,,,,,,,,
KINTA BAKTI SDN. BHD.,,,,,,,,,
KINTA PROPERTIES DEVELOPMENT SDN. BHD.,,,,,,,,,
KINU SDN. BHD.,,,,,,,,,
LANG PROPERTY SDN. BHD.,,,,,,,,,
LANG VALLEY CONSTRUCTION SDN. BHD.,,,,,,,,,
LEE CHEONG PLUMBING WORKS SDN. BHD.,,,,,,,,,
LEERANCHU CONSTRUCTION & TRADING SDN. BHD.,,,,,,,,,
LIEW YIN YIN CONSTRUCTION SDN. BHD.,,,,,,,,,
LIK SON CONSTRUCTION TRADING SDN. BHD.,,,,,,,,,
LIM TUAN CONSTRUCTION & ENGINEERING WORKS SDN. BHD.,,,,,,,,,
LIP TACK ENGINEERING SDN. BHD.,,,,,,,,,
LTP ENGINEERING SDN. BHD.,,,,,,,,,
LUXURY EIGHT SDN. BHD.,,,,,,,,,
MAJU PBJ SDN. BHD.,,,,,,,,,
MAJUPERAK ENERGY RESOURCES SDN. BHD.,,,,,,,,,
MALIM-RESTU CONSTRUCTION SDN. BHD.,,,,,,,,,
MAN HOE DEVELOPMENT SDN. BHD.,,,,,,,,,
MANETO ENGINEERING SDN. BHD.,,,,,,,,,
MARAPUTRA SDN. BERHAD,,,,,,,,,
MAZ GALERI KREATIF ENTERPRISE SDN. BHD.,,,,,,,,,
MELATI WANI SDN. BHD.,,,,,,,,,
MERCU MAJUNIAGA SDN. BHD.,,,,,,,,,
MILLENIA AQUA SERVICES SDN. BHD.,,,,,,,,,
MSHK ENGINEERING SDN. BHD.,,,,,,,,,
MUTIARA SEMANGAT JAYA SDN. BHD.,,,,,,,,,
MYIB CONSTRUCTION SDN. BHD.,,,,,,,,,
NAZARIN (NBM) SDN. BHD.,,,,,,,,,
NCS BUILDERS SDN. BHD.,,,,,,,,,
NGAI SING CONSTRUCTION SDN. BHD.,,,,,,,,,
OKS ELECTRICAL & AIR-CONDITIONING SDN. BHD.,,,,,,,,,
PASAK IMPIAN SDN. BHD.,,,,,,,,,
PCA CONSTRUCTION SDN. BHD.,,,,,,,,,
PEMBINAAN CERGAS ABADI,,,,,,,,,
PEMBINAAN PAKAT MAJU SDN. BHD.,,,,,,,,,
PRAGMASPADU SDN. BHD.,,,,,,,,,
PRISTINE DYNAMICS SDN. BHD.,,,,,,,,,
PTRANS RESOURCES SDN. BHD.,,,,,,,,,
PUNCAK EMAS INFRA SDN. BHD.,,,,,,,,,
R.N.E. CONSORTIUM SDN. BHD.,,,,,,,,,
RAPAT SETIA SDN. BHD.,,,,,,,,,
RE ELECTRICAL & CONSTRUCTION SDN. BHD.,,,,,,,,,
RH ENGINEERS & CONSTRUCTORS SDN. BHD.,,,,,,,,,
RS MASTER BUILDERS SDN. BHD.,,,,,,,,,
S.SIVAN CONSTRUCTION,,,,,,,,,
SAITECH WASTEWATER SDN. BHD.,,,,,,,,,
SANJUNG SEMPURNA SDN. BHD.,,,,,,,,,
SCI FIRE SERVICE MASTER SDN. BHD.,,,,,,,,,
SEDIAGEMILANG SDN. BHD.,,,,,,,,,
SEGAR BERNAS SDN. BHD.,,,,,,,,,
SELAYANG HEBAT SDN. BHD.,,,,,,,,,
SERI BUMI MAKMUR SDN. BHD.,,,,,,,,,
SHAHDANA JTL ENGINEERING SDN. BHD.,,,,,,,,,
SHARIKAT YOM PEMBENAAN DAN PEMBANGUNAN SDN. BHD.,,,,,,,,,
SHIANGHEE (M) SDN. BHD.,,,,,,,,,
SHOMECHA (M) SDN. BHD.,,,,,,,,,
SIMPLEX PHOENIX CONSTRUCTION SDN. BHD.,,,,,,,,,
SLEI SDN. BHD.,,,,,,,,,
SNS NETWORK (M) SDN. BHD.,,,,,,,,,
SOLAR SUNYIELD SDN. BHD.,,,,,,,,,
SOUTHERN CONCRETE SDN.BHD.,,,,,,,,,
SUPREME PRIDE SDN. BHD.,,,,,,,,,
SURIA GEMILANG SDN. BHD.,,,,,,,,,
SYARIKAT KMP SDN. BHD.,,,,,,,,,
SYARIKAT MAJUPERAK BHD.,,,,,,,,,
SYARIKAT PEMBINAAN CAJ MAJU SDN. BHD.,,,,,,,,,
SYARIKAT PEMBINAAN KENT LIK SDN. BHD.,,,,,,,,,
SYARIKAT S. S. SOO & BROTHERS CONSTRUCTION SDN.BHD,,,,,,,,,
SYARIKAT SRI KINTA SENDIRIAN BERHAD,,,,,,,,,
SYNERGY PRESTIGE SDN. BHD.,,,,,,,,,
TAKI ENGINEERING SDN. BHD.,,,,,,,,,
TE DINAMIK SDN. BHD.,,,,,,,,,
TEERAZ NIAGA SDN. BHD.,,,,,,,,,
TEKUN TERAJU TEKNIK (M) SDN. BHD.,,,,,,,,,
TEOH KIM FONG NETWORK SDN. BHD.,,,,,,,,,
TETRABUILD SDN. BHD.,,,,,,,,,
TOTAL IFM SDN. BHD.,,,,,,,,,
TRANS CAPACITY SDN. BHD.,,,,,,,,,
ULTIVICTORY SDN. BHD.,,,,,,,,,
UNI-POH CONSTRUCTION WORKS SDN. BHD.,,,,,,,,,
UNIQUE FABULOUS SDN. BHD.,,,,,,,,,
URBAN SUNRISE SDN. BHD.,,,,,,,,,
USAHA PAMMEK SDN. BHD.,,,,,,,,,
W & C CONSTRUCTION ENGINEERING SDN. BHD.,,,,,,,,,
WAIKO INTERNATIONAL SDN. BHD.,,,,,,,,,
WAN TAI CONSTRUCTION SDN. BHD.,,,,,,,,,
WEGO SDN. BHD.,,,,,,,,,
WESRY DEVELOPMENT SDN. BHD.,,,,,,,,,
WH PREMIER BUILDERS SDN. BHD.,,,,,,,,,
WICON CONSTRUCTION SDN. BHD.,,,,,,,,,
WIRACITY CONSTRUCTION SDN. BHD.,,,,,,,,,
WKL PLUMBING & CONSTRUCTION ENGINEERING SDN. BHD.,,,,,,,,,
WONG KHOY HEAN SDN.BHD.,,,,,,,,,
Y U ELECTRICAL ENGINEERING SDN. BHD.,,,,,,,,,
YAN SEONG FOUNDRY,,,,,,,,,
YI KIN CONSTRUCTION WORKS SDN. BHD.,,,,,,,,,
YU TAT CONSTRUCTION SDN. BHD.,,,,,,,,,
ZHAN FUNG BUILDERS SDN. BHD.,,,,,,,,,
ZT ENGINEERING & CONSTRUCTION SDN BHD,,,,,,,,,
AD MUTIARA SDN. BHD.,,,,,,,,,
AFOJAL CONSTRUCTION & ENGINEERING SDN. BHD.,,,,,,,,,
AKARI EMPIRE SDN. BHD.,,,,,,,,,
AM RICH CONSTRUCTIONS & DEVELOPMENT SDN. BHD.,,,,,,,,,
AMAZE BULLION SDN. BHD.,,,,,,,,,
AMWIC GROUP SDN. BHD.,,,,,,,,,
APT EQUITY SDN. BHD.,,,,,,,,,
AWAL HARMONI SDN. BHD.,,,,,,,,,
BA URUS BINA (M) SDN. BHD.,,,,,,,,,
BAKAT JAYA BINA SDN. BHD.,,,,,,,,,
BEVERLY GARDEN SDN. BHD.,,,,,,,,,
BINA GEMILANG SDN. BHD.,,,,,,,,,
BLUEWHALE CONSTRUCTION & PROJECT MANAGEMENT SDN. BHD.,,,,,,,,,
BTB BUILDERS SDN. BHD.,,,,,,,,,
CB CEMERLANG SDN. BHD.,,,,,,,,,
DALIA INDUSTRIES SDN. BHD.,,,,,,,,,
DECON ID CONSTRUCTION SDN. BHD.,,,,,,,,,
DM MAJU UTAMA SDN. BHD.,,,,,,,,,
DURACONSUL SDN. BHD.,,,,,,,,,
ECOPOWER DYNAMICS (M) SDN. BHD.,,,,,,,,,
EKAR MHN BUILDCON SDN. BHD.,,,,,,,,,
ELEKTRIK MOHD ISMAIL,,,,,,,,,
EVERSEAM SDN. BHD.,,,,,,,,,
FIZWAH PEMBINAAN SDN BHD,,,,,,,,,
FOONG LOONG ELECTRICAL SDN. BHD.,,,,,,,,,
FOSTER CONSTRUCTION SDN. BHD.,,,,,,,,,
FWT CONSTRUCTION SDN. BHD.,,,,,,,,,
GALAK MAJU SDN. BHD.,,,,,,,,,
GC NEXS CAPITAL SDN. BHD.,,,,,,,,,
GIMAS HUSSIN SDN. BHD.,,,,,,,,,
GLOBAL ETIKA JAYA SDN. BHD.,,,,,,,,,
GLOBAL MASS CONSTRUCTION SDN. BHD.,,,,,,,,,
GMO CABLES SDN. BHD.,,,,,,,,,
GOALMIX SDN. BHD.,,,,,,,,,
HAMKA CONSTRUCTION SDN. BHD.,,,,,,,,,
HARI ' S ENTERPRISE SDN. BHD.,,,,,,,,,
HARVEST BUILDER SDN. BHD.,,,,,,,,,
HASRAT BINA SDN. BHD.,,,,,,,,,
HHR BUILDERS SDN. BHD.,,,,,,,,,
HHR SETIA SDN. BHD.,,,,,,,,,
HYPER ONE ENGINEERING SDN. BHD.,,,,,,,,,
I.D. ENGINEERING (M) SDN. BHD.,,,,,,,,,
IHSAN STRATEGIK SDN. BHD.,,,,,,,,,
IMPIAN WAWASAN MEGA SDN. BHD.,,,,,,,,,
INSPIRE WORLD SDN. BHD.,,,,,,,,,
INTRA PREMIER SDN. BHD.,,,,,,,,,
JAYA RINGKAS SDN. BHD.,,,,,,,,,
JENTAYU PADU SDN. BHD.,,,,,,,,,
JY CREATIVE SDN. BHD.,,,,,,,,,
KAMNI CORPORATION SDN. BHD.,,,,,,,,,
KHAIRI HAIZAD BINA SDN. BHD.,,,,,,,,,
KINETIC BUILDERS SDN. BHD.,,,,,,,,,
KMN DEVELOPMENT SDN.BHD.,,,,,,,,,
KONSORTIUM KONTRAKTOR MELAYU (N.S.) SDN. BHD.,,,,,,,,,
KSB GLOBAL SDN. BHD.,,,,,,,,,
LAPANGAN KOTA SDN. BHD.,,,,,,,,,
LARAM TEGAP SDN. BHD.,,,,,,,,,
LEE CHIN WAH CONSTRUCTION SDN. BHD.,,,,,,,,,
LIBERTIUM CONSTRUCTION SDN. BHD.,,,,,,,,,
LPM PLUMBING SDN. BHD.,,,,,,,,,
M.D. LINK SDN. BHD.,,,,,,,,,
MAHA BESTARI DEVELOPMENT SDN. BHD.,,,,,,,,,
MAKASYA FIRDA (M) SDN. BHD.,,,,,,,,,
MALLIGA KRISHNAN SDN. BHD.,,,,,,,,,
MAMPAN CONSTRUCTION SDN. BHD.,,,,,,,,,
MAPLE87 BUILDERS SDN. BHD.,,,,,,,,,
MASCARO CONSTRUCTION SDN. BHD.,,,,,,,,,
MASUYA CONSTRUCTION SDN. BHD.,,,,,,,,,
MATRIX EXCELCON SDN. BHD.,,,,,,,,,
MAY KEONG SDN. BHD.,,,,,,,,,
MD MAJU UTAMA SDN. BHD.,,,,,,,,,
MEGA IMPERIUM SDN. BHD.,,,,,,,,,
MEGAH MENANG (M) SDN. BHD.,,,,,,,,,
MHG DESIGN SDN. BHD.,,,,,,,,,
MHMT HOLDINGS SDN. BHD.,,,,,,,,,
MSK BUILDER HOLDINGS (M) SDN. BHD.,,,,,,,,,
N.S. CONSTRUCTION SDN. BHD.,,,,,,,,,
NAQCOOL CONSTRUCTION SDN. BHD.,,,,,,,,,
NEGERI ROADSTONE SDN. BHD.,,,,,,,,,
NSIBA ENGINEERING & CONSTRUCTION SDN. BHD.,,,,,,,,,
NST EARTHWORK CONSTRUCTION SDN. BHD.,,,,,,,,,
OCEAN VENTURES OFFSHORE SDN. BHD.,,,,,,,,,
OMORI INNOVATION (M) SDN. BHD.,,,,,,,,,
OTT ELECTRICAL ENGINEERING (M) SDN. BHD.,,,,,,,,,
PANCHOR PREMIX SDN. BHD.,,,,,,,,,
PC POWER CONTROL MECHANICAL SDN. BHD.,,,,,,,,,
PEMBINAAN JAZZ SDN. BHD.,,,,,,,,,
PEMBINAAN NADA SEMAJU SDN. BHD.,,,,,,,,,
PEMBINAAN PLC SDN. BHD.,,,,,,,,,
PEMBINAAN PULAU SEBANG SDN. BHD.,,,,,,,,,
PEMBINAAN SHAMSADI SDN. BHD.,,,,,,,,,
PEMBINAAN WTL SDN. BHD.,,,,,,,,,
PERSADA KARISMA ENTERPRISE,,,,,,,,,
PING SING CONSTRUCTION SDN. BHD.,,,,,,,,,
PLANBIG SENDIRIAN BERHAD,,,,,,,,,
PRESTAMAJU HOLDINGS SDN. BHD.,,,,,,,,,
PRIMUNCAK CONSTRUCTION SDN. BHD.,,,,,,,,,
PUNCA BINA SDN. BHD.,,,,,,,,,
PUNCAK GERBANG SDN. BHD.,,,,,,,,,
PUNCAK TUAH RESOURCES SDN. BHD.,,,,,,,,,
QUICK SERIES CONSTRUCTION SDN. BHD.,,,,,,,,,
RANTAU ARAU SDN. BHD.,,,,,,,,,
RD USAHA SDN. BHD.,,,,,,,,,
RECON EXIST SDN. BHD.,,,,,,,,,
RIMBUN DERMAGA SDN. BHD.,,,,,,,,,
RINTASJAYA CONSTRUCTION SDN. BHD.,,,,,,,,,
S.G. CABLES SDN. BHD.,,,,,,,,,
SAM KENG TAT BUILDERS SDN. BHD.,,,,,,,,,
SEA HORSE SERVICES SDN. BHD.,,,,,,,,,
SEGA ELEKTRIK SDN. BHD.,,,,,,,,,
SEGIMAJU SDN. BHD.,,,,,,,,,
SH ALUMINIUM (SEREMBAN) SDN. BHD.,,,,,,,,,
SHAREPRIME SDN. BHD.,,,,,,,,,
SINAR PASTI SDN. BHD.,,,,,,,,,
SRI BUKTI CONSTRUCTION,,,,,,,,,
STRONPAC CONSTRUCTION SDN. BHD.,,,,,,,,,
SUMMER ALLIANCE SDN. BHD.,,,,,,,,,
SUTERA HIKMAH SDN. BHD.,,,,,,,,,
SYARIKAT STEELCON SDN. BHD.,,,,,,,,,
TACKOR DESIGN SDN BHD,,,,,,,,,
TAEHWA ENGINEERING SDN. BHD.,,,,,,,,,
TEN SANG INDUSTRIES SDN. BHD.,,,,,,,,,
TERAS KHIDMAT NIAGA SDN. BHD.,,,,,,,,,
TXL RESOURCES SDN. BHD.,,,,,,,,,
UNITED AAD SDN. BHD.,,,,,,,,,
WEST QUAY BUILDERS SDN. BHD.,,,,,,,,,
WKF ENGINEERING SDN. BHD.,,,,,,,,,
XPRESS DESIRE SDN. BHD.,,,,,,,,,
ZIKA ENTERPRISE SDN. BHD.,,,,,,,,,
7DSM PROJECTS SDN. BHD.,,,,,,,,,
A.B.U HAYAT SDN. BHD.,,,,,,,,,
A2 AUTOMATION SDN. BHD.,,,,,,,,,
ABAD KENANGA SDN. BHD.,,,,,,,,,
ADWISE SOLUTIONS SDN. BHD.,,,,,,,,,
AEC PROJECT MANAGEMENT SDN. BHD.,,,,,,,,,
AFFAN SYNERGY SDN. BHD.,,,,,,,,,
AIRMAS CONSTRUCTION SDN. BHD.,,,,,,,,,
ALAM ALIRAN KUALITI (M) SDN. BHD.,,,,,,,,,
ALBARAKAH WORKS SDN. BHD.,,,,,,,,,
ALFATRONICS SDN. BHD.,,,,,,,,,
ALPHA ORIENTAL BUILDERS SDN. BHD.,,,,,,,,,
AMAL PERSADA HOLDINGS SDN. BHD.,,,,,,,,,
AMPLE OPULENT SDN. BHD.,,,,,,,,,
ASPEK HARMONI ENGINEERING SDN. BHD.,,,,,,,,,
ATRA PADU SDN. BHD.,,,,,,,,,
ATSH MANAGEMENT SDN. BHD.,,,,,,,,,
BAGAN ELECTRICAL & CONSTRUCTION SDN. BHD.,,,,,,,,,
BAN CHEONG CONSTRUCTION SDN. BHD.,,,,,,,,,
BERJAYA AUTOMATION SDN. BHD.,,,,,,,,,
BEST METRO BUILDER SDN. BHD.,,,,,,,,,
BOON BOON BUILDER SDN. BHD.,,,,,,,,,
BUILDERMAX SDN. BHD.,,,,,,,,,
BYTE TO BITE SDN. BHD.,,,,,,,,,
CAHAYA TERBAIK MANAGEMENT SDN. BHD.,,,,,,,,,
CENTRALEAD CONSTRUCTION SDN. BHD.,,,,,,,,,
CHAMP STEEL SDN. BHD.,,,,,,,,,
CIVILSTONE CONSTRUCTION SDN. BHD.,,,,,,,,,
CKH ENGINEERING SDN. BHD.,,,,,,,,,
CS PANEL SDN. BHD.,,,,,,,,,
CSE ELECTRICAL & MECHANICAL SDN. BHD.,,,,,,,,,
DENGTEX ENGINEERING & CONSTRUCTION SDN. BHD.,,,,,,,,,
DING FENG ENGINEERING & CONSTRUCTION SDN. BHD.,,,,,,,,,
DOMINANT PRO VENTURES SDN. BHD.,,,,,,,,,
DYNAMIC PRIVILEGE SDN. BHD.,,,,,,,,,
EEC CONSTRUCTION SDN. BHD.,,,,,,,,,
EMERSE SDN. BHD.,,,,,,,,,
EML POWER ENGINEERING SDN. BHD.,,,,,,,,,
EMPIRE PROSPECT SDN. BHD.,,,,,,,,,
ENHANCE FOREVER SDN. BHD.,,,,,,,,,
EPIC VALLEY ENGINEERING SDN. BHD.,,,,,,,,,
EPTURE CONSTRUCTION (M) SDN. BHD.,,,,,,,,,
ERA ALPHA SDN. BHD.,,,,,,,,,
ESSENTIAL ENGINEERING SOLUTION SDN. BHD.,,,,,,,,,
FDZ ZAAM ENTERPRISE SDN. BHD.,,,,,,,,,
FIRST CDK ENGINEERING SDN. BHD.,,,,,,,,,
GAINTREND SDN. BHD.,,,,,,,,,
GGS CONSTRUCTION SDN. BHD.,,,,,,,,,
GHL CONSTRUCTION SDN. BHD.,,,,,,,,,
GLOBAL PORT ENGINEERING & SERVICES SDN. BHD.,,,,,,,,,
GLOBAL SEASONS CONSTRUCTION SDN. BHD.,,,,,,,,,
GREAT JACK-IN SDN. BHD.,,,,,,,,,
GREAT PILING SDN. BHD.,,,,,,,,,
GREEN LIGHT ELECTRICAL ENGINEERING SDN. BHD.,,,,,,,,,
GREEN NATURE CLASS SDN. BHD.,,,,,,,,,
GREENBAY CES (PG) SDN. BHD.,,,,,,,,,
GREENVIRO SOLUTIONS SDN. BHD.,,,,,,,,,
GTM BUILDER SDN. BHD.,,,,,,,,,
HC INDUSTRIAL BUILDER SDN. BHD.,,,,,,,,,
HHC BUILDING CONSTRUCTION SDN. BHD.,,,,,,,,,
HOME CAPACITY SDN. BHD.,,,,,,,,,
INFINITY PROSPECT (M) SDN. BHD.,,,,,,,,,
INNOVATIVE GREEN TECHNOLOGY SDN. BHD.,,,,,,,,,
ISLAND LANDCAP CONSTRUCTION SDN. BHD.,,,,,,,,,
JAYAMAS PROPERTY CONSTRUCTION SDN. BHD.,,,,,,,,,
JETCAN ENGINEERING SDN. BHD.,,,,,,,,,
JFA JAYA SDN. BHD.,,,,,,,,,
JOYSTAR PERFECT SDN. BHD.,,,,,,,,,
KEJURUTERAAN HOCK KHENG SDN. BHD.,,,,,,,,,
KEN LOR CONSTRUCTION SDN. BHD.,,,,,,,,,
KESEMO ASLI SDN. BHD.,,,,,,,,,
KHEAN HUAT ELECTRICAL SDN BHD,,,,,,,,,
KHOR KHYE HING CONSTRUCTIONS SDN. BHD.,,,,,,,,,
KIJ ULTRA SUPREME FILTRATION SDN. BHD.,,,,,,,,,
KIM YONG CONSTRUCTION SDN. BHD.,,,,,,,,,
KL GEOTECHNICS SDN. BHD.,,,,,,,,,
KLITZ VIBRANT IMPORTED KITCHENS SDN. BHD.,,,,,,,,,
KMS ASIA BUILDER SDN. BHD.,,,,,,,,,
KSPP HOLDING SDN. BHD.,,,,,,,,,
KY CHONG ENGINEERING,,,,,,,,,
LB BROTHERS CONSTRUCTION SDN. BHD.,,,,,,,,,
LEADING GLOBAL ENGINEERING SDN. BHD.,,,,,,,,,
M CREATIVE SDN. BHD.,,,,,,,,,
MASWELLY (M) SDN. BHD.,,,,,,,,,
MEGA M&E SDN. BHD.,,,,,,,,,
MENG LIGHT ENGINEERING SDN. BHD.,,,,,,,,,
MOHIZA SDN. BHD.,,,,,,,,,
MTG BINA SDN. BHD.,,,,,,,,,
MTG TIMUR SDN. BHD.,,,,,,,,,
N. POWER ENGINEERING SDN. BHD.,,,,,,,,,
NEW GRANDVIEW ALUMINIUM SDN. BHD.,,,,,,,,,
NICHE ELEVATOR SDN. BHD.,,,,,,,,,
NORTH POINT CONSTRUCTION SDN. BHD.,,,,,,,,,
ORIENTAL UNITY SDN. BHD.,,,,,,,,,
P&CC ULTIMATE GROUP SDN. BHD.,,,,,,,,,
PANIMEX CONSTRUCTION (M) SDN. BHD.,,,,,,,,,
PASSION ELEMENT CONSTRUCTION SDN. BHD.,,,,,,,,,
PC CONSTRUCTION SDN. BHD.,,,,,,,,,
PEAKEVER CONSTRUCTION SDN. BHD.,,,,,,,,,
PELITA GEMILANG R SDN. BHD.,,,,,,,,,
PEMBINAAN DAN KEJURUTERAAN SHA SDN. BHD.,,,,,,,,,
PEMBINAAN WANG HEBAT SDN. BHD.,,,,,,,,,
PENLI CONSTRUCTION SDN. BHD.,,,,,,,,,
PINANG MEWAH DEVELOPMENT SDN. BHD.,,,,,,,,,
PLB GREEN CONSTRUCTION SDN. BHD.,,,,,,,,,
PLB-KH BINA SDN. BHD.,,,,,,,,,
PLE ELECTRICAL SDN. BHD.,,,,,,,,,
POWER LIGHT TECHNOLOGY SDN. BHD.,,,,,,,,,
POWERTECH SERVICE & ENGINEERING SDN. BHD.,,,,,,,,,
PTL BUILDER SDN. BHD.,,,,,,,,,
PUNCAK AKZ SDN. BHD.,,,,,,,,,
RAMANA BUILDERS SDN. BHD.,,,,,,,,,
RAPID IMPACT SDN. BHD.,,,,,,,,,
RBC BUILDERS SDN. BHD.,,,,,,,,,
RISINGLIGHT SDN BHD.,,,,,,,,,
S.E.M. DYNAMIC ENGINEERS SDN. BHD.,,,,,,,,,
S.G. CONCRETE PRODUCTS (M) SDN. BHD.,,,,,,,,,
SAGAJAYA ENGINEERING SDN. BHD.,,,,,,,,,
SENG YONG BUILDERS SDN. BHD.,,,,,,,,,
SH MOMENT BUILDER SDN. BHD.,,,,,,,,,
SHIANGLY BUILDER SDN. BHD.,,,,,,,,,
SOIL MECHANIC SDN BHD,,,,,,,,,
SOON TEIK SENG CONSTRUCTION SDN. BHD.,,,,,,,,,
SRA BUILDER SDN. BHD.,,,,,,,,,
SRI BUDINAR (M) SDN. BHD.,,,,,,,,,
SRI BUDINAR SOLUTION SDN. BHD.,,,,,,,,,
SRI TANJONG BINA SDN. BHD.,,,,,,,,,
SSE ADVANCE SDN. BHD.,,,,,,,,,
ST HAN CONSTRUCTION SDN. BHD.,,,,,,,,,
STCS TRANSPORTATION SDN. BHD.,,,,,,,,,
STRAITS TECHNICS SDN. BHD.,,,,,,,,,
SYIFA BINA SDN. BHD.,,,,,,,,,
SYSTEMECH ENGINEERING SDN. BHD.,,,,,,,,,
TCT BUILDERS SDN. BHD.,,,,,,,,,
TEAM HARVEST SDN. BHD.,,,,,,,,,
TECHKEM WATER TECHNOLOGIES SDN. BHD.,,,,,,,,,
TEK TECHNOLOGY ENGINEERING SDN. BHD.,,,,,,,,,
TEKAS JAYA SDN. BHD.,,,,,,,,,
TEMP TECHNOLOGY SDN. BHD.,,,,,,,,,
TEP SOLAR SDN. BHD.,,,,,,,,,
TERBITEL SDN. BHD.,,,,,,,,,
THE SOLAR HOUSE SDN. BHD.,,,,,,,,,
THERMOEX ENGINEERING SDN. BHD.,,,,,,,,,
THIRUPATHI INTERNATIONAL SDN. BHD.,,,,,,,,,
TK MTG SDN. BHD.,,,,,,,,,
TOP BASE STRUCTURE SDN. BHD.,,,,,,,,,
TPJ ENGINEERING SDN. BHD.,,,,,,,,,
TRIPPLE FIVE SERVICE,,,,,,,,,
TUKANG BINA JAYA SDN. BHD.,,,,,,,,,
ULM GROUP SDN. BHD.,,,,,,,,,
UNIPENTA TRENCHLESS SDN. BHD.,,,,,,,,,
UNITED TRADING WORKS SDN. BHD.,,,,,,,,,
VILABINA UTARA (M) SDN. BHD.,,,,,,,,,
VITAL CONSTRUCTION ENGINEERING SDN. BHD.,,,,,,,,,
WEI ENGINEERING SDN. BHD.,,,,,,,,,
WEST POND DEVELOPMENT SDN. BHD.,,,,,,,,,
WGH ARCHITECTURAL FACADE SDN. BHD.,,,,,,,,,
WIN LIGHT ELECTRICAL ENGINEERING SDN. BHD.,,,,,,,,,
WSH DEVELOPMENT SDN. BHD.,,,,,,,,,
YAN GAP CONSTRUCTION SDN. BHD.,,,,,,,,,
YCS TECHNOLOGY SOLUTION (M) SDN. BHD.,,,,,,,,,
YONGYANG SDN. BHD.,,,,,,,,,
YU TONG CONSTRUCTION SDN. BHD.,,,,,,,,,
YU TONG DYNAMIC SDN. BHD.,,,,,,,,,
ZIBINA JAYA SDN. BHD.,,,,,,,,,
ZONE ART INTERIOR DESIGN SDN. BHD.,,,,,,,,,
ANZ ENGINEERING SDN. BHD.,,,,,,,,,
ARAMO ENGINEERING SDN. BHD.,,,,,,,,,
ARISS INTEGRATED SDN. BHD.,,,,,,,,,
ASIA-JUTA RESOURCES SDN. BHD.,,,,,,,,,
BADANG ENERGY SDN. BHD.,,,,,,,,,
BASEERA ENGINEERING SDN. BHD.,,,,,,,,,
CKJ ENGINEERING & SERVICES SDN. BHD.,,,,,,,,,
CONOR ENGINEERING AND SERVICES SDN. BHD.,,,,,,,,,
COOPER ROUX SDN. BHD.,,,,,,,,,
D ' MEGA INTERNATIONAL SDN. BHD.,,,,,,,,,
DUTA KENCANA SDN. BHD.,,,,,,,,,
EASTERN PACIFIC PROPERTIES SDN. BHD.,,,,,,,,,
EMPAYAR DAMAI SDN. BHD.,,,,,,,,,
ENRO ANALISA SDN. BHD.,,,,,,,,,
EPIC OG SDN. BHD.,,,,,,,,,
ESTEEM ENERGY ENGINEERING SDN. BHD.,,,,,,,,,
FAIZ ENGINEERING & SERVICES SDN. BHD.,,,,,,,,,
FOO SAANG CONSTRUCTION SDN. BHD.,,,,,,,,,
GASA TULEN SDN. BHD.,,,,,,,,,
GEO STRATEGIC (M) SDN. BHD.,,,,,,,,,
GLORIFY CREST SYNERGY SDN. BHD.,,,,,,,,,
H2R OIL & GAS SERVICES SDN. BHD.,,,,,,,,,
HAMDAN ABDULLAH SDN. BHD.,,,,,,,,,
HHA ASSOCIATES SDN. BHD.,,,,,,,,,
K.Z BERKAT CONSTRUCTION & TRADING SDN. BHD.,,,,,,,,,
KENCANA JAYAMAS SDN. BHD.,,,,,,,,,
KWH SOLUTIONS SDN. BHD.,,,,,,,,,
M.O JAYA SDN. BERHAD,,,,,,,,,
MECIP GLOBAL ENGINEERS SDN. BHD.,,,,,,,,,
MULTI TRADA ALAM SDN. BHD.,,,,,,,,,
NFK GLOBAL SDN. BHD.,,,,,,,,,
NK ENGINEERING & CONSTRUCTION SDN. BHD.,,,,,,,,,
PERFECT EMERALD SDN. BHD.,,,,,,,,,
PONTEROSSO TECHNICS SDN. BHD.,,,,,,,,,
PRIMA OMEGA SDN. BHD.,,,,,,,,,
PROFITRISE SDN. BHD.,,,,,,,,,
PUNCAK RM SDN. BHD.,,,,,,,,,
RAYHAR PROPERTIES SDN. BHD.,,,,,,,,,
RB SPECTRA SDN. BHD.,,,,,,,,,
RHM TRADING & TRANSPORT SERVICES SDN. BHD.,,,,,,,,,
SAMCON ENGINEERING & CONSTRUCTION,,,,,,,,,
SEIE ENGINEERING SDN. BHD.,,,,,,,,,
SERI DINAMIK ENGINEERING SDN. BHD.,,,,,,,,,
SWISS PANTAS SDN. BHD.,,,,,,,,,
SYARIKAT MOHD NOOR YUSOF SDN. BHD.,,,,,,,,,
TALANG ENERGY SDN. BHD.,,,,,,,,,
TMM ENGINEERING SERVICES SDN. BHD.,,,,,,,,,
TRAVAILLER ENERGY SDN. BHD.,,,,,,,,,
TSM MAINTENANCE AND CONSTRUCTION SERVICES SDN. BHD.,,,,,,,,,
TTES FRONTKEN INTEGRATED SERVICES SDN. BHD.,,,,,,,,,
TWIN HI-TECHNOLOGIES SDN. BHD.,,,,,,,,,
UPSTREAM DOWNSTREAM PROCESS & SERVICES SDN. BHD.,,,,,,,,,
WHS GLOBAL ENGINEERING SDN. BHD.,,,,,,,,,
ZSR VORTICES SDN. BHD.,,,,,,,,,
ZULKIFLI NGAH ENGINEERING SDN. BHD.,,,,,,,,,
ABU SAED TRANSPORT SDN. BHD.,,,,,,,,,
AG BUMI HARTANAH SDN. BHD.,,,,,,,,,
AGIBS ENGINEERING & CONSTRUCTION SDN. BHD.,,,,,,,,,
ALAMCON AERATED BLOCKS SDN. BHD.,,,,,,,,,
AMALAN LENGKAP SDN. BHD.,,,,,,,,,
ANEKA BENA M.N. SDN BHD,,,,,,,,,
ARKITON SDN. BHD.,,,,,,,,,
ASR PADU SDN. BHD.,,,,,,,,,
ATIFA TOWAGE AND TRANSPORT SDN. BHD.,,,,,,,,,
AVE ENGINEERING SDN. BHD.,,,,,,,,,
BAN HONG ENGINEERING & CONSTRUCTION (M) SDN. BHD.,,,,,,,,,
BARAKAH PRIMA SDN. BHD.,,,,,,,,,
BARISAN SEMARAK SDN. BHD.,,,,,,,,,
BINAAN SINAR SURIA BARU,,,,,,,,,
BIOTREND RESOURCES SDN. BHD.,,,,,,,,,
BUILD GREAT CONSTRUCTION SDN. BHD.,,,,,,,,,
BUMINUR (M) SDN. BHD.,,,,,,,,,
CEC ELECTRICAL ENGINEERING SDN. BHD.,,,,,,,,,
CHIP LEE CORPORATION SDN. BHD.,,,,,,,,,
CJ BUILDERS SDN. BHD.,,,,,,,,,
CNS CONSTRUCTION SDN. BHD.,,,,,,,,,
DAYA MERCU CONSTRUCTION (M) SDN. BHD.,,,,,,,,,
DELIMA D & Z ENTERPRISE,,,,,,,,,
DESA JOHAN SDN. BHD.,,,,,,,,,
DIAMOND ULTIMAX (M) SDN. BHD.,,,,,,,,,
DIAN FATT (MELAKA) SDN. BHD.,,,,,,,,,
DIKIR EKUITI SDN. BHD.,,,,,,,,,
DIMENSI TEGUH SDN. BHD.,,,,,,,,,
DOMINANT ENERGY SDN. BHD.,,,,,,,,,
EARNING BASE SDN. BHD.,,,,,,,,,
EEGAN CONSTRUCTION SDN. BHD.,,,,,,,,,
EKHO RESOURCES SDN. BHD.,,,,,,,,,
ENCA CONSTRUCTION SDN. BHD.,,,,,,,,,
ENG TA AIRCOND ELECTRICAL (MELAKA) SDN. BHD.,,,,,,,,,
ERTM VENTURES SDN. BHD.,,,,,,,,,
FANDORA RECOVERY SDN. BHD.,,,,,,,,,
FARACON SDN. BHD.,,,,,,,,,
FONION SDN. BHD.,,,,,,,,,
FORM WERX SDN. BHD.,,,,,,,,,
FUMA BUILDING & ENGINEERING SDN. BHD.,,,,,,,,,
G & L BUILDING CONSTRUCTION SDN. BHD.,,,,,,,,,
G & Q MARINE ENGINEERING SDN. BHD.,,,,,,,,,
GAK CONSTRUCTIONS SDN. BHD.,,,,,,,,,
GJH BUILDERS SDN. BHD.,,,,,,,,,
GOH TIONG SIN CONSTRUCTIONS SDN BHD,,,,,,,,,
GRAND CITY CONSTRUCTION SDN. BHD.,,,,,,,,,
GREEN SYMPHONY TECHNOLOGY SDN. BHD.,,,,,,,,,
HANS ENGINEERING SDN. BHD.,,,,,,,,,
HJCS CONSTRUCTION SDN. BHD.,,,,,,,,,
HRSB FABRICATOR SDN. BHD.,,,,,,,,,
HSA CARTEL FREIGHT MANAGEMENT SDN. BHD.,,,,,,,,,
HUAT GUAN ENTERPRISE SDN. BHD.,,,,,,,,,
HYK STEEL SDN. BHD.,,,,,,,,,
I ZAM ZAM SDN. BHD.,,,,,,,,,
I.C.M. CONSTRUCTION SDN. BHD.,,,,,,,,,
IDEA WORKSHOP SDN. BHD.,,,,,,,,,
IKRAR JAYA BINA SDN. BHD.,,,,,,,,,
IKRAR JAYA BORNEO SDN. BHD.,,,,,,,,,
IMPIAN REZEKI CAHAYA SDN. BHD.,,,,,,,,,
IMPRESSIVE TRANSFORMS SDN. BHD.,,,,,,,,,
INTUITION GATE SDN. BHD.,,,,,,,,,
JG PERFECT SDN. BHD.,,,,,,,,,
JK FIVE RESOURCES (M) SDN. BHD.,,,,,,,,,
JL LINKED SDN. BHD.,,,,,,,,,
JR EE CONSTRUCTION (M) SDN. BHD.,,,,,,,,,
JR HASNAH ENTERPRISE SDN. BHD.,,,,,,,,,
JUN CHENG CONSTRUCTION SDN. BHD.,,,,,,,,,
K A CONSTRUCTION SDN. BHD.,,,,,,,,,
KAYAAL HOLDINGS SDN. BHD.,,,,,,,,,
KENT CONCEPT SDN. BHD.,,,,,,,,,
KK EARTHWORKS CONSTRUCTION SDN. BHD.,,,,,,,,,
KONSORTIUM KOVENREA SDN. BHD.,,,,,,,,,
KUENBUILD SDN. BHD.,,,,,,,,,
KUKUH SAMA SDN. BHD.,,,,,,,,,
KUMPULAN MELAKA BERHAD,,,,,,,,,
KUSINERO IMPIAN SDN. BHD.,,,,,,,,,
LAI PAU CONSTRUCTION SDN.BHD.,,,,,,,,,
LAILA CAPITAL SDN. BHD.,,,,,,,,,
LAKSAMANA SELAT SDN. BHD.,,,,,,,,,
LAMBANG GENERASI SDN. BHD.,,,,,,,,,
LBG TOP BUILDERS SDN. BHD.,,,,,,,,,
LC SETIA SDN. BHD.,,,,,,,,,
LINCAH DINAMIK SDN. BHD.,,,,,,,,,
LK GLOBAL ENGINEERING SDN. BHD.,,,,,,,,,
LPM DEVELOPMENT SDN. BHD.,,,,,,,,,
LSK PROJECT SDN. BHD.,,,,,,,,,
MAKHZANUL GHINA SDN. BHD.,,,,,,,,,
MASTERTEAM CONSTRUCTION SDN. BHD.,,,,,,,,,
MAYSIGN NETWORK SDN. BHD.,,,,,,,,,
MECH WELD C & S SDN. BHD.,,,,,,,,,
MEGAFORM BUILDERS SDN. BHD.,,,,,,,,,
MEI YIK GEMILANG BUILDERS SDN. BHD.,,,,,,,,,
MELAKA ICT HOLDINGS SDN. BHD.,,,,,,,,,
MFJ BERKAT CONSTRUCTION SDN. BHD.,,,,,,,,,
MINTAT DEVELOPMENT & CONSTRUCTION SDN. BHD.,,,,,,,,,
MLCL CONSTRUCTION SDN. BHD.,,,,,,,,,
MLT RESOURCES SDN. BHD.,,,,,,,,,
MSA ENERGY GLOBAL,,,,,,,,,
MULTI TECH ELECTRICAL CONSTRUCTION SDN. BHD.,,,,,,,,,
MZZ ENGINEERING (M) SDN. BHD.,,,,,,,,,
NDR CONSTRUCTION SDN. BHD.,,,,,,,,,
NGOH KIM SIAH CONSTRUCTION SDN. BHD.,,,,,,,,,
NUTRA SYSTEMS SDN. BHD.,,,,,,,,,
OPES BUILDERS SDN. BHD.,,,,,,,,,
PAKATAN MUHIBBAH (M) SDN. BHD.,,,,,,,,,
PAVE MATRIX SDN. BHD.,,,,,,,,,
PDG CONSTRUCTION SDN. BHD.,,,,,,,,,
PEMBINAAN CARA HEBAT SDN. BHD.,,,,,,,,,
PEMBINAAN PAJAR TUAH SDN. BHD.,,,,,,,,,
Perbadanan Ketua Menteri Melaka,,,,,,,,,
PERFECT BUILDILITY SDN. BHD.,,,,,,,,,
PERISON ELECTRICAL ENGINEERING SDN. BHD.,,,,,,,,,
PERKHIDMATAN ARAH (M) SDN. BHD.,,,,,,,,,
PGS CONSTRUCTION SDN. BHD.,,,,,,,,,
PLATINUM PREMIUM BUILDERS SDN. BHD.,,,,,,,,,
PLATINUM PREMIUM CONSTRUCTION SDN. BHD.,,,,,,,,,
POWER BOOSTER ENGINEERING & MAINTENANCE SDN. BHD.,,,,,,,,,
PRE SYSTEM ENTERPRISE SDN. BHD.,,,,,,,,,
PREMIUM MAJU SDN. BHD.,,,,,,,,,
RINTIZ REZKY (M) SDN. BHD.,,,,,,,,,
RISING STEEL SDN. BHD.,,,,,,,,,
S.L.WANG ENTERPRISE,,,,,,,,,
SANTARLI SDN. BHD.,,,,,,,,,
SEDIACOM SDN. BHD.,,,,,,,,,
SERI JASMINE SDN.BHD.,,,,,,,,,
SHEN YONG ENGINEERING WORKS SDN. BHD.,,,,,,,,,
SHJ CONSTRUCTION SDN. BHD.,,,,,,,,,
SIA KIM TOH & SONS PILING SDN. BHD.,,,,,,,,,
SINETEK ENGINEERING SDN. BHD.,,,,,,,,,
SRI PENGKALAN BINAAN SDN. BHD.,,,,,,,,,
SRI-BUILDING CONSTRUCTION SDN. BHD.,,,,,,,,,
SST BINA JAYA SDN. BHD.,,,,,,,,,
ST POWER SDN. BHD.,,,,,,,,,
STRONG MERIT SDN. BHD.,,,,,,,,,
STS MEGA SDN. BHD.,,,,,,,,,
SUI YUEN AIR CONDITIONING ENGINEERING SDN. BHD.,,,,,,,,,
SUPER ENHANCE SDN. BHD.,,,,,,,,,
SYARIKAT PEMBINAAN AL-JOFFRIE SDN. BHD.,,,,,,,,,
SYNTAX VALLEY SDN. BHD.,,,,,,,,,
TAN HENG CHEW BUILDING CONTRACTOR SDN. BHD.,,,,,,,,,
TARGET HEIGHTS SDN. BHD.,,,,,,,,,
TASEK HAZA ENGINEERING & SERVICES SDN. BHD.,,,,,,,,,
TBTC CONSTRUCTION & ENGINEERING SDN. BHD.,,,,,,,,,
TECTON GROUP SDN. BHD.,,,,,,,,,
TELEWIRING ELECTRICAL ENGINEERING SDN. BHD.,,,,,,,,,
TENAGA TEGAS SDN. BHD.,,,,,,,,,
TKK STRUCTURES SDN. BHD.,,,,,,,,,
TRIVIC CONSTRUCTION,,,,,,,,,
TROPIKAMAJU CONSTRUCTION ENGINEERING SDN. BHD.,,,,,,,,,
TS UNITED METAL SDN. BHD.,,,,,,,,,
TSB BUILDERS SDN. BHD.,,,,,,,,,
TYT BUILDERS SDN. BHD.,,,,,,,,,
UGSE ENGINEERING SDN. BHD.,,,,,,,,,
UJUD SINAR SDN BHD,,,,,,,,,
UNI CONSTRUCTION & REALTY SDN. BHD.,,,,,,,,,
UNI CORDIAL BUILDER SDN. BHD.,,,,,,,,,
UNITECH ELECTRICAL ENGINEERING SDN. BHD.,,,,,,,,,
UPTREND PERFORMER SDN. BHD.,,,,,,,,,
UTEM HOLDINGS PROPERTIES SDN. BHD.,,,,,,,,,
VIGOR ENGINEERING & TRADING SDN. BHD.,,,,,,,,,
VISION CHART SDN. BHD.,,,,,,,,,
VISTA SELESA DEVELOPMENT SDN. BHD.,,,,,,,,,
WAHYU TEKNIK SDN. BHD.,,,,,,,,,
WEBEST SDN. BHD.,,,,,,,,,
WINENRICH ENTERPRISE SDN. BHD.,,,,,,,,,
WINTARIJAYA SDN. BHD.,,,,,,,,,
YAKIN SERBA SDN BHD.,,,,,,,,,
YKH HOME BUILDER SDN. BHD.,,,,,,,,,
ZARAKID RESOURCES (M) SDN. BHD.,,,,,,,,,
ZHONGMA GEM SDN. BHD.,,,,,,,,,
ZINTA CONSTRUCTION & TRADING (M) SDN. BHD.,,,,,,,,,
CIVILTARGET (SABAH) SDN. BHD.,,,,,,,,,
F J CONSTRUCTION SDN. BHD.,,,,,,,,,
SABICO SDN.BHD.,,,,,,,,,
SAJA CAHAYA SDN. BHD.,,,,,,,,,
YOONG YAP ENTERPRISE SDN. BHD.,,,,,,,,,
A.E.W. CONSTRUCTION SDN. BHD.,,,,,,,,,
AA DAMAI DEVELOPMENT SDN. BHD.,,,,,,,,,
AAS BRILLIANT SDN. BHD.,,,,,,,,,
ABLE CHOICE SDN. BHD.,,,,,,,,,
ADVANCE GROW SDN. BHD.,,,,,,,,,
AGENDA MAHIR SDN. BHD.,,,,,,,,,
AK KONTRAKTOR SDN. BHD.,,,,,,,,,
AKAL KUKUH SDN. BHD.,,,,,,,,,
AKASA BINA SDN. BHD.,,,,,,,,,
AKIF JAYA SDN. BHD.,,,,,,,,,
AKU YAKIN SDN. BHD.,,,,,,,,,
AL AFDAL CAHAYA SDN. BHD.,,,,,,,,,
ALAM HIDUP SDN. BHD.,,,,,,,,,
ALAM KOTAMAS SDN. BHD.,,,,,,,,,
ALBE SYSTEM SDN. BHD.,,,,,,,,,
ALIFF CORPORATION (SABAH) SDN. BHD.,,,,,,,,,
ALPINE CONSTRUCTION & ENGINEERING SDN. BHD.,,,,,,,,,
AML JUTAMAS SDN. BHD.,,,,,,,,,
ANANTAMAYA SDN. BHD.,,,,,,,,,
ANJURAN NIAGA SDN. BHD.,,,,,,,,,
ANTAH JUTA SDN. BHD.,,,,,,,,,
APARU CONSTRUCTION SDN. BHD.,,,,,,,,,
AP-COL GEOTECHNICS SDN. BHD.,,,,,,,,,
APCOL PILING SDN. BHD.,,,,,,,,,
AREACH MARKETING & SUPPLIES SDN. BHD.,,,,,,,,,
AROKRIS SDN. BHD.,,,,,,,,,
ARTISAN TIARA SDN. BHD.,,,,,,,,,
ARUS SUTERA SDN. BHD.,,,,,,,,,
ASAS NIKMAT SDN. BHD.,,,,,,,,,
ASIA RESOURCES CONSTRUCTION SDN. BHD.,,,,,,,,,
ASIA TOP & TECHNOLOGY ENGINEERING SDN. BHD.,,,,,,,,,
ASTENPAVE SDN. BHD.,,,,,,,,,
AWS SYSTEM ENGINEERING SDN. BHD.,,,,,,,,,
AZAM JAYA LAND SDN. BHD.,,,,,,,,,
AZAM JAYA PROPERTIES SDN. BHD.,,,,,,,,,
AZAM WAWASAN SDN. BHD.,,,,,,,,,
B.H.O. SDN. BHD.,,,,,,,,,
BABANKONG SDN. BHD.,,,,,,,,,
BABYANA KONTRAKTOR SDN. BHD.,,,,,,,,,
BAGUS GUNA SDN. BHD.,,,,,,,,,
BARATIER DEVELOPMENT SDN. BHD.,,,,,,,,,
BARISAN GEMILANG CONSTRUCTION SDN. BHD.,,,,,,,,,
BARISAN SAMUDERA SDN. BHD.,,,,,,,,,
BAWAH BAYU TRADING PLT,,,,,,,,,
BBJ CAPITAL SDN. BHD.,,,,,,,,,
BBJ INFRA SDN. BHD.,,,,,,,,,
BEAU VILLAS IBS SDN. BHD.,,,,,,,,,
BEGAS ENERGY SDN. BHD.,,,,,,,,,
BEKAYA (SABAH) SDN. BHD.,,,,,,,,,
BELIAN JUTA SDN. BHD.,,,,,,,,,
BENAGUSAN SDN. BHD,,,,,,,,,
BENYUAN OVERSEAS SDN. BHD.,,,,,,,,,
BESTA ENERGY SDN. BHD.,,,,,,,,,
BESTAJAYA SDN. BHD.,,,,,,,,,
BETA MAJU SDN. BHD.,,,,,,,,,
BETAMAX BINA SDN. BHD.,,,,,,,,,
BILAJU SDN. BHD.,,,,,,,,,
BILEX SDN. BHD.,,,,,,,,,
BILLION JUTA SDN. BHD.,,,,,,,,,
BINA HT SDN. BHD.,,,,,,,,,
BINTANG KEJORA SDN. BHD.,,,,,,,,,
BISAJUTA SDN. BHD.,,,,,,,,,
BISMAKAYA SDN. BHD.,,,,,,,,,
BJG SDN. BHD.,,,,,,,,,
BLUECHEM SDN. BHD.,,,,,,,,,
BMG VENTURES SDN. BHD.,,,,,,,,,
BONUS MERIT SDN. BHD.,,,,,,,,,
BORNEAST GROUP SDN. BHD.,,,,,,,,,
BORNEO ARMOR SDN. BHD.,,,,,,,,,
BORNEO BINA JAYA SDN. BHD.,,,,,,,,,
BORNEO CIVIL ENGINEERING SDN. BHD.,,,,,,,,,
BORNEO DYNAMIC SDN.BHD.,,,,,,,,,
BORNEO ERA SDN. BHD.,,,,,,,,,
BORNEO GREEN UNIVERSAL SDN. BHD.,,,,,,,,,
BORNEO KENCANA SDN. BHD.,,,,,,,,,
BORNEO NABALU BUILDERS SDN. BHD.,,,,,,,,,
BORNEO WATER SOLUTION SDN. BHD.,,,,,,,,,
BRISTEEL CONSTRUCTION SDN. BHD.,,,,,,,,,
BT BORNEO ENGINEERING SDN. BHD.,,,,,,,,,
BUILD CONCEPT SDN. BHD.,,,,,,,,,
BUMIHARA SDN. BHD.,,,,,,,,,
BUMISEM ENGINEERING SDN. BHD.,,,,,,,,,
CAHAYA METRO SDN. BHD.,,,,,,,,,
CASERINA DEVELOPMENT SDN. BHD.,,,,,,,,,
CATATAN JAYA SDN. BHD.,,,,,,,,,
CB BINA SDN. BHD.,,,,,,,,,
CBS BUILDERS SDN. BHD.,,,,,,,,,
CERGAS WAJA SDN. BHD.,,,,,,,,,
CHAMPION BROADWAY SDN. BHD.,,,,,,,,,
CHANGHONG CONSTRUCTION ENGINEERING SDN. BHD.,,,,,,,,,
CHINA BORNEO BUILDERS SDN. BHD.,,,,,,,,,
CITI TRENCHLESS SDN. BHD.,,,,,,,,,
CITIC WIJAYA CONSTRUCTION,,,,,,,,,
CITY TOP ENTERPRISE SDN.BHD.,,,,,,,,,
CITY WIDE CONSTRUCTION SDN. BHD.,,,,,,,,,
CLF GROWTH SDN. BHD.,,,,,,,,,
CNTT EXCEL PLUS SDN. BHD.,,,,,,,,,
COMRAYA SDN. BHD.,,,,,,,,,
CONSOJUTA SDN. BHD.,,,,,,,,,
COPROLECH SDN. BHD.,,,,,,,,,
CORNERSTONE INTERNATIONAL CONSTRUCTION ENGINEERING SDN. BHD.,,,,,,,,,
COSMOS INTERNATIONAL SDN. BHD.,,,,,,,,,
CP CHOW ENTERPRISE,,,,,,,,,
CREST MEGAWAY CONSTRUCTION SDN. BHD.,,,,,,,,,
CS POWER SDN. BHD.,,,,,,,,,
CS VICTORY SDN. BHD.,,,,,,,,,
DANUM JAYA SDN. BHD.,,,,,,,,,
DATARAN JAUHARI SDN. BHD.,,,,,,,,,
DAVID YU TRANSPORTATION,,,,,,,,,
DAYAKON SDN. BHD.,,,,,,,,,
DBD CONSTRUCTION SDN. BHD.,,,,,,,,,
DCTF GROUP SDN. BHD.,,,,,,,,,
DELTA ACCESS SDN. BHD.,,,,,,,,,
DEMI CERAH CONSTRUCTION SDN. BHD.,,,,,,,,,
DERRIDA (M) SDN. BHD.,,,,,,,,,
DONFON CONSTRUCTION SDN. BHD.,,,,,,,,,
Dream House Contractor,,,,,,,,,
DS EXCEL SDN. BHD.,,,,,,,,,
DYNAMEC SDN. BHD.,,,,,,,,,
EA RIMBUNAN SDN. BHD.,,,,,,,,,
EARTHQUEST CONSTRUCTION (M) SDN. BHD.,,,,,,,,,
EASTERN SOLAR TECHNOLOGY SDN. BHD.,,,,,,,,,
EASY SOLAR SDN. BHD.,,,,,,,,,
ECO SINAR JAYA SDN. BHD.,,,,,,,,,
ECOTEND SDN. BHD.,,,,,,,,,
EG ENGINEERING SERVICES,,,,,,,,,
EKO BINA SDN. BHD.,,,,,,,,,
EKO WAJA SDN. BHD.,,,,,,,,,
EKSTRAYA SDN. BHD.,,,,,,,,,
EMAS DINAMIK SDN. BHD.,,,,,,,,,
EMAS RAMAI SDN. BHD.,,,,,,,,,
EMAX SYNERGY SDN. BHD.,,,,,,,,,
EMINENT BONUS SDN. BHD.,,,,,,,,,
ERAMAZ (M) SDN. BHD.,,,,,,,,,
ERAWAN POWER SDN. BHD.,,,,,,,,,
ETERNITY MODE SDN. BHD.,,,,,,,,,
EVOLUSI BERSATU SDN. BHD.,,,,,,,,,
EVOLUSI SYNERGY SDN. BHD.,,,,,,,,,
EXACT ENGINEERING SDN. BHD.,,,,,,,,,
EXODAYA SDN. BHD.,,,,,,,,,
EXPOWARISAN KONSORTIUM SDN. BHD.,,,,,,,,,
EXPOWARISAN SDN. BHD.,,,,,,,,,
FAH DING CONSTRUCTION SDN. BHD.,,,,,,,,,
FANWARE SDN. BHD.,,,,,,,,,
FEMAC ENGINEERING SDN. BHD.,,,,,,,,,
FIRM SYNERGY SDN. BHD.,,,,,,,,,
FJ BUILDERS DEVELOPMENT SDN. BHD.,,,,,,,,,
FLEET VENTURES SDN BHD,,,,,,,,,
FORDECO CONSTRUCTION SDN. BHD.,,,,,,,,,
GAMMERLITE SDN. BHD.,,,,,,,,,
GAMWON ENGINEERING (M) SDN. BHD.,,,,,,,,,
GEMIBUMI SDN. BHD.,,,,,,,,,
GHANI GENERATION HOLDINGS SDN. BHD.,,,,,,,,,
GIFTFUL CONSTRUCTION SDN. BHD.,,,,,,,,,
GLOBAL DAYA SDN. BHD.,,,,,,,,,
GLOBAL MESRA CONSTRUCTION SDN. BHD.,,,,,,,,,
GLOBINACO SDN. BHD.,,,,,,,,,
GOLDEN GUTTER CONTRACTOR,,,,,,,,,
GREATFLOW ENGINEERING SDN. BHD.,,,,,,,,,
GROWARD HOLDINGS SDN. BHD.,,,,,,,,,
GUANG HUA CONSTRUCTION SDN. BHD.,,,,,,,,,
GV BORNEO SDN. BHD.,,,,,,,,,
HANDALAN KIARA SDN. BHD.,,,,,,,,,
HARTAWAN MUDA ENTERPRISE SDN. BHD.,,,,,,,,,
HASIL GAHARA SDN. BHD.,,,,,,,,,
HASIL MEWAH ENGINEERING SDN. BHD.,,,,,,,,,
HASRAT MAHIR SDN. BHD.,,,,,,,,,
HASRIA ENTERPRISE,,,,,,,,,
HAZELDAZZEL RESOURCES (SABAH) SDN. BHD.,,,,,,,,,
HBA REKABINA SDN. BHD.,,,,,,,,,
HENG XIN CONSTRUCTION SDN. BHD.,,,,,,,,,
HIGH POWER NEW ENERGY (S) SDN. BHD.,,,,,,,,,
HIJAU MAJUJUTA SDN. BHD.,,,,,,,,,
HONG BIN TUO JIANG CONSTRUCTION SDN. BHD.,,,,,,,,,
HOR FAH CONSTRUCTION SDN. BHD.,,,,,,,,,
HUNAI JAYA RESOURCES SDN. BHD.,,,,,,,,,
HUP KIANLI BUILDERS (S) SDN. BHD.,,,,,,,,,
HYPERWAVE SYSTEMS ENGINEERING SDN. BHD.,,,,,,,,,
IIS CONTROLS SDN. BHD.,,,,,,,,,
IKHTISAB JAYA ENTERPRISE,,,,,,,,,
IKLIMEGA SDN.BHD.,,,,,,,,,
ILUKREATIF SDN. BHD.,,,,,,,,,
IMEJ WARISAN SDN. BHD.,,,,,,,,,
INCOPRIME SDN. BHD.,,,,,,,,,
INNAVEST RESOURCES SDN. BHD.,,,,,,,,,
INNOMEK SDN. BHD.,,,,,,,,,
INNOWORTH SDN. BHD.,,,,,,,,,
INSIGHT RESOURCES SDN. BHD.,,,,,,,,,
INTAN BINAYAKIN SDN. BHD.,,,,,,,,,
INTAN MARUDU SDN.BHD.,,,,,,,,,
JAD BERSATU JAYA SDN. BHD.,,,,,,,,,
JAD ENTERPRISE,,,,,,,,,
JAD REKA KAYA SDN. BHD.,,,,,,,,,
JARINGAN BORNEO RESOURCES SDN. BHD.,,,,,,,,,
JASA AKTIF SDN. BHD.,,,,,,,,,
JASA JUTA SDN. BHD.,,,,,,,,,
JAWAT JOHAN SDN. BHD.,,,,,,,,,
JAYA CEMERLANG JACE SDN. BHD.,,,,,,,,,
JAYAEXIM SDN. BHD.,,,,,,,,,
JAYCORP ENGINEERING & CONSTRUCTION SDN. BHD.,,,,,,,,,
JELAS PROSPEK SDN. BHD.,,,,,,,,,
JERAKAYA SDN. BHD.,,,,,,,,,
JERAMAJU SDN.BHD.,,,,,,,,,
JESSELTON SOLAR SERVICES SDN. BHD.,,,,,,,,,
JETAMA SDN. BHD.,,,,,,,,,
JH CINTA MATA SDN. BHD.,,,,,,,,,
JUNAXIS SDN. BHD.,,,,,,,,,
JURUBINA UTAMA SDN. BHD.,,,,,,,,,
JUTA HAJAT SDN. BHD.,,,,,,,,,
JUTAWAN BORNEO SDN. BHD.,,,,,,,,,
JV CHAMPION SDN. BHD.,,,,,,,,,
JWA DESIGN & BUILD SDN. BHD.,,,,,,,,,
K.K.I.P. SDN. BHD.,,,,,,,,,
K.T.I DEVELOPMENT SDN. BHD.,,,,,,,,,
K.T.I. SDN BHD,,,,,,,,,
KAMAWANG ENTERPRISE SDN. BHD.,,,,,,,,,
KAMIVAS SDN. BHD.,,,,,,,,,
KARKUN SDN. BHD.,,,,,,,,,
KASI (MALAYSIA) SDN. BHD.,,,,,,,,,
KATATA CONSTRUCTION (SABAH) SDN. BHD.,,,,,,,,,
KAYA KARISMA SDN. BHD.,,,,,,,,,
KAYA RELA SDN. BHD.,,,,,,,,,
KEJURUTERAAN ECONMECH SDN. BHD.,,,,,,,,,
KEJURUTERAAN JUTAKAYA SDN. BHD.,,,,,,,,,
KEJURUTERAAN KARISMA UNGGUL (S) SDN. BHD.,,,,,,,,,
KEMBARA KAYA SDN. BHD.,,,,,,,,,
KENARI EXPRESS SDN. BHD.,,,,,,,,,
KESAMAS SDN. BHD.,,,,,,,,,
KHAUF ENGINEERING SDN. BHD.,,,,,,,,,
KIMOLOHING JAYA SDN BHD,,,,,,,,,
KINABALU HANDAL SDN. BHD.,,,,,,,,,
KINABERNAS SDN. BHD.,,,,,,,,,
KINARA ENERGY SDN. BHD.,,,,,,,,,
KINETIC ENGINEERING SDN. BHD.,,,,,,,,,
KINI PROGRESIF SDN. BHD.,,,,,,,,,
KINIRAYA SDN. BHD.,,,,,,,,,
Kirongu Enterprise,,,,,,,,,
KIWI CONSTRUCTION SDN. BHD.,,,,,,,,,
KOLOPIS JAYA SDN. BHD.,,,,,,,,,
KONTRAKTOR FOKUS NIAGA SDN. BHD.,,,,,,,,,
KONTRAKTOR MAJU MAKMUR,,,,,,,,,
KORIDOR BORNEO SDN. BHD.,,,,,,,,,
KORPORAT MUDA SDN. BHD.,,,,,,,,,
KUASA LUMPADANG SDN. BHD.,,,,,,,,,
KUJYARI CORPORATION SDN. BHD.,,,,,,,,,
LAMBAIAN DELTA SDN. BHD.,,,,,,,,,
LANDMARK PROPERTY SDN. BHD.,,,,,,,,,
LANJUTAN MUDA SDN. BHD.,,,,,,,,,
LANTING JAYA SDN. BHD.,,,,,,,,,
LAPISAN REZEKI SDN. BHD.,,,,,,,,,
LEAD HOLDING SDN. BHD.,,,,,,,,,
LEADSHINE SDN. BHD.,,,,,,,,,
LEKTRONEX ENGINEERING SDN. BHD.,,,,,,,,,
LEPPO CONCRETE SDN. BHD.,,,,,,,,,
LESTARI LTC SDN. BHD.,,,,,,,,,
LESTARY ENTERPRISE,,,,,,,,,
LIMAUAN ENTERPRISE SDN. BHD,,,,,,,,,
LINTAS MAHIR SDN. BHD.,,,,,,,,,
LINTASAN KORPORAT SDN. BHD.,,,,,,,,,
LINTASAN RESOURCES SDN. BHD.,,,,,,,,,
LISTUJUTA SDN. BHD.,,,,,,,,,
LLP ELECTRICAL ENGINEERING SDN. BHD.,,,,,,,,,
M P PERDANA SDN. BHD.,,,,,,,,,
M.A CONTRACTOR & RENOVATION,,,,,,,,,
MAGNA GRANDVIEW SDN. BHD.,,,,,,,,,
MAHIR FOKUSJAYA SDN. BHD.,,,,,,,,,
MAHIRIBU SDN. BHD.,,,,,,,,,
MALAMEGA SDN. BHD.,,,,,,,,,
MANKOTA SDN. BHD.,,,,,,,,,
MAODING CONSTRUCTION ENGINEERING SDN. BHD.,,,,,,,,,
MARCH MERIT SDN. BHD.,,,,,,,,,
MARIBUMI SDN. BHD.,,,,,,,,,
MARIWANGSA MAJU SDN. BHD.,,,,,,,,,
MARMAZ GROUP HOLDINGS SDN. BHD.,,,,,,,,,
MARUDU ENGINEERING SDN. BHD.,,,,,,,,,
MASIJAYA SDN. BHD.,,,,,,,,,
MASYHUR BESTARI SDN. BHD.,,,,,,,,,
MAXIT CORPORATION SDN. BHD.,,,,,,,,,
MAY DECOR SDN. BHD.,,,,,,,,,
MEC RESOURCES (S) SDN. BHD.,,,,,,,,,
MEC RESOURCES SDN. BHD.,,,,,,,,,
MECHFLO ENGINEERING SDN. BHD.,,,,,,,,,
MEGA CITY AVENUE SDN. BHD.,,,,,,,,,
MEGA CITY BUILDER SDN. BHD.,,,,,,,,,
MEGA FABULOUS SDN. BHD.,,,,,,,,,
MEGA HASIL SDN. BHD.,,,,,,,,,
MEGAH BILLION SDN. BHD.,,,,,,,,,
MEGAMAS JAYA SDN. BHD.,,,,,,,,,
MEKAMAS MAJU SDN. BHD.,,,,,,,,,
MERCU MAHLIGAI SDN. BHD.,,,,,,,,,
MEWAGAYA SDN. BHD.,,,,,,,,,
MF DEVELOPMENT HOLDING SDN. BHD.,,,,,,,,,
MICHEEL CONSTRUCTION HOLDING SDN. BHD.,,,,,,,,,
MILIQUEST SDN. BHD.,,,,,,,,,
MILLIPLUS SDN. BHD.,,,,,,,,,
MINFAJAYA SDN. BHD.,,,,,,,,,
MISI MAJU SDN. BHD.,,,,,,,,,
MIZAB KINABALU SDN. BHD.,,,,,,,,,
MNI PRIDE SDN. BHD.,,,,,,,,,
MODULAR GROUP SABAH SDN. BHD.,,,,,,,,,
MOHAMMAD CONSTRUCTION,,,,,,,,,
MRR PRECAST CONSTRUCTION SDN. BHD.,,,,,,,,,
MSI TECHNOLOGIES (SABAH) SDN. BHD.,,,,,,,,,
MTR ENGINEERING SDN. BHD.,,,,,,,,,
MUIS HOLDINGS SDN. BHD.,,,,,,,,,
MULTI-SKYLINE SDN. BHD.,,,,,,,,,
MUTIARA SG PASIR ENTERPRISE,,,,,,,,,
NADZ ENGINEERING SDN. BHD.,,,,,,,,,
NALURI REZEKI SDN. BHD.,,,,,,,,,
NATCORE BUILDER SDN. BHD.,,,,,,,,,
NATION EDGE SDN. BHD.,,,,,,,,,
NAWIE OILFIELD SERVICES SDN. BHD.,,,,,,,,,
NAZMAR SDN. BHD.,,,,,,,,,
NCHTATA BINA SDN. BHD.,,,,,,,,,
NE VENTURES SDN. BHD.,,,,,,,,,
NESCORP PRIMA SDN. BHD.,,,,,,,,,
NEW INSIGHTS ENGINEERING SDN. BHD.,,,,,,,,,
NEWTON ECO DEVELOPMENT,,,,,,,,,
NGEE LIM CONTRACTORS SDN. BHD.,,,,,,,,,
NICARIA SDN. BHD.,,,,,,,,,
NORTH BORNEO CONSTRUCTION,,,,,,,,,
NORTH BORNEO PARAGON SDN. BHD.,,,,,,,,,
NORTHSTAR CONSTRUCTION SDN. BHD.,,,,,,,,,
NURI CERAH SDN. BHD.,,,,,,,,,
NUSA ASIA (M) SDN. BHD.,,,,,,,,,
NUSA FOKUSJAYA SDN. BHD.,,,,,,,,,
OMBAK BERSATU SDN. BHD.,,,,,,,,,
OMEGA BORNEO SDN. BHD.,,,,,,,,,
ONE ALTERNATE ENERGY SDN. BHD.,,,,,,,,,
ONE STOP DECOR (SABAH) SDN. BHD.,,,,,,,,,
OSCACOM SDN. BHD.,,,,,,,,,
PADUWAN JAYA SDN. BHD.,,,,,,,,,
PAHAD SDN. BHD.,,,,,,,,,
PALMA PINANG SDN. BHD.,,,,,,,,,
PARAYAKIN SDN. BHD.,,,,,,,,,
PB TEKNIK SDN. BHD.,,,,,,,,,
PEMBANGUNAN ECO-BUMI SDN. BHD.,,,,,,,,,
PEMBINAAN ASAL JADI SDN. BHD.,,,,,,,,,
PEMBINAAN AZAM JAYA SDN. BHD.,,,,,,,,,
PEMBINAAN BAKTI SDN. BHD.,,,,,,,,,
PEMBINAAN BUMIDAYA SDN. BHD.,,,,,,,,,
PEMBINAAN D.G.E. SDN. BHD.,,,,,,,,,
PEMBINAAN GERAK YAKIN SDN. BHD.,,,,,,,,,
PEMBINAAN HEKTAR JAYAMAS SDN. BHD.,,,,,,,,,
PEMBINAAN INDAH P.I.E. SDN. BHD.,,,,,,,,,
PEMBINAAN JADIRIA SDN. BHD.,,,,,,,,,
PEMBINAAN KEKAL MEWAH SDN. BHD.,,,,,,,,,
PEMBINAAN KERJADI SDN. BHD.,,,,,,,,,
PEMBINAAN KIAWAYAN SDN. BHD.,,,,,,,,,
PEMBINAAN MASCEKAP SDN. BHD.,,,,,,,,,
PEMBINAAN MESRA REZEKI SDN. BHD.,,,,,,,,,
PEMBINAAN PRIMA MULIA SDN. BHD.,,,,,,,,,
PEMBINAAN SAWTECH SDN. BHD.,,,,,,,,,
PEMBINAAN SEJIWA,,,,,,,,,
PEMBINAAN TERUS MAJU SDN. BHD.,,,,,,,,,
PEMBINAAN URUSMESRA SDN. BHD.,,,,,,,,,
PEMBORONG BUMI MAJU,,,,,,,,,
PEMBORONG LEBAT SDN. BHD.,,,,,,,,,
PEMBORONG SUNGAI EMAS,,,,,,,,,
PENGKALAN ERAMAJU SDN. BHD.,,,,,,,,,
PENUH MEWAH SDN. BHD.,,,,,,,,,
PENULAJU SDN. BHD.,,,,,,,,,
PERISAI SAMUDRA SDN. BHD.,,,,,,,,,
PERKASA BUMI PADU SDN. BHD.,,,,,,,,,
PERKASA CONSTRUCTION SDN. BHD.,,,,,,,,,
PERKILAT SDN. BHD.,,,,,,,,,
PERSADA SAUJANA (M) SDN. BHD.,,,,,,,,,
PERWIRA INDAH JAYA SDN. BHD.,,,,,,,,,
PERWIRA PROGRESIF CONSTRUCTION SDN. BHD.,,,,,,,,,
PETRA JADI SDN. BHD.,,,,,,,,,
PETRO UTARA SDN. BHD.,,,,,,,,,
PKH BAKAT BINA SDN. BHD.,,,,,,,,,
PLANMONT BUILDERS SDN. BHD.,,,,,,,,,
POWERNET ENGINEERING SDN. BHD.,,,,,,,,,
PRESTASI BINA SDN. BHD.,,,,,,,,,
PRETASI MAJU SDN. BHD.,,,,,,,,,
PRIMA MEGAMAJU SDN. BHD.,,,,,,,,,
PRODEO INDUSTRIES SDN. BHD.,,,,,,,,,
PROGRESIF PUNCAK SDN. BHD.,,,,,,,,,
PROGRESSIVE AVENUE SDN. BHD.,,,,,,,,,
PROJADI SDN. BHD.,,,,,,,,,
PROTOKOL JUTA SDN. BHD.,,,,,,,,,
PUBLIC RELIANCE CORPORATION SDN. BHD.,,,,,,,,,
PUNCAK DERAS SDN. BHD.,,,,,,,,,
PURI MAKMUR SDN. BHD.,,,,,,,,,
PYRAMID ARENA SDN. BHD.,,,,,,,,,
QHAZANAH VENTURES SDN. BHD.,,,,,,,,,
QUALITY ALLIANCE SDN. BHD.,,,,,,,,,
QUALITY MIX SDN. BHD.,,,,,,,,,
RA ENERGY SDN. BHD.,,,,,,,,,
RADIANT SURIA SDN. BHD.,,,,,,,,,
RASMART SDN. BHD.,,,,,,,,,
RED SAND MARINE SDN. BHD.,,,,,,,,,
REDHOWAY SDN. BHD.,,,,,,,,,
REKSINAR SDN. BHD.,,,,,,,,,
REMT UTAMA SDN. BHD.,,,,,,,,,
RENTASIL SDN. BHD.,,,,,,,,,
REZEKI CERIA SDN. BHD.,,,,,,,,,
RICOMAJU SDN. BHD.,,,,,,,,,
RIDGEBUILD CONSTRUCTION,,,,,,,,,
RIMBUNAN JAYA SDN. BHD.,,,,,,,,,
RINTIS DINAMIK SDN. BHD.,,,,,,,,,
RIVERSON ENGINEERING SDN. BHD.,,,,,,,,,
ROCKYHILL EARTHWORKS SDN. BHD.,,,,,,,,,
ROII INNOVATION INDUSTRIES (M) SDN. BHD.,,,,,,,,,
RUMAKAYA SDN. BHD.,,,,,,,,,
RYRT INTERNATIONAL SDN. BHD.,,,,,,,,,
S.E.S. CONSTRUCTION SDN. BHD.,,,,,,,,,
S.K. ENGINEERING,,,,,,,,,
S3M DEVELOPMENT (SABAH) SDN. BHD.,,,,,,,,,
SABABENA CONSTRUCTION,,,,,,,,,
SABAH NET SDN. BHD.,,,,,,,,,
SABAKINI SDN. BHD.,,,,,,,,,
SABANG HEBAT SDN. BHD.,,,,,,,,,
SAN LOONG MARKETING SDN. BHD.,,,,,,,,,
SAS MAJU SDN. BHD.,,,,,,,,,
SASARAN NALURI SDN. BHD.,,,,,,,,,
SCHB ENGINEERING SERVICES SDN. BHD.,,,,,,,,,
SEDAFIAT SDN. BHD.,,,,,,,,,
SEMANGAT PINTAS SDN. BHD.,,,,,,,,,
SEMARAK JADI SDN. BHD.,,,,,,,,,
SEMI IRAMA SDN. BHD.,,,,,,,,,
SENI GEMILANG SDN. BHD.,,,,,,,,,
SENSE POWER SDN. BHD.,,,,,,,,,
SERBA MAHIR SDN. BHD.,,,,,,,,,
SERBA-DAPAT SDN BHD,,,,,,,,,
SERI GAGASAN DINAMIK SDN. BHD.,,,,,,,,,
SERI PANCAR SDN.BHD.,,,,,,,,,
SERUDONG POWER SDN. BHD.,,,,,,,,,
SESUAI CONSTRUCTION SDN. BHD.,,,,,,,,,
SETMARK SDN. BHD.,,,,,,,,,
SHERTAN KONSORTIUM SDN. BHD.,,,,,,,,,
SIHAT ND HOLDING SDN. BHD.,,,,,,,,,
SILABUMI SDN. BHD.,,,,,,,,,
SIMTRON CORPORATION SDN. BHD.,,,,,,,,,
SINAR KERJAYA SDN. BHD.,,,,,,,,,
SINAR UNI-RESOURCES SDN. BHD.,,,,,,,,,
SINARAN MEWAH SDN. BHD.,,,,,,,,,
SINGULARITY ENGINEERING SDN. BHD.,,,,,,,,,
SINKONG CONSTRUCTION SDN. BHD.,,,,,,,,,
Sinojaya Enterprise,,,,,,,,,
SKT PERSPEKTIF SDN. BHD.,,,,,,,,,
SKT.WIJAYA,,,,,,,,,
SMART HIGHWAY INTELLIGENT BUILDERS SDN. BHD.,,,,,,,,,
SOLID WAY BUILDER SDN. BHD.,,,,,,,,,
SONG TAI INTERNATIONAL SDN. BHD.,,,,,,,,,
SPARK CHOICE SDN. BHD.,,,,,,,,,
SQUARE HEAVY INDUSTRIES SDN. BHD.,,,,,,,,,
SRI ESBINA (M) SDN. BHD.,,,,,,,,,
SRI JUTAYA SDN.BHD.,,,,,,,,,
SRI LANTASMAS SDN. BHD.,,,,,,,,,
SRI SAMAKAYAH SDN. BHD.,,,,,,,,,
SRI SASANA SDN. BHD.,,,,,,,,,
STRIVE EXCELLENCE SDN. BHD.,,,,,,,,,
STRIVE FORCE EQUIPMENT & ENGINEERING SDN. BHD.,,,,,,,,,
STRIVE FORCE SDN. BHD.,,,,,,,,,
STRUKTUR SATRIA SDN. BHD.,,,,,,,,,
SUMMERNET SDN. BHD.,,,,,,,,,
SURIA EXOTIKA SDN. BHD.,,,,,,,,,
SYARIKAT AKIAN ENTERPRISE,,,,,,,,,
SYARIKAT GVC INDAH SDN. BHD.,,,,,,,,,
SYARIKAT KUMPULAN KEMAJUAN K.K. (SABAH) SDN. BHD.,,,,,,,,,
SYARIKAT L.B. ANRA,,,,,,,,,
SYARIKAT PEMBENAAN KARUN SDN. BHD.,,,,,,,,,
SYARIKAT PEWARIS BALQIS,,,,,,,,,
SYARIKAT RAYA JAYA ENTERPRISE,,,,,,,,,
SYARIKAT SRI WANG ENGINEERING (SABAH) SDN. BHD.,,,,,,,,,
SYARIKAT TENOM QUARRY,,,,,,,,,
SYSTEMATIC M & E SDN. BHD,,,,,,,,,
T.S.W. FIDEL SDN. BHD.,,,,,,,,,
TAISHAN ROAD AND BRIDGE INTERNATIONAL SDN. BHD.,,,,,,,,,
TAKADA CONSTRUCTION SDN. BHD.,,,,,,,,,
TAKEOFF ENGINEERING SDN. BHD.,,,,,,,,,
TAMASAN SDN.BHD.,,,,,,,,,
TAMAWORLD SDN. BHD.,,,,,,,,,
TANAH PERMAI SDN.BHD.,,,,,,,,,
TAPAK STABIL SDN. BHD.,,,,,,,,,
TCC PROMINENT SDN. BHD.,,,,,,,,,
TCF TRANSPORT SDN. BHD.,,,,,,,,,
TECHPEAK ENGINEERING SDN. BHD.,,,,,,,,,
TEGAS POTENSI SDN. BHD.,,,,,,,,,
TEKAD MAJU ENTERPRISE,,,,,,,,,
TEKAD WARISAN (M) SDN. BHD.,,,,,,,,,
TENSA ENGINEERING SDN. BHD.,,,,,,,,,
TENSA RESOURCES SDN. BHD.,,,,,,,,,
TENTU DAMAI SDN. BHD.,,,,,,,,,
TERAJU LAKSANA SDN. BHD.,,,,,,,,,
TERAS ERAMAJU SDN. BHD.,,,,,,,,,
TERAWIN SDN. BHD.,,,,,,,,,
TERNAMA TABAH SDN. BHD.,,,,,,,,,
TETAP YAKIN SDN. BHD.,,,,,,,,,
TIMATCH RESOURCES SDN. BHD.,,,,,,,,,
TIMBAI ENGINEERING SDN. BHD.,,,,,,,,,
TITIAN USAHA SDN. BHD.,,,,,,,,,
TOP PRIORITY DEVELOPMENT SDN. BHD.,,,,,,,,,
TOPNOTCHCOM SDN. BHD.,,,,,,,,,
TRANS-SABAH JUTA SDN. BHD.,,,,,,,,,
TRILLION 8 CONSTRUCTION SDN. BHD.,,,,,,,,,
TTK MAJU JAYA SDN. BHD.,,,,,,,,,
TUAH BERSATU JAYA SDN. BHD.,,,,,,,,,
TUNAS ZUMAR SDN. BHD.,,,,,,,,,
UNIMEKAR SDN. BHD.,,,,,,,,,
UNSUR HEBAT SDN. BHD.,,,,,,,,,
UPPER PADAS POWER SDN. BHD.,,,,,,,,,
USAHA DEWI SDN. BHD.,,,,,,,,,
USAHA IMPRESIF SDN. BHD.,,,,,,,,,
USAHA MULIA JAYA SDN. BHD.,,,,,,,,,
USAHA SERIMAS SDN. BHD.,,,,,,,,,
UTOPIA BORNEO SDN. BHD.,,,,,,,,,
VAURAS CONSTRUCTION SDN. BHD.,,,,,,,,,
VIBRANT RANK SDN. BHD.,,,,,,,,,
VISALAND SDN. BHD.,,,,,,,,,
VISI HARAPAN CONSTRUCTION SDN. BHD.,,,,,,,,,
VR TECH LEGACY SDN. BHD.,,,,,,,,,
VTS PROPERTY BUILDERS SDN. BHD.,,,,,,,,,
WAAQIL SDN. BHD.,,,,,,,,,
WANGI MARINE SERVICES SDN. BHD.,,,,,,,,,
WARISAN TARANG CONSTRUCTION SDN. BHD.,,,,,,,,,
WAWASAN DIKARA SDN. BHD.,,,,,,,,,
WH BUMI SDN. BHD.,,,,,,,,,
WIJAYA DAYA SDN. BHD.,,,,,,,,,
WILAYAH KAYA SDN. BHD.,,,,,,,,,
WILAYAH MAKMUR SDN. BHD.,,,,,,,,,
WINNER WORLD SDN. BHD.,,,,,,,,,
WIRA WARIS SDN. BHD.,,,,,,,,,
WK CONSORTIUM SDN. BHD.,,,,,,,,,
WKW ERAMAJU SDN. BHD.,,,,,,,,,
WL AVENUE CONSTRUCTION SDN. BHD.,,,,,,,,,
YASAMOYO RESOURCES SDN. BHD.,,,,,,,,,
YBJ CONSTRUCTION SDN. BHD.,,,,,,,,,
YBS TENAGA SDN. BHD.,,,,,,,,,
YCT POWER TECH & CIVIL SDN. BHD.,,,,,,,,,
YU GONG DECORATION (MALAYSIA) SDN. BHD.,,,,,,,,,
YUN SIN NATIVE CONTRACTOR SDN. BHD.,,,,,,,,,
ZBN CONSTRUCTION SDN. BHD.,,,,,,,,,
ZHONGHAI CONSTRUCTION SDN. BHD.,,,,,,,,,
ZIRBAD RESOURCES SDN. BHD.,,,,,,,,,
ZLJ 0088 CONSTRUCTION SDN. BHD.,,,,,,,,,
10 CREATIVE SOLUTIONS SDN. BHD.,,,,,,,,,
ADCO TECH SDN. BHD.,,,,,,,,,
ALL-IVORY ENTERPRISE SDN. BHD.,,,,,,,,,
AR SAFFRON SDN. BHD.,,,,,,,,,
ARUS JUTA SDN. BHD.,,,,,,,,,
ASAGA CORPORATION SDN. BHD.,,,,,,,,,
ATLAS CSF SDN. BHD.,,,,,,,,,
BLUE NILE RESOURCES SDN. BHD.,,,,,,,,,
BUMI SEJAHTERA (M) SDN. BHD.,,,,,,,,,
C STAR CONSTRUCTION SDN. BHD.,,,,,,,,,
CARA COM MY SDN. BHD.,,,,,,,,,
CASA MAYA SDN. BHD.,,,,,,,,,
DAENGCO SDN. BHD.,,,,,,,,,
DC BINA SDN. BHD.,,,,,,,,,
DCD TECHNOLOGY SDN. BHD.,,,,,,,,,
DWI CEKAP SDN. BHD.,,,,,,,,,
ELITE DRIVE SDN. BHD.,,,,,,,,,
EUROMATEC SDN. BHD.,,,,,,,,,
EXPET CONTROLS SDN. BHD.,,,,,,,,,
FISCAL DIGEST SDN. BHD.,,,,,,,,,
FMAERO (M) SDN. BHD.,,,,,,,,,
GALAXY ONSHORE SDN. BHD.,,,,,,,,,
GAMUDA INDUSTRIAL BUILDING SYSTEM SDN. BHD.,,,,,,,,,
GHARVEST CONSTRUCTION SDN. BHD.,,,,,,,,,
GLOBAL ENVDK SDN. BHD.,,,,,,,,,
GRANDEN WELL SDN. BHD.,,,,,,,,,
GREEN XPERTS SDN. BHD.,,,,,,,,,
GREENBAY CES SDN. BHD.,,,,,,,,,
INSPIRA RESOURCES SDN. BHD.,,,,,,,,,
KAPVIN RESOURCES,,,,,,,,,
KEMBARA IMPIAN BUMI KASA SDN. BHD.,,,,,,,,,
KENZA VENTURES SDN. BHD.,,,,,,,,,
KHALISYA MAJU JAYA SDN. BHD.,,,,,,,,,
KL ENERGY INDUSTRIES SDN. BHD.,,,,,,,,,
KL PETROGAS SDN. BHD.,,,,,,,,,
L.L.C.CONSTRUCTION & TRADING,,,,,,,,,
LAKSANA AMANBINA SDN. BHD.,,,,,,,,,
MAJOR SHINE SDN. BHD.,,,,,,,,,
MANSALIN CORPORATION SDN. BHD.,,,,,,,,,
MODERN NEXUS SDN. BHD.,,,,,,,,,
MTC ENGINEERING SDN. BHD.,,,,,,,,,
MTC OREC SDN. BHD.,,,,,,,,,
NAKHODA GIGIH SDN. BHD.,,,,,,,,,
NMH ENGINEERING SERVICES SDN. BHD.,,,,,,,,,
NR AQUATECH SDN. BHD.,,,,,,,,,
OMNIWISE SYNERGY SDN. BHD.,,,,,,,,,
PELORUS VELOCITY SDN. BHD.,,,,,,,,,
PERFECT GUIDELINES SDN. BHD.,,,,,,,,,
PERSADA SERANTAU SDN. BHD.,,,,,,,,,
PHOTOVOLTECH ENERGY SDN. BHD.,,,,,,,,,
PINEWATER QASIA SDN. BHD.,,,,,,,,,
PRATAMA ENGINEERING SDN. BHD.,,,,,,,,,
PRESTASI BINASTRATA SDN. BHD.,,,,,,,,,
RAZ UTAMA SDN. BHD.,,,,,,,,,
RIFHAN TEKNOLOGI SDN. BHD.,,,,,,,,,
RODA EMAS INDUSTRIES SDN. BHD.,,,,,,,,,
SALING SETIA SDN. BHD.,,,,,,,,,
SERATECH SYSTEMS (M) SDN. BHD.,,,,,,,,,
SESCOM VENTURE TECH SDN. BHD.,,,,,,,,,
SIAGA GROUP SDN. BHD.,,,,,,,,,
SILVERLINE DYNAMICS SDN. BHD.,,,,,,,,,
SRS POWER ENGINEERING SDN. BHD.,,,,,,,,,
SUBSURF SDN. BHD.,,,,,,,,,
TAWAN TIMUR SDN. BHD.,,,,,,,,,
TECHKEM UTILITIES SDN. BHD.,,,,,,,,,
TELE-FLOW CORPORATION SDN. BHD.,,,,,,,,,
TERAS BUDI RESOURCES SDN. BHD.,,,,,,,,,
TEXON CONSTRUCTION SDN. BHD.,,,,,,,,,
TRAMPILAN KEMAS SDN. BHD.,,,,,,,,,
TSG EXPERT (M) SDN. BHD.,,,,,,,,,
ULTRACK TECHNOLOGY SDN. BHD.,,,,,,,,,
UNI10 ENERGY SDN. BHD.,,,,,,,,,
URUSAN TEKNOLOGI WAWASAN SDN. BHD.,,,,,,,,,
VECTOLABS ENGINEERING SDN. BHD.,,,,,,,,,
VISTA INFINITY DEVELOPMENT SDN. BHD.,,,,,,,,,
WARISAN INFRA SDN. BHD.,,,,,,,,,
WAWASAN DENGKIL SDN. BHD.,,,,,,,,,
YDI SYNERGY SDN. BHD.,,,,,,,,,
ADP RESOURCES SDN. BHD.,,,,,,,,,
ALAM JITU BINA SDN BHD,,,,,,,,,
APEX GLOBAL CONSTRUCTION SDN. BHD.,,,,,,,,,
ARUS WIDURI SDN. BHD.,,,,,,,,,
ASPHALT INNOVATION SDN. BHD.,,,,,,,,,
AZAMLITE SDN. BHD.,,,,,,,,,
BINAAN DESJAYA SDN. BHD.,,,,,,,,,
BRAVE GLOBAL TECHNOLOGY SDN. BHD.,,,,,,,,,
BUCIDA ENGINEERING & CONSULTANCY SDN. BHD.,,,,,,,,,
BUILDMANN CONSTRUCTION SDN. BHD.,,,,,,,,,
CABARAN KIARA SDN. BHD.,,,,,,,,,
CHEE LEAN CONSTRUCTION SDN. BHD.,,,,,,,,,
CHUA MING HOOI CONSTRUCTION SDN. BHD.,,,,,,,,,
CPY TRADING & ENGINEERING WORKS SDN. BHD.,,,,,,,,,
DC EXCELLENT SDN. BHD.,,,,,,,,,
DECRUZ RESOURCES SDN. BHD.,,,,,,,,,
DERMAGA BUILDERS SDN. BHD.,,,,,,,,,
DIG-CAST CONSTRUCTION SDN. BHD.,,,,,,,,,
DING SUN TRADING SDN. BHD.,,,,,,,,,
DINSLEE SDN. BHD.,,,,,,,,,
DUTA ICON SDN. BHD.,,,,,,,,,
DWI KEMBARA SDN. BHD.,,,,,,,,,
ECO PRIMA CONSTRUCTION SDN. BHD.,,,,,,,,,
EXACT CONSTRUCTION SDN. BHD.,,,,,,,,,
FAMCON STRENGTH SDN. BHD.,,,,,,,,,
FERROUS TECH INDUSTRY WORKS SDN. BHD.,,,,,,,,,
FLT MACHINERY SDN. BHD.,,,,,,,,,
GEOFOUND CONSTRUCTION SDN. BHD.,,,,,,,,,
GOODWAY BUILDERS SDN. BHD.,,,,,,,,,
GREEN ECO CONSTRUCTION SDN. BHD.,,,,,,,,,
HANS MATRIX SDN. BHD.,,,,,,,,,
HATI NURANI SDN. BHD.,,,,,,,,,
HONGYUN TRADING & SUPPLY SDN. BHD.,,,,,,,,,
IASC HOLDINGS SDN. BHD.,,,,,,,,,
I-CITY DEVELOPMENT SDN. BHD.,,,,,,,,,
INTER-GRANITE SDN. BHD.,,,,,,,,,
JACK CONSTRUCTION SDN. BHD.,,,,,,,,,
JAUHARI PERMAI RESOURCES SDN. BHD.,,,,,,,,,
JIAHUI SUPPLY ENTERPRISE SDN. BHD.,,,,,,,,,
KEMANTRA SDN BHD.,,,,,,,,,
KH ROAD MAINTENANCE SDN. BHD.,,,,,,,,,
KLT TRADING,,,,,,,,,
KUBU PERSPEKTIF SDN. BHD.,,,,,,,,,
KURNIA SETIA ENGINEERING SDN. BHD.,,,,,,,,,
LIANGXIN TRADING SDN. BHD.,,,,,,,,,
LKPP PROPERTY SENDIRIAN BERHAD,,,,,,,,,
M & P SETIA SDN. BHD.,,,,,,,,,
MARIMAS SDN. BHD.,,,,,,,,,
MASBELY SDN. BHD.,,,,,,,,,
MAXWAY BINA SDN. BHD.,,,,,,,,,
MEGAPARI BINA SDN. BHD.,,,,,,,,,
MIKRO GLOBAL SDN. BHD.,,,,,,,,,
MJN INDAH ALAM SDN. BHD.,,,,,,,,,
MMN BINA SDN. BHD.,,,,,,,,,
MOUNTAIN LITE ENGINEERING SDN. BHD.,,,,,,,,,
MOWIS (M) SDN. BHD.,,,,,,,,,
MUST VENTURE SDN. BHD.,,,,,,,,,
NAGA CONSTRUCTION SDN. BHD.,,,,,,,,,
NETWORTH BUILDERS SDN. BHD.,,,,,,,,,
NIA YIE HOLDINGS SDN. BHD.,,,,,,,,,
OMMAS SDN BHD,,,,,,,,,
P & K BUILDERS SDN. BHD.,,,,,,,,,
PANCARAN DINAR SDN. BHD.,,,,,,,,,
PARAS SAKSAMA SDN. BHD.,,,,,,,,,
PASDEC BINA SDN. BHD.,,,,,,,,,
PATH VENTURE SDN. BHD.,,,,,,,,,
PEMBINAAN ANTAT HONLEE SDN. BHD.,,,,,,,,,
PERIMUDA MAKMUR SDN. BHD.,,,,,,,,,
PETROFARM ENGINEERING AND SERVICES SDN. BHD.,,,,,,,,,
POWERING SDN. BHD.,,,,,,,,,
PRONET ENTERPRISE,,,,,,,,,
PURNAMA BASE SDN. BHD.,,,,,,,,,
QUICKIE EXPRESS SDN. BHD.,,,,,,,,,
RAHAR JATI SDN. BHD.,,,,,,,,,
RAKANNUSA ENGINEERING & SERVICES SDN. BHD.,,,,,,,,,
RANGKAIAN DELIMA REALTY SDN. BHD.,,,,,,,,,
RWNA ENGINEERING SDN. BHD.,,,,,,,,,
SAMRY SDN. BHD.,,,,,,,,,
SEKILAU BINA SDN. BHD.,,,,,,,,,
SELENGGARA MAKMUR SDN. BHD.,,,,,,,,,
SEMANTRA NO-DIG ENGINEERING SDN. BHD.,,,,,,,,,
SERI NILAM IMPIAN SDN. BHD.,,,,,,,,,
SK SCAFFOLD ENGINEERING SDN. BHD.,,,,,,,,,
SMART GREEN WORLD SDN. BHD.,,,,,,,,,
SNA ENERGY (M) SDN. BHD.,,,,,,,,,
SPS BINA SDN. BHD.,,,,,,,,,
SRI KANCIL MAS LAND DEVELOPMENT (PHG) SDN. BHD.,,,,,,,,,
T.S. FONG BUILDERS SDN. BHD.,,,,,,,,,
TANJUNG KRISTAL HOLDINGS SDN. BHD.,,,,,,,,,
TIM ENGINEERING SDN. BHD.,,,,,,,,,
TIMES-LITE ELECTRICAL ENGINEERING SDN. BHD.,,,,,,,,,
TKP GLOBAL SDN. BHD.,,,,,,,,,
TOP LAND RESOURCES SDN. BHD.,,,,,,,,,
TRUE GRACE DEVELOPMENT SDN. BHD.,,,,,,,,,
TSL GROUP SDN. BHD.,,,,,,,,,
TSS CEMERLANG SDN. BHD.,,,,,,,,,
TTOP INDUSTRIAL & ENGINEERING SDN. BHD.,,,,,,,,,
UMPSA HOLDINGS SDN. BHD.,,,,,,,,,
USAHA DELIMA RESOURCES SDN. BHD.,,,,,,,,,
WARISAN HEIGHT SDN. BHD.,,,,,,,,,
WEI CHENG MANAGEMENT AND SUPPLY SDN. BHD.,,,,,,,,,
WHS ENGINEERING,,,,,,,,,
WIRA AKIL HOLDING SDN. BHD.,,,,,,,,,
XIANG HONG RESOURCES SDN. BHD.,,,,,,,,,
YIKSIN CONSTRUCTION SDN. BHD.,,,,,,,,,
YONG LI MACHINERIES & CONSTRUCTION SDN. BHD.,,,,,,,,,
YULI CONSTRUCTION SDN. BHD.,,,,,,,,,
YYM BUILDERS SDN. BHD.,,,,,,,,,
ADVANCE BORNEO ENGINEERING SDN. BHD.,,,,,,,,,
AFFINITY TEST SERVICES SDN. BHD.,,,,,,,,,
AJ BIOTECH CONSORTIUM SDN. BHD.,,,,,,,,,
AJ INTELLIGENCE SDN. BHD.,,,,,,,,,
AJ PIONEER SDN. BHD.,,,,,,,,,
AJ PROPADU CONSORTIUM SDN. BHD.,,,,,,,,,
ALAF BUMIMEGA SDN. BHD.,,,,,,,,,
ALAM ILHAM (SARAWAK) SDN. BHD.,,,,,,,,,
AMFIELD CONSTRUCTION & DEVELOPMENT SDN. BHD.,,,,,,,,,
ANAK BANYOK SDN. BHD.,,,,,,,,,
ARMADA BIJAKSANA SDN. BHD.,,,,,,,,,
AZAM MAJUMAS SDN. BHD.,,,,,,,,,
BARISAN BUMIMAS SDN. BHD.,,,,,,,,,
BHJ ENTERPRISE SDN. BHD.,,,,,,,,,
BLACKTOP RESOURCES SDN. BHD.,,,,,,,,,
BUMI BAKTI USAHA SDN. BHD.,,,,,,,,,
BUMI UTARA CONSTRUCTION SDN. BHD.,,,,,,,,,
BWS ENGINEERING SDN. BHD.,,,,,,,,,
CENTERITE DEVELOPMENT SDN. BHD.,,,,,,,,,
CENTRAL WORLD DEVELOPMENT SDN. BHD.,,,,,,,,,
CHANYI SDN. BHD.,,,,,,,,,
CHING ELECTRICAL ENGINEERING SERVICE,,,,,,,,,
CL CONSTRUCTION (M) SDN. BHD.,,,,,,,,,
CYNAPEX SDN. BHD.,,,,,,,,,
DAYANG ENTERPRISE SDN. BHD.,,,,,,,,,
DELTA STEELS SDN. BHD.,,,,,,,,,
DURAGATE ENGINEERING & SERVICES SDN. BHD.,,,,,,,,,
EASTERN WOOD ENGINEERING SDN. BHD.,,,,,,,,,
EDEN EMPIRE DEVELOPMENT SDN. BHD.,,,,,,,,,
FASTART SDN. BHD.,,,,,,,,,
FULLY CONTRACTOR SDN. BHD.,,,,,,,,,
GENERAL POWER WORK (BINTULU) SDN. BHD.,,,,,,,,,
GLOBAL BUILDER ENGINEERING SDN. BHD.,,,,,,,,,
GLORIOUS (NG) ELECTRICAL ENGINEERING SDN. BHD.,,,,,,,,,
GREEN SUMMIT CONSTRUCTION SDN. BHD.,,,,,,,,,
GREEN SUMMIT DEVELOPMENT SDN. BHD.,,,,,,,,,
HALUAN CEKAP SDN. BHD.,,,,,,,,,
HARIMAS JAYA SDN. BHD.,,,,,,,,,
HICUS VENTURE SDN. BHD.,,,,,,,,,
HOMEPLUS CONSTRUCTION SDN. BHD.,,,,,,,,,
HUP XIN LUONG ALUMINIUM & GLASS SDN. BHD.,,,,,,,,,
ISMA PRO SOLUTION SDN. BHD.,,,,,,,,,
JCB ENGINEERING (M) SDN. BHD.,,,,,,,,,
JIAJAYA CONSTRUCTION SDN. BHD.,,,,,,,,,
JIAJAYA SDN. BHD.,,,,,,,,,
JK 99 GROUP SDN. BHD.,,,,,,,,,
JOHN HO HOLDINGS SDN. BHD.,,,,,,,,,
JOSPUN JAYA SDN. BHD.,,,,,,,,,
JUSTRITE CONSTRUCTION & SERVICES SDN. BHD.,,,,,,,,,
K-FRONTIERS SDN. BHD.,,,,,,,,,
KHIM KIT ENTERPRISE SDN. BHD.,,,,,,,,,
KIAN BOON CONTRACTOR SDN. BHD.,,,,,,,,,
KIN LINK SDN. BHD.,,,,,,,,,
KING LIAN CONTRACTOR,,,,,,,,,
KINSAJASA SDN. BHD.,,,,,,,,,
KONTRAKTOR CBL SDN. BHD.,,,,,,,,,
LAYUN ENTERPRISE SDN. BHD.,,,,,,,,,
LDS DEVELOPMENT SDN. BHD.,,,,,,,,,
LEE NYUK SANG & SONS SDN.BHD.,,,,,,,,,
LIKMANINA SDN. BHD.,,,,,,,,,
LOH MING HUA GENERAL CONTRACTOR,,,,,,,,,
MAGNA-MITRE SDN. BHD.,,,,,,,,,
MAGNI SUTERA RESOURCES SDN. BHD.,,,,,,,,,
MCOR MALAYSIA SDN. BHD.,,,,,,,,,
MELINAU TRANSPORT SDN. BHD.,,,,,,,,,
MGS SDN. BHD.,,,,,,,,,
MILLENAIRE MAISTRY SDN. BHD.,,,,,,,,,
MILLENNIUM INSAN SDN. BHD.,,,,,,,,,
MIRI STEEL STRUCTURE & CONSTRUCTION SDN. BHD.,,,,,,,,,
MUI LEE ENTERPRISE SDN. BHD.,,,,,,,,,
MULTIMAC ENGINEERING SDN. BHD.,,,,,,,,,
NORTHERN COASTAL LINK SDN. BHD.,,,,,,,,,
OASRICH SDN. BHD.,,,,,,,,,
OCEAN VANTAGE ENGINEERING SDN. BHD.,,,,,,,,,
OCEANCARE CORPORATION SDN. BHD.,,,,,,,,,
PALB ENGINEERING (M) SDN. BHD.,,,,,,,,,
PARAGON MEGALINK SDN. BHD.,,,,,,,,,
PEKERJAAN PIASAU KONKERIT SDN. BHD.,,,,,,,,,
PEMBANGUNAN ISTIMEWA MIRI SDN. BHD.,,,,,,,,,
PERUNDING GEOMATIK SDN. BHD.,,,,,,,,,
PREVELD OIL & GAS SDN. BHD.,,,,,,,,,
QASTURIE OFFSHORE ENGINEERING SDN. BHD.,,,,,,,,,
RENERGIST SDN. BHD.,,,,,,,,,
RIAPLUS SDN. BHD.,,,,,,,,,
ROPETECH SDN. BHD.,,,,,,,,,
S&L CONSTRUCTION SDN. BHD.,,,,,,,,,
SAGA SINARMAS SDN. BHD.,,,,,,,,,
SAMLING ENGINEERING SDN. BHD.,,,,,,,,,
SARAWORKS SDN. BHD.,,,,,,,,,
SEMARING ENTERPRISE SDN. BHD.,,,,,,,,,
SHIN YANG CONSTRUCTION SDN. BHD.,,,,,,,,,
SIN SIANG HAI ENTERPRISE SDN. BHD.,,,,,,,,,
SPEKTRA BUMIMAS SDN. BHD.,,,,,,,,,
SUKIADA ENGINEERING (SARAWAK) SDN. BHD.,,,,,,,,,
SYARIKAT KONTREKTOR WISMA SDN. BHD.,,,,,,,,,
SYARIKAT MISI MUSTAHIL,,,,,,,,,
SYARIKAT PEMBANGUNAN SETIA JAYA,,,,,,,,,
SYARIKAT PERUSAHAAN B T SDN. BHD.,,,,,,,,,
SYARIKAT SAMLING TIMBER SDN. BHD.,,,,,,,,,
SZEE ENVIRONMENTAL (SARAWAK) SDN. BHD.,,,,,,,,,
T & TT ENTERPRISE SDN. BHD.,,,,,,,,,
TECH CENTRE ENGINEERING SDN. BHD.,,,,,,,,,
TECHNICORPS BUILDER SDN. BHD.,,,,,,,,,
TKR ENGINEERING SDN. BHD.,,,,,,,,,
TUNGGAK OPTIMA SDN. BHD.,,,,,,,,,
ULTRA UTILITY SDN. BHD.,,,,,,,,,
WANG GLOBAL SDN. BHD.,,,,,,,,,
WARIS UTAMA SDN. BHD.,,,,,,,,,
WEHAYA SDN. BHD.,,,,,,,,,
WELFIELD SERVICES SDN. BHD.,,,,,,,,,
WSL XIANG XIANG SDN. BHD.,,,,,,,,,
YONG LUNG CONSTRUCTION SDN. BHD.,,,,,,,,,
YONG LUNG HOLDINGS SDN. BHD.,,,,,,,,,
ANR VENTURES SDN. BHD.,,,,,,,,,
AYANA TEGUH SDN. BHD.,,,,,,,,,
BERKAT SEJATI UNGGUL SDN. BHD.,,,,,,,,,
BINA HARTABUMI SDN. BHD.,,,,,,,,,
CB PALM INDUSTRIAL SDN. BHD.,,,,,,,,,
DASAR MEWAH SDN. BHD.,,,,,,,,,
DUA MEDAN CONSTRUCTION SDN. BHD.,,,,,,,,,
DYNAMIC FURNITURE INDUSTRIES (M) SDN. BHD.,,,,,,,,,
ERA WAWASAN KEMAS SDN. BHD.,,,,,,,,,
EXCELLIFT SDN. BHD.,,,,,,,,,
GAMUDA PARKS SDN. BHD.,,,,,,,,,
GKQ CONSTRUCTION (M) SDN. BHD.,,,,,,,,,
GONONG LIMA ENGINEERING SDN. BHD.,,,,,,,,,
GPE ENTERPRISE SDN. BHD.,,,,,,,,,
IDEALWAY CONSTRUCTION SDN. BHD.,,,,,,,,,
IMPAK SENSASI SDN. BHD.,,,,,,,,,
JCCI CONSTRUCTION SDN. BHD.,,,,,,,,,
K GUAN BUILDERS SDN. BHD.,,,,,,,,,
KETARA TEKNIK SDN. BHD.,,,,,,,,,
KUMPULAN WARISAN EMAS SDN. BHD.,,,,,,,,,
LUCKSOON METAL WORKS SDN. BHD.,,,,,,,,,
M ZUMI CONSTRUCTION SDN. BHD.,,,,,,,,,
MACRU CONSTRUCTION SDN. BHD.,,,,,,,,,
MATRIX ACTION CONSTRUCTION SDN. BHD.,,,,,,,,,
MERANTI BUDIMAN SDN. BHD.,,,,,,,,,
MIRZHA CONSTRUCTION SDN. BHD.,,,,,,,,,
PEMBINAAN SEJATI PERKASA SDN. BHD.,,,,,,,,,
PINTASAN SELAT KELANG SDN. BHD.,,,,,,,,,
PRINCIPLE PERSPECTIVE ENGINEERING SDN. BHD.,,,,,,,,,
PUSPACON SDN. BHD.,,,,,,,,,
Q INFINITY ENTERPRISE,,,,,,,,,
QUASAR BINA SDN. BHD.,,,,,,,,,
QUEST BINA SDN. BHD.,,,,,,,,,
QUEST ENERGY SDN. BHD.,,,,,,,,,
QWM CONSTRUCTION SDN. BHD.,,,,,,,,,
REKABINA JAYA SDN. BHD.,,,,,,,,,
REZEKI SAHABAT SDN. BHD.,,,,,,,,,
ROZLYS CONSTRUCTIONS SDN. BHD.,,,,,,,,,
S.K.CONSTRUCTION COMPANY,,,,,,,,,
S.S.T. CONSTRUCTION SDN. BHD.,,,,,,,,,
SETIA DAMAI SDN. BHD.,,,,,,,,,
SHIRO CONSTRUCTION SDN. BHD.,,,,,,,,,
SHM CONSTRUCTION SDN. BHD.,,,,,,,,,
SIERRA SOLUTIONS SDN. BHD.,,,,,,,,,
STANFORD-DOR MARKETING (M) SDN. BHD.,,,,,,,,,
SUN SYSTEM ENGINEERING SDN. BHD.,,,,,,,,,
TANJUNG SEMAI SDN. BHD.,,,,,,,,,
TBS CENTURY SDN. BHD.,,,,,,,,,
TEKNOKRAT NIAGA SDN. BHD.,,,,,,,,,
TIAN SOON CONSTRUCTION SDN. BHD.,,,,,,,,,
TOTAL MODERN ENGINEERING SDN. BHD.,,,,,,,,,
UNITED ASIA DEVELOPMENT SDN. BHD.,,,,,,,,,
USG CONSTRUCTION & ENGINEERING (M) SDN. BHD.,,,,,,,,,
VANTAGE BUILDERS SDN. BHD.,,,,,,,,,
VME MATERIAL HANDLING SDN. BHD.,,,,,,,,,
WBI RESOURCES SDN. BHD.,,,,,,,,,
WEZCO SDN. BHD.,,,,,,,,,
WILTECH DYNAMIC SDN. BHD.,,,,,,,,,
AAE SOLUTION SDN. BHD.,,,,,,,,,
ABH MEGA SDN. BHD.,,,,,,,,,
AKAWANA SDN. BHD.,,,,,,,,,
BINA MAJU SDN. BHD.,,,,,,,,,
DINASTI IRAMA SDN. BHD.,,,,,,,,,
GS BRICK SDN. BHD.,,,,,,,,,
KTAS RESOURCES SDN. BHD.,,,,,,,,,
LLH CONSTRUCTION SDN. BHD.,,,,,,,,,
MAKMUR PINTAR SDN. BHD.,,,,,,,,,
MFAH MAJU CORPORATION SDN. BHD.,,,,,,,,,
NESCAYA SAMUDRA SDN. BHD.,,,,,,,,,
WANLAND SDN. BHD.,,,,,,,,,
BAKTI USAHA ENTERPRISE,,,,,,,,,
DA YUEN ENGINEERING AND CONSTRUCTION,,,,,,,,,
EASTZONE DEVELOPMENT SDN. BHD.,,,,,,,,,
FORDECO SDN. BHD.,,,,,,,,,
LEE Y ENTERPRISE SDN. BHD.,,,,,,,,,
MENARA GADING DEVELOPMENT SDN. BHD.,,,,,,,,,
PELANA MUTIARA SDN. BHD.,,,,,,,,,
SYARIKAT DINASTI SAM,,,,,,,,,
ADVANCE CDA ENGINEERING SDN. BHD.,,,,,,,,,
ADVANTAGRE INTEGRATED SDN. BHD.,,,,,,,,,
AWARD CONSORTIUM SDN. BHD.,,,,,,,,,
BING ELECTRICAL SDN BHD.,,,,,,,,,
BRIGHTAIR ENGINEERING SDN. BHD.,,,,,,,,,
CARTA INDAH SDN. BHD.,,,,,,,,,
CHENG HOON AIR COND. ENGINEERING SDN. BHD.,,,,,,,,,
CHOOI SENG FOUNDRY SDN. BHD.,,,,,,,,,
CHUAN YIN CONSTRUCTION PLT,,,,,,,,,
CHYE SENG ENGINEERING AND DEVELOPMENT SDN. BHD.,,,,,,,,,
COL BUILDING CONSTRUCTION SDN. BHD.,,,,,,,,,
EQCOMS SDN. BHD.,,,,,,,,,
EXPLANDEX CONSTRUCTION SDN. BHD.,,,,,,,,,
FIRST AIR SALES & SERVICES ENGINEERING SDN. BHD.,,,,,,,,,
FRESCO BUILDER SDN. BHD.,,,,,,,,,
G&O BUILDERS SDN. BHD.,,,,,,,,,
GAGASAN ALPHA BUILDERS SDN. BHD.,,,,,,,,,
GOLDEN PHOENIX SERVICES SDN. BHD.,,,,,,,,,
HRJ PROPERTY SDN. BHD.,,,,,,,,,
IMPIAN GAMA SDN. BHD.,,,,,,,,,
IMPIAN MAWAR SDN. BHD.,,,,,,,,,
JH-TRANS SDN. BHD.,,,,,,,,,
JING KWEW CONSTRUCTION SDN. BHD.,,,,,,,,,
JK VENTURES BUILDER SDN. BHD.,,,,,,,,,
KEAN BOON CONSTRUCTION SDN. BHD.,,,,,,,,,
LEAN KUT PILING & ENGINEERING SDN. BHD.,,,,,,,,,
MASYHUR WAJA SDN. BHD.,,,,,,,,,
MEKAR INDUSTRIES SDN. BHD.,,,,,,,,,
MKM CREATIVE SDN. BHD.,,,,,,,,,
NEX BUILDIFUL CONSTRUCTION SDN. BHD.,,,,,,,,,
OCS CENTURY CONSTRUCTION SDN. BHD.,,,,,,,,,
PEARL HOUSE DESIGN SDN. BHD.,,,,,,,,,
PEMBINAAN LMG SDN. BHD.,,,,,,,,,
PEMBINAAN WJD MAJU SDN. BHD.,,,,,,,,,
PERDA VENTURES INCORPORATED SDN. BHD.,,,,,,,,,
QUEBEC ENGINEERING SDN. BHD.,,,,,,,,,
RAUDHAH GLOBAL CONSTRUCTION SDN. BHD.,,,,,,,,,
REKABINA UTARA SDN. BHD.,,,,,,,,,
SAGAMUDA CIVIL SDN. BHD.,,,,,,,,,
SANYO ELEVATOR SDN. BHD.,,,,,,,,,
SIN TONG BUILDER SDN. BHD.,,,,,,,,,
SYNECORE SOLUTION SDN. BHD.,,,,,,,,,
TKC CONSTRUCTION ENGINEERING SDN. BHD.,,,,,,,,,
WHC CONSTRUCTION SDN. BHD.,,,,,,,,,
WJD INFRA SDN. BHD.,,,,,,,,,
WTC MEGA SDN. BHD.,,,,,,,,,
WYM CONSTRUCTION SDN. BHD.,,,,,,,,,
ZURICON SDN. BHD.,,,,,,,,,
ALIRAN ILHAM SDN. BHD.,,,,,,,,,
ALLIED PROCESS ENGINEERING SDN. BHD.,,,,,,,,,
ARN SERVICES SDN. BHD.,,,,,,,,,
AROMA DEVELOPMENT SDN. BHD.,,,,,,,,,
BUMI WIRAMA SDN. BHD.,,,,,,,,,
CEB GLOBAL SDN. BHD.,,,,,,,,,
DES BUILDING INNOVATE SDN. BHD.,,,,,,,,,
DRENWOOD ENGINEERING SDN. BHD.,,,,,,,,,
EHRLICH VENTURE SDN. BHD.,,,,,,,,,
FAFA SOLUTION SDN. BHD.,,,,,,,,,
FENG FATT CONSTRUCTION SDN. BHD.,,,,,,,,,
GLOTECH CONSTRUCTION,,,,,,,,,
JNH BINA SDN. BHD.,,,,,,,,,
KAYAMI SDN. BHD.,,,,,,,,,
KLL PILING & JACK IN SDN. BHD.,,,,,,,,,
KPH ELECTRICAL ENGINEERING SDN. BHD.,,,,,,,,,
KZ ENGINEERING SDN. BHD.,,,,,,,,,
NAM LEAN CONSTRUCTION SDN. BHD.,,,,,,,,,
NLE ELECTRICAL ENGINEERING SDN. BHD.,,,,,,,,,
PEMBINAAN H.K.L. SDN. BHD.,,,,,,,,,
PEMBINAAN SHUNHENG SDN. BHD.,,,,,,,,,
PERMATA ILTIZAM SDN. BHD.,,,,,,,,,
PIPE MECH ENGINEERING SDN. BHD.,,,,,,,,,
POLYCOOL HTE ENGINEERING SDN. BHD.,,,,,,,,,
PROSPEK DINAMIK SDN. BHD.,,,,,,,,,
S.H. BUTTERWORTH ENGINEERING SDN. BHD.,,,,,,,,,
S.P. MEGA SDN. BHD.,,,,,,,,,
SASMAX INDUSTRIES SDN. BHD.,,,,,,,,,
SDR BUILDERS SDN. BHD.,,,,,,,,,
SENG KONG SHUTTER INDUSTRIES SDN. BHD.,,,,,,,,,
SPK ASAS SDN. BHD.,,,,,,,,,
STEADFAST BUILDERS SDN. BHD.,,,,,,,,,
SWEE HENG CONSTRUCTION SDN. BHD.,,,,,,,,,
TERRA HEIGHT SDN. BHD.,,,,,,,,,
WIJAYA BANDAR BINA SDN. BHD.,,,,,,,,,
YS ADVANCE ENGINEERING SDN. BHD.,,,,,,,,,
YS ENGINEERING & CONSTRUCTION SDN. BHD.,,,,,,,,,
ACE AUTOMATION CONTROL SDN. BHD.,,,,,,,,,
ALAM SETIA BINA SDN. BHD.,,,,,,,,,
ALUNAN ASAS SDN. BHD.,,,,,,,,,
APEX DYNAMIC SOLUTIONS SDN. BHD.,,,,,,,,,
ARMADA POWER SOLUTIONS SDN. BHD.,,,,,,,,,
ASHRAE SDN. BHD.,,,,,,,,,
ATSH CONSTRUCTION SDN. BHD.,,,,,,,,,
BIRD CONSTRUCTION SDN. BHD.,,,,,,,,,
C.D.Z. ENTERPRISE SDN. BHD.,,,,,,,,,
CRADOTEX (M) SDN. BHD.,,,,,,,,,
DAYA KENCANA ENGINEERING SDN. BHD.,,,,,,,,,
DEE NOON CORPORATION SDN. BHD.,,,,,,,,,
DELKO ENGINEERING SDN. BHD.,,,,,,,,,
ENG HENG METAL INDUSTRIES SDN. BHD.,,,,,,,,,
EONMETALL TECHNOLOGY SDN. BHD.,,,,,,,,,
FACILCON ENGINEERING SDN. BHD.,,,,,,,,,
FICUS JAYA CONSTRUCTION & ENGINEERING,,,,,,,,,
G POWER GENERATION SDN. BHD.,,,,,,,,,
GLOBAL MAX RESOURCES SDN. BHD.,,,,,,,,,
GSW CONSTRUCTION SDN. BHD.,,,,,,,,,
HAPPY LITE ELECTRICAL SDN. BHD.,,,,,,,,,
HF BORED PILES MALAYSIA SDN. BHD.,,,,,,,,,
HILNAS SDN. BHD.,,,,,,,,,
IGNEUS SETIA SDN. BHD.,,,,,,,,,
INFITECH MACHINERY SDN. BHD.,,,,,,,,,
INTEGRATED MODERN ENVIRONMENTAL CONTROL SDN. BHD.,,,,,,,,,
JUNRYL CONSTRUCTION SDN. BHD.,,,,,,,,,
JVG BINA SDN. BHD.,,,,,,,,,
K ELITE CONSTRUCTION SDN. BHD.,,,,,,,,,
KHEAN SENG ENGINEERING SDN. BHD.,,,,,,,,,
KIRIN INDUSTRY SDN. BHD.,,,,,,,,,
KWANBEE CONSTRUCTION SDN. BHD.,,,,,,,,,
LCH ENGINEERING & CONTROL SDN. BHD.,,,,,,,,,
LN RENO CONSTRUCTION SDN. BHD.,,,,,,,,,
MAX STAR PROJECT MANAGEMENT SDN. BHD.,,,,,,,,,
MCL HOLDINGS SDN. BHD.,,,,,,,,,
METRIO CONSTRUCTION SDN. BHD.,,,,,,,,,
MYFORM SDN. BHD.,,,,,,,,,
NAUTILUS TECHNOLOGIES SDN. BHD.,,,,,,,,,
NRB MUTIARA SDN. BHD.,,,,,,,,,
NUSA BUILDERS SDN. BHD.,,,,,,,,,
PINSIT DEVELOPMENT SDN.BHD.,,,,,,,,,
PREMIDON CONSTRUCTION SDN. BHD.,,,,,,,,,
PUNCAK BUMI UTAMA SDN. BHD.,,,,,,,,,
PURSHOTHAMS N-FERROUS SDN. BHD.,,,,,,,,,
SEMIOTIC CONSTRUCTION SDN. BHD.,,,,,,,,,
SK PILES SDN. BHD.,,,,,,,,,
SUNGAI BAONG SDN. BHD.,,,,,,,,,
TEJA NANDA ENGINEERING SDN. BHD.,,,,,,,,,
THERMO COOLING ENGINEERING SDN. BHD.,,,,,,,,,
TIEN POH TRADING,,,,,,,,,
TOWARD PIPELINE CONSTRUCTION SDN. BHD.,,,,,,,,,
UMPAN JAYA SDN. BHD.,,,,,,,,,
UNIFORMWORK TECHNOLOGY SDN. BHD.,,,,,,,,,
UNI-VESSEL ENGINEERING (B ' WORTH) SDN. BHD.,,,,,,,,,
YIXI CONSTRUCTION SDN. BHD.,,,,,,,,,
YONG CHENG YI STEEL ENGINEERING SDN. BHD.,,,,,,,,,
ZHAN QI ENGINEERING SDN. BHD.,,,,,,,,,
ASIANA JAYA SDN. BHD.,,,,,,,,,
DENTER CONSTRUCTION SDN. BHD.,,,,,,,,,
ENG KOK ENTERPRISE SDN. BHD.,,,,,,,,,
EPETIARA SDN. BHD.,,,,,,,,,
EXOMURNI SDN. BHD.,,,,,,,,,
FACO TRADING,,,,,,,,,
HB VENTURES SDN. BHD.,,,,,,,,,
IFIMAJAYA SDN. BHD.,,,,,,,,,
JAVA ASIA SDN. BHD.,,,,,,,,,
JAYAMAS SELATAN SDN. BHD.,,,,,,,,,
KEMAJUAN ARJAYA SDN. BHD.,,,,,,,,,
LAL ECO CONSTRUCTION SDN. BHD.,,,,,,,,,
LIAN CHEN HIGHWAY SDN. BHD.,,,,,,,,,
MAJU JAYA,,,,,,,,,
METRASIA CONSTRUCTION SDN. BHD.,,,,,,,,,
MULTI PLUS BUILDING SDN. BHD.,,,,,,,,,
NAAZ EMPIRE SDN. BHD.,,,,,,,,,
NINE DELIMA (M) SDN. BHD.,,,,,,,,,
PAMIR DEVELOPMENT SDN. BHD.,,,,,,,,,
PDSB CONSTRUCTION SDN. BHD.,,,,,,,,,
POCON CONSTRUCTION SDN. BHD.,,,,,,,,,
QUALICON CONSTRUCTION SDN. BHD.,,,,,,,,,
RIVERLANE DEVELOPMENT SDN. BHD.,,,,,,,,,
SENG TAT MACHINERY SDN. BHD.,,,,,,,,,
SKBP CONSTRUCTION SDN. BHD.,,,,,,,,,
SOH HONG BOON CONSTRUCTION SDN. BHD.,,,,,,,,,
SR BUILDSCAPE SDN. BHD.,,,,,,,,,
TITAN MASTER CONSTRUCTIONS SDN. BHD.,,,,,,,,,
UNIJOH DEVELOPMENT SDN. BHD.,,,,,,,,,
ZAINAL & DIN CONSTRUCTION SDN. BHD.,,,,,,,,,
AME CONSTRUCTION SDN. BHD.,,,,,,,,,
ASIAMOST SDN. BHD.,,,,,,,,,
BIO BRILLIANT SDN. BHD.,,,,,,,,,
BOLTON PROPERTIES SDN. BHD.,,,,,,,,,
BUSWAYS (M) SDN. BHD.,,,,,,,,,
C & K BUILDING CONSTRUCTION SDN. BHD.,,,,,,,,,
CA CONSTRUCTION SDN. BHD.,,,,,,,,,
CELGO ENGINEERING RESOURCES SDN. BHD.,,,,,,,,,
CHEE KONG ENGINEERING & CONSTRUCTION SDN. BHD.,,,,,,,,,
CHUAN LUCK PILING & CONSTRUCTION SDN. BHD.,,,,,,,,,
CK BUILDING SOLUTIONS SDN. BHD.,,,,,,,,,
CMA CONSTRUCTION SDN. BHD.,,,,,,,,,
COEE ENGINEERING SDN. BHD.,,,,,,,,,
CS E&I ENGINEERING SDN. BHD.,,,,,,,,,
DEKAD JITU SDN. BHD.,,,,,,,,,
DJ ALT TECHNOLOGY SDN. BHD.,,,,,,,,,
EURO-TECH ASIA INTERNATIONAL SDN. BHD.,,,,,,,,,
FOONG CHENG CONSTRUCTION SDN. BHD.,,,,,,,,,
FUJI SMBE BRIGHTEN SDN. BHD.,,,,,,,,,
GOOD EVERISE SDN. BHD.,,,,,,,,,
GROW MATE HOLDING SDN. BHD.,,,,,,,,,
HAILY CONSTRUCTION SDN. BHD.,,,,,,,,,
HELMSION ENGINEERING SDN. BHD.,,,,,,,,,
HENG CHANG CONSTRUCTION SDN. BHD.,,,,,,,,,
HONG LEE STEEL ENGINEERING SDN BHD,,,,,,,,,
HS GLOBAL MANUFACTURING SDN. BHD.,,,,,,,,,
IPCOS CONSTRUCTION SDN BHD,,,,,,,,,
JACKAAL CONSTRUCTION SDN. BHD.,,,,,,,,,
JB PROGRESS FABRICATOR & ENGINEERING SDN. BHD.,,,,,,,,,
JCEC ENGINEERING SDN. BHD.,,,,,,,,,
JEFA ASTAKA SDN BHD,,,,,,,,,
JIT PREMIER CONSTRUCTION SDN. BHD.,,,,,,,,,
KCT & PARTNERS SDN. BHD.,,,,,,,,,
KEAT SENG PILING (M) SDN BHD,,,,,,,,,
KFK CONSTRUCTION SDN. BHD.,,,,,,,,,
KPW ELECTRICAL ENGINEERING SDN. BHD.,,,,,,,,,
KPW ENGINEERING SDN. BHD.,,,,,,,,,
LIAN HENG M&E SDN. BHD.,,,,,,,,,
M&M PROJECT BUILDER SDN. BHD.,,,,,,,,,
MINDA LUHUR SDN. BHD.,,,,,,,,,
MS ROAD WORKS SDN. BHD.,,,,,,,,,
NEW CHUAN BEE BUILDER SDN. BHD.,,,,,,,,,
N-F MECHANICAL & ENGINEERING SDN. BHD.,,,,,,,,,
OCEAN21 OFFSHORE SDN. BHD.,,,,,,,,,
PALATIAL BUILDER SDN. BHD.,,,,,,,,,
PANCARAN TEMASEK SDN. BHD.,,,,,,,,,
PEMBINAAN SURIA MUAFAKAT SDN. BHD.,,,,,,,,,
PEMBINAAN VISTA BANGGA SDN. BHD.,,,,,,,,,
PKJUITA SDN. BHD.,,,,,,,,,
PSYCON SDN. BHD.,,,,,,,,,
PV POWER ENGINEERING SDN. BHD.,,,,,,,,,
PW SINCERE CONSTRUCTION SDN. BHD.,,,,,,,,,
QUANTUM RENEWABLE ENERGY SDN. BHD.,,,,,,,,,
REALITY GREEN CONSTRUCTION SDN. BHD.,,,,,,,,,
SA TEAM ENGINEERING SDN. BHD.,,,,,,,,,
SELATAN TAKZIM SDN. BHD.,,,,,,,,,
SH MEGA TECH SDN. BHD.,,,,,,,,,
SHENTON CONSTRUCTION & TRADING SDN. BHD.,,,,,,,,,
SINLEXON CONSTRUCTION & DECORATION SDN. BHD.,,,,,,,,,
SK DESIGN & BUILD SDN. BHD.,,,,,,,,,
SLC CONSTRUCTION SDN. BHD.,,,,,,,,,
SLC EARTHWORKS & CONSTRUCTION,,,,,,,,,
SONKEH CONSTRUCTION SDN. BHD.,,,,,,,,,
SOUTHERN DIGGERS ENTERPRISE SDN. BHD.,,,,,,,,,
SOUTHERN LINK CONSTRUCTION SDN. BHD.,,,,,,,,,
SRI Y.S. CIVIL BUILDERS SDN. BHD.,,,,,,,,,
STEEL ALLY ENGINEERING SDN. BHD.,,,,,,,,,
SUDI BINA SDN. BHD.,,,,,,,,,
TAMBAK SARI SDN. BHD.,,,,,,,,,
TECHNOWASTE SDN. BHD.,,,,,,,,,
TRIPLE H CONSTRUCTION & ENGINEERING SDN. BHD.,,,,,,,,,
ALAF ETIKA SDN. BHD.,,,,,,,,,
ASAS BINA ENTERPRISE SDN. BHD.,,,,,,,,,
ASIANTARA DEVELOPMENT SDN. BHD.,,,,,,,,,
BINARI MAJU SDN. BHD.,,,,,,,,,
BLISS BUILDER SDN. BHD.,,,,,,,,,
CORAL TRIANGLE SDN. BHD.,,,,,,,,,
CY HO PAINTING ENTERPRISE,,,,,,,,,
E & X ENGINEERING WORKS SDN. BHD.,,,,,,,,,
ECLIPSE PROPERTY SDN. BHD.,,,,,,,,,
FICANTECH SDN. BHD.,,,,,,,,,
GOLDENWELL DEVELOPMENT SDN. BHD.,,,,,,,,,
GOOD ASIA CONSTRUCTION SDN. BHD.,,,,,,,,,
GRADE ONE MARINE SHIPYARD SDN. BHD.,,,,,,,,,
HALAPASTI SDN. BHD.,,,,,,,,,
HKC UNITY SDN. BHD.,,,,,,,,,
HON WAH CONSTRUCTION & RENOVATION WORKS,,,,,,,,,
HTY CONSTRUCTION,,,,,,,,,
HTY CONSTRUCTION (M) SDN. BHD.,,,,,,,,,
JASARAYA GEMILANG SDN. BHD.,,,,,,,,,
KING ONG DEVELOPMENT SDN. BHD.,,,,,,,,,
KING ONG ENTERPRISE SDN. BHD.,,,,,,,,,
KING ONG INDUSTRIES SDN. BHD.,,,,,,,,,
LETROMOTIVE (M) SDN. BHD.,,,,,,,,,
LHY ENGINEERING & MACHINERY SDN. BHD.,,,,,,,,,
MEGA VISA EMPIRE,,,,,,,,,
MISI JUTARI SDN. BHD.,,,,,,,,,
PACE MARINE & CONTRACTION SDN. BHD.,,,,,,,,,
PEDATI PUTIH SDN. BHD.,,,,,,,,,
PESONA BINAAN (M) SDN. BHD.,,,,,,,,,
PRODUKTIF PRESTASI SDN. BHD.,,,,,,,,,
PROTOUCH ENGINEERING SDN. BHD.,,,,,,,,,
R MASYHUR CONSTRUCTION SDN. BHD.,,,,,,,,,
RABI ONE ENGINEERING SDN. BHD.,,,,,,,,,
RANTAU URUSAN (M) SDN. BHD.,,,,,,,,,
RARE NUCLEUS SDN. BHD.,,,,,,,,,
REMCO ENGINEERING & CONSTRUCTION SDN.BHD.,,,,,,,,,
SAMUDERA SELATAN ENGINEERING SDN. BHD.,,,,,,,,,
SL SERVICES SDN. BHD.,,,,,,,,,
SMART RETURNS SDN. BHD.,,,,,,,,,
TARAF NUSANTARA SDN. BHD.,,,,,,,,,
TATLIM CONSTRUCTION SDN. BHD.,,,,,,,,,
TENISHA SCAFFOLDING SDN. BHD.,,,,,,,,,
TMS TRANS BINA SDN. BHD.,,,,,,,,,
YUEN TUNG RESOURCES SDN. BHD.,,,,,,,,,
AMPE (SEMPORNA) SDN. BHD.,,,,,,,,,
ASTRA CONSTRUCTION SDN. BHD.,,,,,,,,,
BINAJAYA KONTRAKTOR DEVELOPMENT SDN. BHD.,,,,,,,,,
BORNEO TOWER TECHNOLOGIES SDN. BHD.,,,,,,,,,
ESADAMAS SDN. BHD,,,,,,,,,
GANJARAN MURNI SDN. BHD.,,,,,,,,,
ILLUMINA SDN BHD,,,,,,,,,
INCORPORATED CONSORTIUM SDN.BHD.,,,,,,,,,
KENTARA JAYA SDN. BHD.,,,,,,,,,
KR VISION CONTRACTOR,,,,,,,,,
KUO SENG CONSTRUCTION SDN. BHD.,,,,,,,,,
LE MAGNIFIQUE SDN. BHD.,,,,,,,,,
LEMBAH ALAMJAYA SDN. BHD.,,,,,,,,,
LIMA RIBU JUTAMAS HOLDING SDN. BHD.,,,,,,,,,
MASIRA JAYA SDN. BHD.,,,,,,,,,
OCEAN PULSE SDN. BHD.,,,,,,,,,
PARA CEMERLANG SDN. BHD.,,,,,,,,,
PASTI CANGGIH SDN. BHD.,,,,,,,,,
PEMBANGUNAN JATI RAYA SDN. BHD.,,,,,,,,,
PEMBINAAN MAJU CEMERLANG SDN. BHD.,,,,,,,,,
PEMBINAAN RASTAMAS SDN. BHD.,,,,,,,,,
PEMBORONG BUMIJAYA SDN.BHD.,,,,,,,,,
PRINSIP HASIL SDN. BHD.,,,,,,,,,
PROJEK WILAYANG SDN. BHD.,,,,,,,,,
PURITY ENGINEERING JV STANDARD ELECTRIC SDN. BHD.,,,,,,,,,
RIGI DEVELOPMENT,,,,,,,,,
SASARAN LEGENDA CONSTRUCTION SDN. BHD.,,,,,,,,,
SASARAN SEJAHTERA SDN. BHD.,,,,,,,,,
SBMM SDN. BHD.,,,,,,,,,
SERIBU CANGGIH SDN. BHD.,,,,,,,,,
SILAU HASIL SDN. BHD.,,,,,,,,,
SINERGI MEKAR ENTERPRISE SDN. BHD.,,,,,,,,,
STANDARD ELECTRIC SDN. BHD.,,,,,,,,,
TECK GUAN DEVELOPMENT (SABAH) SDN. BHD.,,,,,,,,,
TECK GUAN STEEL SDN. BHD.,,,,,,,,,
TP MUHIBBAH SDN. BHD.,,,,,,,,,
TP SETIA SDN. BHD.,,,,,,,,,
TWS ENGINEERING SDN. BHD.,,,,,,,,,
ULTIMATE RESERVES SDN. BHD.,,,,,,,,,
USAHA SERIBU SDN. BHD.,,,,,,,,,
USAHAWAN CANGGIH SDN. BHD.,,,,,,,,,
VARIASI BARU SDN. BHD.,,,,,,,,,
WAY BLOSSOM CONSTRUCTION SDN.BHD.,,,,,,,,,
WONG MILLENNIUM ENTERPRISE,,,,,,,,,
AKSHANI SDN. BHD.,,,,,,,,,
ALPHACON BUILDERS SDN. BHD.,,,,,,,,,
ARUS TEKAD SDN. BHD.,,,,,,,,,
BILCO CONSTRUCTION SDN. BHD.,,,,,,,,,
BOON HIN ENGINEERING & CONSTRUCTION SDN. BHD.,,,,,,,,,
BP SP FIRE SDN. BHD.,,,,,,,,,
BUILDPRO SDN. BHD.,,,,,,,,,
CORE AXIS SDN. BHD.,,,,,,,,,
COSTBUILT ENGINEERING SDN. BHD.,,,,,,,,,
DHR GLOBAL SDN. BHD.,,,,,,,,,
DYNAMIC PLEDGE SDN. BHD.,,,,,,,,,
EASTERN SUNTECH ENGINEERING & CONSTRUCTION SDN. BHD.,,,,,,,,,
ECO PERSONA PROJECT MANAGEMENT SDN. BHD.,,,,,,,,,
FALAH CONSTRUCTION SDN. BHD.,,,,,,,,,
FARNUL ENTERPRISE SDN. BHD.,,,,,,,,,
G2R SDN. BHD.,,,,,,,,,
HITTIN SERVICES SDN. BHD.,,,,,,,,,
JESIN CONSTRUCTION SDN. BHD.,,,,,,,,,
JINDALEE CONSTRUCTION SDN. BHD.,,,,,,,,,
KA & HL CONSTRUCTION SDN. BHD.,,,,,,,,,
KK DIVERSITY SDN. BHD.,,,,,,,,,
LANDS PERFECT CONSTRUCTION SDN. BHD.,,,,,,,,,
LEAN HUP LEE ENGINEERING SDN. BHD.,,,,,,,,,
LK DESIGN & CONSTRUCTION SDN. BHD.,,,,,,,,,
MACRO DIMENSION CONCRETE SDN. BHD.,,,,,,,,,
MAJOR CONSTRUCTION & ENGINEERING SDN. BHD.,,,,,,,,,
MAJU MERGE RESOURCES SDN. BHD.,,,,,,,,,
MZ MAJUJAYA (M) SDN. BHD.,,,,,,,,,
N R S MAJU SDN. BHD.,,,,,,,,,
NAHZ M & E ENGINEERING SDN. BHD.,,,,,,,,,
NCN CONSTRUCTION SDN. BHD.,,,,,,,,,
NOSTALGIA TEGUH SEJATI SDN. BHD.,,,,,,,,,
ONE LUCKY STAR TRADE SDN. BHD.,,,,,,,,,
OPTIMA MEKAR SDN. BHD.,,,,,,,,,
PEDATI TEGUH SDN. BHD.,,,,,,,,,
PEMBINAAN BHH MAJU,,,,,,,,,
PEMBINAAN BHH MAJU SDN. BHD.,,,,,,,,,
PERMATA SHAKTI (M) SDN. BHD.,,,,,,,,,
PERTABINA TECHNICAL SERVICES SDN. BHD.,,,,,,,,,
PUNCAK UTARA SDN. BHD.,,,,,,,,,
RETNI CH SDN. BHD.,,,,,,,,,
RIACON SDN. BHD.,,,,,,,,,
RUMPUN JAYA HOLDING SDN. BHD.,,,,,,,,,
S K BUILDING CONSTRUCTION,,,,,,,,,
SAI ASIA BUILDERS SDN. BHD.,,,,,,,,,
SMART MASTERPIECE SDN. BHD.,,,,,,,,,
SYARIKAT PEMBINAAN D.S.R. SDN. BHD.,,,,,,,,,
T ZEN SDN. BHD.,,,,,,,,,
TAKDIR PERMAI (M) SDN. BHD.,,,,,,,,,
TRUE CONSTRUCTION SDN. BHD.,,,,,,,,,
TSK TARGET SDN. BHD.,,,,,,,,,
YHL INDUSTRIAL SOLUTIONS SDN. BHD.,,,,,,,,,
ZAIMA REALTY SDN. BHD.,,,,,,,,,
ZES ENGINEERING SDN. BHD.,,,,,,,,,
AISB HOLDING SDN. BHD.,,,,,,,,,
AKAR INDAH SDN. BHD.,,,,,,,,,
AVN CONSTRUCTION (MALAYSIA) SDN. BHD.,,,,,,,,,
AVN MODAL SDN. BHD.,,,,,,,,,
BCB CONSTRUCTION SDN. BHD.,,,,,,,,,
BDR M&E ENGINEERING SDN. BHD.,,,,,,,,,
CHOON HIN ENGINEERING WORKS SDN. BHD.,,,,,,,,,
CHOON HIN ENVIRONMENTAL SDN. BHD.,,,,,,,,,
ES GROUP ENTERPRISE,,,,,,,,,
GOLDEN KLUANG SDN. BHD.,,,,,,,,,
GREENTREND BUILDER SDN. BHD.,,,,,,,,,
HIFTHIAH TECHNOLOGIES & CONSTRUCTION SDN. BHD.,,,,,,,,,
HONG TAR CONSTRUCTION CO,,,,,,,,,
KKT SETIA SDN. BHD.,,,,,,,,,
KLUANG PRACTICAL ENGINEERING SDN. BHD.,,,,,,,,,
KOK HONG ENGINEERING SDN. BHD.,,,,,,,,,
KOM TECHNOLOGIES (M) SDN. BHD.,,,,,,,,,
MEGATILES BUILDER SDN. BHD.,,,,,,,,,
PEMBINAAN SAJI JAYA SDN. BHD.,,,,,,,,,
PEMBINAAN TONG TOR SDN. BHD.,,,,,,,,,
PROFINA TEKNIK SDN. BHD.,,,,,,,,,
PURICS WATER SDN. BHD.,,,,,,,,,
SAMTONY SDN. BHD.,,,,,,,,,
SEALIRAN MAJU BENA SDN. BHD.,,,,,,,,,
SPEED MASTER DEVELOPMENT SDN. BHD.,,,,,,,,,
SPEED MASTER M CONSTRUCTION SDN. BHD.,,,,,,,,,
VOON BROTHERS CONSTRUCTION SDN. BHD.,,,,,,,,,
WAEI FATT ENTERPRISE,,,,,,,,,
WCL ENTERPRISE SDN. BHD.,,,,,,,,,
ZHE MING ENGINEERING WORKS,,,,,,,,,
ALFA LAGENDA SDN. BHD.,,,,,,,,,
AR MAJUTEK MINDA SDN. BHD.,,,,,,,,,
ECOPADU RESOURCES SDN. BHD.,,,,,,,,,
GANDA TEKAD SDN. BHD.,,,,,,,,,
GMK CONSTRUCTION SDN. BHD.,,,,,,,,,
GOLD LI DEVELOPMENT SDN. BHD.,,,,,,,,,
GOLDEN COMET SDN. BHD.,,,,,,,,,
GREAT WALL BUILDING CONSTRUCTION,,,,,,,,,
HSS INDUSTRIAL PRODUCTS SDN. BHD.,,,,,,,,,
JM LETRIK SDN. BHD.,,,,,,,,,
KEB PILING SDN. BHD.,,,,,,,,,
LU CHIN POH CONSTRUCTION SDN. BHD.,,,,,,,,,
MISIKHAS SDN. BHD.,,,,,,,,,
MOH SENG CONSTRUCTION SDN. BHD.,,,,,,,,,
MUAR CATHAY INDUSTRIES SDN. BHD.,,,,,,,,,
MUAR USAHA BAKTI SDN. BHD.,,,,,,,,,
MUARLITE INDUSTRIES SDN. BHD.,,,,,,,,,
NAZRINE MAJU SDN. BHD.,,,,,,,,,
NEE SOON TEKNIK SDN. BHD.,,,,,,,,,
SAWIT WARISAN SDN. BHD.,,,,,,,,,
SL CONSTRUCTION,,,,,,,,,
ST LIM VALUE SDN. BHD.,,,,,,,,,
T.A. FURNITURE & PROJECTS SDN. BHD.,,,,,,,,,
TAFI HOME & OFFICE SDN. BHD.,,,,,,,,,
THAI GUAN CONSTRUCTION SDN. BHD.,,,,,,,,,
TS DYNAMIC CONSTRUCTION SDN. BHD.,,,,,,,,,
WILSON CONSTRUCTION SDN. BHD.,,,,,,,,,
ARENA KERJAYA SDN. BHD.,,,,,,,,,
ASAPLUS CONSTRUCTION SDN. BHD.,,,,,,,,,
ASAPLUS ENTERPRISE SDN. BHD.,,,,,,,,,
BERBAGI REZEKI SDN. BHD.,,,,,,,,,
EDARAN MASTIKA SDN. BHD.,,,,,,,,,
GANGSA STEEL SDN. BHD.,,,,,,,,,
GREAT PURPOSE SDN. BHD.,,,,,,,,,
HARTA UNITY SDN. BHD.,,,,,,,,,
HASTAR UTARA SDN. BHD.,,,,,,,,,
IBRA HS SDN. BHD.,,,,,,,,,
IRDECO SDN. BHD.,,,,,,,,,
JALINAN NERACA (M) SDN. BHD.,,,,,,,,,
JAMHUSNOR SENDIRIAN BERHAD.,,,,,,,,,
JIN CONSTRUCTION SDN. BHD.,,,,,,,,,
KENANGA LESTARI SDN. BHD.,,,,,,,,,
KIBAZ SDN. BHD.,,,,,,,,,
MBA TEGUH SDN. BHD.,,,,,,,,,
PANAGLOBE SDN. BHD.,,,,,,,,,
PEMBINAAN TS HOE,,,,,,,,,
PKB BUILDERS SDN. BHD.,,,,,,,,,
PURATA ISTIMEWA SDN. BHD.,,,,,,,,,
QUAMECH ENGINEERING SDN. BHD.,,,,,,,,,
RENTAS SENI SDN. BHD.,,,,,,,,,
TEGAS UTARA ENGINEERING SDN. BHD.,,,,,,,,,
TENEX ENERGY SDN. BHD.,,,,,,,,,
USIMA SDN. BHD.,,,,,,,,,
UZAIMIN ENTERPRISE (ALOR SETAR) SDN. BHD.,,,,,,,,,
A.S ANAK BUKIT SDN. BHD.,,,,,,,,,
AB POWER CONSTRUCTION SDN. BHD.,,,,,,,,,
ABAD SENTOSA SDN. BHD.,,,,,,,,,
AG GLOBAL VENTURE SDN. BHD.,,,,,,,,,
AHS LAND SDN. BHD.,,,,,,,,,
AIMAKON SDN. BHD.,,,,,,,,,
AMZA BINA SDN. BHD.,,,,,,,,,
ANG AH CHIN CONSTRUCTION SDN. BHD.,,,,,,,,,
ANG AH CHIN SDN. BHD.,,,,,,,,,
ARAH SEMANGAT SDN. BHD.,,,,,,,,,
ASTIM RESOURCES SDN. BHD.,,,,,,,,,
AZAM JAYAMAKMUR SDN. BHD.,,,,,,,,,
BARA KHBAH CONSTRUCTION SENDIRIAN BERHAD,,,,,,,,,
BAYSWATER SDN. BHD.,,,,,,,,,
BDB INFRA SDN. BHD.,,,,,,,,,
BDB SYNERGY SDN. BHD.,,,,,,,,,
BIKIN BINA SDN. BHD.,,,,,,,,,
BINA JAYA MANTAP SDN. BHD.,,,,,,,,,
BJM CONSTRUCTION SDN. BHD.,,,,,,,,,
BLACKSTONE ENGINEERING SDN. BHD.,,,,,,,,,
BONC ENGINEERING SDN. BHD.,,,,,,,,,
BUDIMAN UTARA SDN. BHD.,,,,,,,,,
C.T. WORLD DEVELOPMENT SDN. BHD.,,,,,,,,,
CBT STAR CONSTRUCTION SDN. BHD.,,,,,,,,,
CMCL CONSTRUCTION SDN. BHD.,,,,,,,,,
CYW NORTHERN CONSTRUCTION (LANGKAWI) SDN. BHD.,,,,,,,,,
DEKAD ALIRAN SDN. BHD.,,,,,,,,,
DESA WIBAWA CONSTRUCTION SDN. BHD.,,,,,,,,,
DETIK VENTURES SDN. BHD.,,,,,,,,,
EJ UTARA SDN. BHD.,,,,,,,,,
FAST TECH BUILDERS SDN. BHD.,,,,,,,,,
FUAD TRADING INDUSTRY SDN. BHD.,,,,,,,,,
HAJARA UTILITIES SDN. BHD.,,,,,,,,,
HARTANAH KENARI SDN. BHD.,,,,,,,,,
HASAL ENTERPRISE SDN. BHD.,,,,,,,,,
HELNAZ BINA SDN. BHD.,,,,,,,,,
HIDAKA COMMUNICATION (M) SDN. BHD.,,,,,,,,,
I CON TEAM SDN. BHD.,,,,,,,,,
ILIASCO CORPORATION SDN. BHD.,,,,,,,,,
IMANCO BINAAN SENDIRIAN BERHAD,,,,,,,,,
JASA PEDOMAN SDN. BHD.,,,,,,,,,
KONSEP SEPAKAT SDN. BHD.,,,,,,,,,
KONSORTIUM KONTRAKTOR MELAYU (KEDAH) SDN. BHD.,,,,,,,,,
KUMPULAN ERA ENGINEERING SDN. BHD.,,,,,,,,,
KYNETICS LAND SDN. BHD.,,,,,,,,,
LAM HO SDN. BHD.,,,,,,,,,
LANGKASUKA POINT SDN. BHD.,,,,,,,,,
LGT GRAND CONSTRUCTION SDN. BHD.,,,,,,,,,
LT NORTHERN CONSTRUCTION (AS) SDN. BHD.,,,,,,,,,
LTW CONSTRUCTION,,,,,,,,,
LTW JAYA HOLDINGS SENDIRIAN BERHAD,,,,,,,,,
MEGA SASA SDN. BHD.,,,,,,,,,
MERIDIAN INTEGRITI SDN. BHD.,,,,,,,,,
MONOSA GREEN SDN. BHD.,,,,,,,,,
NM DYNAMIC ENTERPRISE SDN. BHD.,,,,,,,,,
OOI BAH SENG & SONS SDN. BHD.,,,,,,,,,
PANTAS TECHNOLOGIES SDN. BHD.,,,,,,,,,
PEMBINAAN BUMIASIA SDN. BHD.,,,,,,,,,
PEMBINAAN MAJU TEKAD SDN. BHD.,,,,,,,,,
PERNIAGAAN ESDINI SENDIRIAN BERHAD,,,,,,,,,
PML CONSTRUCTION (M) SDN. BHD.,,,,,,,,,
PRONAS CONSTRUCTION SDN. BHD.,,,,,,,,,
PZS SDN. BHD.,,,,,,,,,
QUAN YAO CONSTRUCTION (MALAYSIA) SDN. BHD.,,,,,,,,,
R.S ISCON CORPORATION SDN. BHD.,,,,,,,,,
RASHIDI RESOURCES SDN. BHD.,,,,,,,,,
RAZNIK BINA SDN. BHD.,,,,,,,,,
RBS ENGINEERING SDN. BHD.,,,,,,,,,
SAF TECH SDN. BHD.,,,,,,,,,
SALA KC BUILDERS SDN. BHD.,,,,,,,,,
SAMUDERA M & E ENGINEERING SDN. BHD.,,,,,,,,,
SBAR BINA SDN. BHD.,,,,,,,,,
SENHON SDN. BHD.,,,,,,,,,
SERI TEMIN DEVELOPMENT CORPORATION (M) SDN. BHD.,,,,,,,,,
SETARAYA SDN. BHD.,,,,,,,,,
SHAHAB BUILDERS & ENGINEERING SDN. BHD.,,,,,,,,,
SHAMIMCON ENGINEERING (M) SDN. BHD.,,,,,,,,,
SMH BUILDERS SDN. BHD.,,,,,,,,,
SYARIKAT AHMUHAR SDN BHD,,,,,,,,,
SYARIKAT PERNIAGAAN PELADANG (MADA) SDN. BHD.,,,,,,,,,
SYARIKAT RAZNIK CONSTRUCTION SDN. BHD.,,,,,,,,,
TEGUH HARIAN BUILD-TECH SDN. BHD.,,,,,,,,,
TERAS MEGAMAJU SDN. BHD.,,,,,,,,,
TH MESTIKA SDN. BHD.,,,,,,,,,
THB MAINTENANCE SDN. BHD.,,,,,,,,,
TOWNSCAPES BUILDER SDN. BHD.,,,,,,,,,
TRILLION WORLD DEVELOPMENT SDN. BHD.,,,,,,,,,
UCM CONSTRUCTION SDN. BHD.,,,,,,,,,
UIS DEVELOPMENT SDN. BHD.,,,,,,,,,
VISI SEMPENA SDN. BHD.,,,,,,,,,
WAZ JAYA BUILDERS SDN. BHD.,,,,,,,,,
WIRACITY CORPORATION SDN. BHD.,,,,,,,,,
WORLDBESCO CONSTRUCTION SDN. BHD.,,,,,,,,,
YIKED INFRA SDN. BHD.,,,,,,,,,
ACIS TECHNOLOGY SDN. BHD.,,,,,,,,,
BENAJAYA SDN. BHD.,,,,,,,,,
BUILDIUM CONSTRUCTION,,,,,,,,,
CHONG TEAMWORK RESOURCES SDN. BHD.,,,,,,,,,
ELITE VENTURES SDN.BHD.,,,,,,,,,
EV OILFIELD SUPPLY & SERVICES SDN. BHD.,,,,,,,,,
HRSB HOLDINGS SDN. BHD.,,,,,,,,,
HRSB INFRABINA SDN. BHD.,,,,,,,,,
HRSB INFRACOMM SDN. BHD.,,,,,,,,,
HX SOLUTIONS SDN. BHD.,,,,,,,,,
ID CONTRACT SOLUTIONS SDN. BHD.,,,,,,,,,
PROTECH BUILDERS SDN. BHD.,,,,,,,,,
RFS CEKAL SDN. BHD.,,,,,,,,,
SINAR ESTACON SDN. BHD.,,,,,,,,,
SRI PGB ENGINEERING SDN. BHD.,,,,,,,,,
TANJUNG RATNA SDN. BHD.,,,,,,,,,
TRIANGLE ELECTRICAL & ENGINEERING SDN. BHD.,,,,,,,,,
TRMS ENGINEERING SDN. BHD.,,,,,,,,,
WIN SHUN TRADING SDN. BHD.,,,,,,,,,
YIHIN GLASS & ALUMINIUM SDN. BHD.,,,,,,,,,
YSE ENGINEERING SDN. BHD.,,,,,,,,,
ABDULLAH ' S CORPORATION SDN. BHD.,,,,,,,,,
ABJAD JUARA SDN. BHD.,,,,,,,,,
ACI CONSTRUCTION SDN. BHD.,,,,,,,,,
ADASFA SDN. BHD.,,,,,,,,,
ADVANCED RESEARCH COMMUNICATION SDN. BHD.,,,,,,,,,
ADWAA ENGINEERING SDN. BHD.,,,,,,,,,
AFIQ ARIFF CONSTRUCTION & SERVICES,,,,,,,,,
AGM TAWANG (M) SDN. BHD.,,,,,,,,,
AL-RASH CORPORATION SDN. BHD.,,,,,,,,,
ARREM CORPORATION SDN. BHD.,,,,,,,,,
ARUS ENERG SDN. BHD.,,,,,,,,,
ASAS IDEAL SDN. BHD.,,,,,,,,,
AXIES-SCS BUILDERS (M) SDN. BHD.,,,,,,,,,
B.T. VENTURE SDN. BHD.,,,,,,,,,
BLOCKLINK (M) SDN. BHD.,,,,,,,,,
BOGAM CORPORATION SDN. BHD.,,,,,,,,,
BRICKWELL ENGINEERING SDN. BHD.,,,,,,,,,
BUILDING LINDUNGAN SDN. BHD.,,,,,,,,,
CAKNA ENTERPRISE SDN. BHD.,,,,,,,,,
D ' INTAN TRADE SDN. BHD.,,,,,,,,,
F.L.ALUMINIUM & TRADING,,,,,,,,,
FIRALEX SDN. BHD.,,,,,,,,,
FLAGSHIP WORKS SDN. BHD.,,,,,,,,,
G N P CONSTRUCTION SDN. BHD.,,,,,,,,,
GEMILANG VISTANA DEVELOPMENT SDN. BHD.,,,,,,,,,
GOLDEN SHARAR SDN. BHD.,,,,,,,,,
HD JAYA TRADING SDN BHD,,,,,,,,,
IKATAN INTRA SDN. BHD.,,,,,,,,,
IMPIAN JAYA MAJU SDN. BHD.,,,,,,,,,
INFRA KIRANA SDN. BHD.,,,,,,,,,
ISCORP SDN. BHD.,,,,,,,,,
JOYNAL JAYA CONSTRUCTION SDN. BHD.,,,,,,,,,
KASA MEWAH DEVELOPMENT SDN. BHD.,,,,,,,,,
KELPILE SDN. BHD.,,,,,,,,,
KEMBANG MAJU SDN. BHD.,,,,,,,,,
KEMBANG SARI SYNERGY SDN. BHD.,,,,,,,,,
KERISIK RESOURCES SDN. BHD.,,,,,,,,,
KHENG BEE CONSTRUCTION SDN. BHD.,,,,,,,,,
KONSORTIUM KONTRAKTOR MELAYU (KELANTAN) SDN. BHD.,,,,,,,,,
KOWAMAS DEVELOPMENT SDN. BHD.,,,,,,,,,
KUBANG BATANG PUSPA-SARI SDN.BHD.,,,,,,,,,
LAKSANA CERGAS SDN. BHD.,,,,,,,,,
LIFETIME POWER SDN. BHD.,,,,,,,,,
LIZIZ STANDACO SDN. BHD.,,,,,,,,,
LPT PROPERTY SDN. BHD.,,,,,,,,,
LYNAN TRADING,,,,,,,,,
MAJOR EXPERTISE SDN. BHD.,,,,,,,,,
MANSASHI SDN. BHD.,,,,,,,,,
MAR MELOR CONSTRUCTION,,,,,,,,,
MBC BERKAT ENTERPRISE SDN. BHD.,,,,,,,,,
MEKAR MEWAH CONSTRUCTION SDN. BHD.,,,,,,,,,
MENANG INTAN SDN. BHD.,,,,,,,,,
MHI PROPERTY SDN. BHD.,,,,,,,,,
MILLENIUM GLOTECH RESOURCES (M) SDN. BHD.,,,,,,,,,
MIM NATASHA ANIS CONSTRUCTION,,,,,,,,,
MPTS CONSTRUCTION SDN. BHD.,,,,,,,,,
MYCOB HOLDING SDN. BHD.,,,,,,,,,
NAZAR DESA SDN. BHD.,,,,,,,,,
NB HARVEST SDN. BHD.,,,,,,,,,
NR PETCHEM SDN. BHD.,,,,,,,,,
NZH SERING CORPORATION SDN. BHD.,,,,,,,,,
PEMBINAAN AL ASH SDN. BHD.,,,,,,,,,
PERMATA TIMUR RESOURCES SDN. BHD.,,,,,,,,,
PMBK DEVELOPMENT SDN. BHD.,,,,,,,,,
PROMOSI MANTAP SDN. BHD.,,,,,,,,,
PULAI KANDIS CONSTRUCTION SDN. BHD.,,,,,,,,,
RAJA HUSSIN GROUP SDN. BHD.,,,,,,,,,
RARE BUILDERS SDN. BHD.,,,,,,,,,
RAVION INDUSTRIES SDN. BHD.,,,,,,,,,
RIS CAPITAL (M) SDN. BHD.,,,,,,,,,
RUSHDAN YUSOFF PROPERTIES SDN. BHD.,,,,,,,,,
SBJ BINAJAYA DEVELOPMENT SDN. BHD.,,,,,,,,,
SELENGGARA TIMUR SDN. BHD.,,,,,,,,,
SEPAKAT WAJA RESOURCES SDN. BHD.,,,,,,,,,
SERASI VENTURES SDN. BHD.,,,,,,,,,
SERI BARAT MIXED SDN.BHD.,,,,,,,,,
SERI VILLA SDN. BHD.,,,,,,,,,
SIMA JAYA RESOURCES SDN. BHD.,,,,,,,,,
SINAR IMPIAN IDAMAN SDN. BHD.,,,,,,,,,
SMART TECH INNOVATIVE SDN. BHD.,,,,,,,,,
SYARIKAT KEJURUTERAAN KENALI SDN BHD,,,,,,,,,
TA-3 SDN. BHD.,,,,,,,,,
TEGUH KUALITI SDN. BHD.,,,,,,,,,
TELIPOT CONSTRUCTIONS & TRADING SDN. BHD.,,,,,,,,,
TERREAL ENTERPRISE,,,,,,,,,
TUGUPADU (M) SDN. BHD.,,,,,,,,,
VERTEX CENTRAL INDUSTRIES SDN. BHD.,,,,,,,,,
WIRA HOMELAND SDN. BHD.,,,,,,,,,
WROSDEE RESOURCES (M) SDN. BHD.,,,,,,,,,
Y T JUARA ENTERPRISE SDN. BHD.,,,,,,,,,
YAKIN TEGUH MAJU RESOURCES,,,,,,,,,
YUSRI MAJU SDN. BHD.,,,,,,,,,
ZAMANCON SDN. BHD.,,,,,,,,,
ZAS HOMES SDN. BHD.,,,,,,,,,
ZD INDAH CONSTRUCTION,,,,,,,,,
ZEDCON GLOBAL SDN. BHD.,,,,,,,,,
A-ONE CONSTRUCTION SDN BHD,,,,,,,,,
BESTARI MAKMUR SDN. BHD.,,,,,,,,,
CK TIEN CONSTRUCTION SDN. BHD.,,,,,,,,,
EW CONSTRUCTION,,,,,,,,,
FIRST STAR CONSTRUCTION SDN. BHD.,,,,,,,,,
HARMONIC SECURITY ENGINEERING SDN. BHD.,,,,,,,,,
HNK KOSA SDN. BHD.,,,,,,,,,
IKHLAS MAHIR SDN. BHD.,,,,,,,,,
JASA VY MEGAH SDN. BHD.,,,,,,,,,
KAS ENTERPRISE,,,,,,,,,
KONTRAKTOR TANAH HARTAMAS,,,,,,,,,
KRETAM DEVELOPMENT SDN. BHD.,,,,,,,,,
MAJU ERA NETWORK SDN. BHD.,,,,,,,,,
MALAYSIA WORKSHOP,,,,,,,,,
MENANG TINGGI SDN. BHD.,,,,,,,,,
MINAT HARAPAN ENTERPRISE SDN. BHD.,,,,,,,,,
MINAT HARAPAN SDN. BHD.,,,,,,,,,
OP BROTHERS SDN. BHD.,,,,,,,,,
PEMBORONG ASAS SDN. BHD.,,,,,,,,,
PEMBORONG MAS JAYA,,,,,,,,,
PERKASA MAJURIA SDN. BHD.,,,,,,,,,
PERUMAHAN PERMAI SANDAKAN JAYA SDN. BHD.,,,,,,,,,
SALAM SAMUDERA SDN. BHD.,,,,,,,,,
SERI MODALWAN SDN.BHD.,,,,,,,,,
SINARUD SDN. BHD.,,,,,,,,,
SRI BORNEO GLOBAL SDN. BHD.,,,,,,,,,
SYARIKAT MEGAH ABADI,,,,,,,,,
SYARIKAT PEMBENAAN CITY SDN. BHD.,,,,,,,,,
TAY MUN HUA ENTERPRISES SDN.BHD.,,,,,,,,,
TEAMSCORE SDN. BHD.,,,,,,,,,
UNIVERSAL CONSTRUCTION CO. SDN. BHD.,,,,,,,,,
WELDAN MARINE SERVICES SDN. BHD.,,,,,,,,,
YUDAH CORPORATION SDN. BHD.,,,,,,,,,
A & TT SDN. BHD.,,,,,,,,,
ACCESS ELEGANCE SDN. BHD.,,,,,,,,,
ACTION RICH HOLDING SDN. BHD.,,,,,,,,,
ALIRAN WORKS SDN. BHD.,,,,,,,,,
AMPRO BUILDERS SDN. BHD.,,,,,,,,,
CELLCO TRINITY SDN. BHD.,,,,,,,,,
CORPEX SDN. BHD.,,,,,,,,,
DA TOOM CONSTRUCTION SDN. BHD,,,,,,,,,
DELTA GALAXY SDN. BHD.,,,,,,,,,
EQO BUILDING SYSTEMS SDN. BHD.,,,,,,,,,
GAN CHENG LAND PROPERTY SDN. BHD.,,,,,,,,,
GAPPDMS SDN. BHD.,,,,,,,,,
H.K.K. & SALEM CONSTRUCTION SDN. BHD.,,,,,,,,,
HAPPIWIN DEVELOPMENT SDN. BHD.,,,,,,,,,
HEXON EPC SDN. BHD.,,,,,,,,,
HIGH LINE ENGINEERING SDN. BHD.,,,,,,,,,
HII HUA CHUON ELECTRICAL WORKS,,,,,,,,,
JATI IGAN SDN. BHD.,,,,,,,,,
JCH STEEL (M) SDN. BHD.,,,,,,,,,
JIN KION SDN. BHD.,,,,,,,,,
JUTRACO SDN. BHD.,,,,,,,,,
LAU HIENG MING CONSTRUCTION,,,,,,,,,
LONGSHENG ENGINEERING & CONSTRUCTION (SIBU) SDN. BHD.,,,,,,,,,
MAJESTIC RELIANCE SDN. BHD.,,,,,,,,,
MAJESTICPLEX HOUSING DEVELOPMENT SDN. BHD.,,,,,,,,,
MAJU TANAHJAYA (JOHOR) SDN. BHD.,,,,,,,,,
METROBRITE ENGINEERING SDN. BHD.,,,,,,,,,
N.B. MOTOR (SARAWAK) SDN. BHD.,,,,,,,,,
OLIVE FOUNTAIN SDN. BHD.,,,,,,,,,
PANSAR COMPANY SDN. BHD.,,,,,,,,,
PANSAR ENGINEERING SERVICES SDN. BHD.,,,,,,,,,
PROMACE ENGINEERING SDN. BHD.,,,,,,,,,
QUANTUM PARAGON SDN. BHD.,,,,,,,,,
SEDUAN JAYA TRADING COMPANY,,,,,,,,,
SELAMAT JAYA,,,,,,,,,
SUTERA MUDA SDN. BHD.,,,,,,,,,
SYABAS SAGA (SARAWAK) SDN. BHD.,,,,,,,,,
SYARIKAT UDIN ENGINEERING WORKS SDN. BHD.,,,,,,,,,
TAKEXCEL SDN. BHD.,,,,,,,,,
TAPANG TEGUH SDN. BHD.,,,,,,,,,
TAWAKAL BUMI SDN. BHD.,,,,,,,,,
TAWAKAL JUARA SDN. BHD.,,,,,,,,,
TELITI WORKS SDN. BHD.,,,,,,,,,
TENG HONG MARKETING SDN. BHD.,,,,,,,,,
TERAS ALFA SDN. BHD.,,,,,,,,,
THAIHO CONSTRUCTION SDN. BHD.,,,,,,,,,
TOYUGI BUILDERS SDN. BHD.,,,,,,,,,
TRANS-MERGE SDN. BHD.,,,,,,,,,
W CHONG TIING PROPERTY DEVELOPMENT SDN. BHD.,,,,,,,,,
W REALTY HOLDING SDN. BHD.,,,,,,,,,
WAJA SERVICES & CONTRACTOR SDN. BHD.,,,,,,,,,
WHE CONTRACT SDN. BHD.,,,,,,,,,
WORLDBAY DIVERSIFIED SDN. BHD.,,,,,,,,,
ZSGW INTERNATIONAL CONSTRUCTION SDN. BHD.,,,,,,,,,
ARTANS CONSTRUCTION SDN. BHD.,,,,,,,,,
ISWARABENA SDN. BHD.,,,,,,,,,
JPG PLANTERRA SDN. BHD.,,,,,,,,,
KONTRAKTOR BUMI TERBILANG SDN. BHD.,,,,,,,,,
PEGASUS ADVANCE ENGINEERING SDN. BHD.,,,,,,,,,
PS SELATAN SDN. BHD.,,,,,,,,,
ALI HASAN CONSTRUCTION SDN. BHD.,,,,,,,,,
A H T (NORLAN UNITED) & CARRIAGE SDN. BHD.,,,,,,,,,
ABAHSHAH ELECTRIC & INSTRUMENT ENGINEERING SDN. BHD.,,,,,,,,,
ADWA REALTY SDN. BHD.,,,,,,,,,
AIMS-GLOBAL MARINE AND HEAVY ENGINEERING SDN. BHD.,,,,,,,,,
AKANG KASEP SDN. BHD.,,,,,,,,,
AKRAM CONSTRUCTION SDN. BHD.,,,,,,,,,
ALWY DEVELOPMENT SDN. BHD.,,,,,,,,,
AN NUR MEGA EMPIRE SDN. BHD.,,,,,,,,,
ANBR RESOURCES SDN. BHD.,,,,,,,,,
ARBISMA LAND SDN. BHD.,,,,,,,,,
ARCH VISTA SDN. BHD.,,,,,,,,,
ASM TRADE GLOBAL SDN. BHD.,,,,,,,,,
BERIBU TRADISI SDN. BHD.,,,,,,,,,
BINA CONSO SDN. BHD.,,,,,,,,,
BUMI DIGITAL SDN. BHD.,,,,,,,,,
CASA HARTAMAS SDN. BHD.,,,,,,,,,
CERAH TEGUH SDN. BHD.,,,,,,,,,
CORE VALUE SDN. BHD.,,,,,,,,,
COVA HARTA SDN. BHD.,,,,,,,,,
CREATIVE DIMENSION SDN. BHD.,,,,,,,,,
DACING SEMPURNA SDN. BHD.,,,,,,,,,
DELIMA VENTURE SDN. BHD.,,,,,,,,,
DERIS DIMENSI SDN. BHD.,,,,,,,,,
DESA TAQWA SDN. BHD.,,,,,,,,,
DESABINA INDUSTRIES SDN. BHD.,,,,,,,,,
DIGITAL BUILDERS SDN. BHD.,,,,,,,,,
EMMBON BINAJAYA SDN. BHD.,,,,,,,,,
ENSIDESA SDN. BHD.,,,,,,,,,
FARIDAZ GROUP SDN. BHD.,,,,,,,,,
GPQ SDN. BHD.,,,,,,,,,
HAJI EMBONG SDN. BHD.,,,,,,,,,
HAJI JUSOH BIN HAJI SALLEH SDN.BHD.,,,,,,,,,
HEXATREND SDN. BHD.,,,,,,,,,
I MAX TEAMWORK SDN. BHD.,,,,,,,,,
ICONIC BINA SDN. BHD.,,,,,,,,,
JITUPADU MINDA SDN. BHD.,,,,,,,,,
JIWA TABAH SDN. BHD.,,,,,,,,,
KEJURUTERAAN TELEMEK LNS SDN. BHD.,,,,,,,,,
KILAUAN SUTERA SDN. BHD.,,,,,,,,,
KONSORTIUM PERUMAHAN RAKYAT TERENGGANU SDN. BHD.,,,,,,,,,
KONTRAK BINA ENTERPRISE SDN. BHD.,,,,,,,,,
KREATIF SEMANGAT SDN. BHD.,,,,,,,,,
KT SERI BINA SDN. BHD.,,,,,,,,,
LEIKA SDN. BHD.,,,,,,,,,
LEISURE GENIUS SDN. BHD.,,,,,,,,,
M.A.W GLOBAL SDN. BHD.,,,,,,,,,
M.Z. HAKUJAYA SDN. BHD.,,,,,,,,,
MBAJ CONSTRUCTION AND DEVELOPMENT SDN. BHD.,,,,,,,,,
MK SERVICES SDN. BHD.,,,,,,,,,
MNH HOLDING SDN. BHD.,,,,,,,,,
MRK RESOURCE CORPORATION SDN. BHD.,,,,,,,,,
MS CITAJAYA SDN. BHD.,,,,,,,,,
MSA BINA SDN. BHD.,,,,,,,,,
MUAZ MAJU SDN. BHD.,,,,,,,,,
MUTIARA UKHWAH SDN. BHD.,,,,,,,,,
N D CORPORATION SDN. BHD.,,,,,,,,,
NIRWANA PERMAI SDN. BHD.,,,,,,,,,
NOBLE PALMS SDN. BHD.,,,,,,,,,
P - EXCELL MANAGEMENT SDN. BHD.,,,,,,,,,
PAMIN CONSTRUCTION SDN. BHD.,,,,,,,,,
PB CON SDN. BHD.,,,,,,,,,
PEMBINAAN NKZ SDN. BHD.,,,,,,,,,
PERSADA JITU SDN. BHD.,,,,,,,,,
PRINSIP BAKTI SDN. BHD.,,,,,,,,,
PRISMA KERIS SDN. BHD.,,,,,,,,,
PROOF INDUSTRIES (M) SDN. BHD.,,,,,,,,,
R.M.E. SDN. BHD.,,,,,,,,,
RANCANGAN KITA SDN. BHD.,,,,,,,,,
RANK HEIGHTS (M) SDN. BHD.,,,,,,,,,
RIMBUN TEKAD PREMIX (TERENGGANU) SDN. BHD.,,,,,,,,,
RNAS PRESTIGE SDN. BHD.,,,,,,,,,
SASOAKAI RESOURCES SDN. BHD.,,,,,,,,,
SERADA REALTY SDN. BHD.,,,,,,,,,
SINAR LEGASI SDN. BHD.,,,,,,,,,
SINCERE IMAGE SDN. BHD.,,,,,,,,,
SULONG ENGINEERING SDN. BHD.,,,,,,,,,
SUMAI ENGINEERING SDN. BHD.,,,,,,,,,
T.R.G. JAYA SDN. BHD.,,,,,,,,,
TI PROPERTIES SDN. BHD.,,,,,,,,,
TIARA GLOBAL SDN. BHD.,,,,,,,,,
TIME FUTURE CONSTRUCTION (M) SDN. BHD.,,,,,,,,,
TRIKA AGAM SDN. BHD.,,,,,,,,,
UNO DEVELOPMENT & CONSTRUCTION SDN. BHD.,,,,,,,,,
WAA BINA (M) SDN. BHD.,,,,,,,,,
WANADI TECH SDN. BHD.,,,,,,,,,
WAWASAN BAKTI MURNI SDN. BHD.,,,,,,,,,
WAYCOM SDN. BHD.,,,,,,,,,
WRA SERVICES SDN. BHD.,,,,,,,,,
Y & S ILHAM JAYA SDN. BHD.,,,,,,,,,
YONG ENGINEERING CONSTRUCTION SDN. BHD.,,,,,,,,,
ZAINAL @ SHARIFF IBRAHIM SDN. BHD.,,,,,,,,,
ZULQARNAIN SDN. BHD.,,,,,,,,,
ALTOTEGAS SDN. BHD.,,,,,,,,,
CALRENO SDN. BHD.,,,,,,,,,
CBK LANDSCAPE SDN. BHD.,,,,,,,,,
CM CHEOK CONSTRUCTION SDN. BHD.,,,,,,,,,
DASACON SDN. BHD.,,,,,,,,,
GRACE FIELD CONSTRUCTION SDN. BHD.,,,,,,,,,
GRACE FIELD CORPORATION SDN. BHD.,,,,,,,,,
HL GLOBE SOLUTION SDN. BHD.,,,,,,,,,
IEM DYNAMIC SDN. BHD.,,,,,,,,,
IR VISION SDN. BHD.,,,,,,,,,
JONG SARAT SDN. BHD.,,,,,,,,,
KEJURUTERAAN DAN PEMBINAAN SIKOJAYA SDN. BHD.,,,,,,,,,
KSL E&C SDN. BHD.,,,,,,,,,
KSL PD ENGINEERING SDN. BHD.,,,,,,,,,
METRO WAY CONSTRUCTION SDN. BHD.,,,,,,,,,
MOK YOKE SOON CONSTRUCTION,,,,,,,,,
MS WASTE MANAGEMENT SDN. BHD.,,,,,,,,,
OME DIVERSIFIED SDN. BHD.,,,,,,,,,
PEMBINAAN KIWAH SDN. BHD.,,,,,,,,,
PV.HI.TECH. SOLAR SDN. BHD.,,,,,,,,,
REVMAX ENGINEERING SDN. BHD.,,,,,,,,,
SANICS SDN. BHD.,,,,,,,,,
SASA SUPPLIES & MAINTENANCE SDN. BHD.,,,,,,,,,
SENSE SERVICES SDN. BHD.,,,,,,,,,
"SURIA LETRIK, PAIP DAN PEMBINAAN SDN. BHD.",,,,,,,,,
TAN BOCK KWEE & SONS SDN. BHD.,,,,,,,,,
TEPAT RESOURCES SDN. BHD.,,,,,,,,,
TOTAL DYNAMIC ENGINEERING SDN. BHD.,,,,,,,,,
TOTAL DYNAMIC RESOURCES SDN. BHD.,,,,,,,,,
YLT CONSTRUCTION & ENGINEERING SDN. BHD.,,,,,,,,,
B-VER CONSTRUCTION SDN. BHD.,,,,,,,,,
GRAND DYNAMIC BUILDERS SDN. BHD.,,,,,,,,,
KSS COPPER SDN. BHD.,,,,,,,,,
KUM SANG CONCRETE SDN. BHD.,,,,,,,,,
LF ENGINEERING SDN. BHD.,,,,,,,,,
MLFD GROUP SDN. BHD.,,,,,,,,,
PEMBINAAN SAN SAN SDN. BHD.,,,,,,,,,
RBBA SDN. BHD.,,,,,,,,,
S.K. WAWASAN SDN. BHD.,,,,,,,,,
SD UNGGUL SDN. BHD.,,,,,,,,,
TOP WELD STEEL ENGINEERING SDN. BHD.,,,,,,,,,
UMW INDUSTRIAL POWER SERVICES SDN. BHD.,,,,,,,,,
ASSIGN SOLAR NEW ENERGY SDN. BHD.,,,,,,,,,
BH USAHA (M) SDN. BHD.,,,,,,,,,
CKL SOLUTION SDN. BHD.,,,,,,,,,
CKY MEGA STRUCTURE SDN. BHD.,,,,,,,,,
DYNAMIC CURVE SDN. BHD.,,,,,,,,,
DYNAMIC ZEST CONSTRUCTION SDN. BHD.,,,,,,,,,
EKOSWASTA SDN. BHD.,,,,,,,,,
FISCAL SITE SDN. BHD.,,,,,,,,,
PANTAI JERAM (M) SDN. BHD.,,,,,,,,,
Q S E CONSTRUCTION SDN. BHD.,,,,,,,,,
SAE MALAYSIA SDN. BHD.,,,,,,,,,
SEJATI TEGUH ENGINEERING SDN. BHD.,,,,,,,,,
SRI GULANG SDN BHD,,,,,,,,,
STAR ROLLING SHUTTER SDN BHD,,,,,,,,,
UNISIMA CONSTRUCTION SDN. BHD.,,,,,,,,,
WS NETWORK TECHNOLOGIES SDN. BHD.,,,,,,,,,
ALLIED STRONG SDN. BHD.,,,,,,,,,
AMAN SELAMA SDN. BHD.,,,,,,,,,
ARMADA PERMAI SDN. BHD.,,,,,,,,,
BUMIKAWAN ELECTRICAL SDN. BHD.,,,,,,,,,
BWC CONSTRUCTION SDN. BHD.,,,,,,,,,
EASTMONT SDN.BHD.,,,,,,,,,
GOLDEN LUMINOUS SDN. BHD.,,,,,,,,,
HARTAMAS DINASTI SDN. BHD.,,,,,,,,,
HENREE CHUAH ENGINEERING SDN. BHD.,,,,,,,,,
JL VENTURE CONSTRUCTION SDN. BHD.,,,,,,,,,
KAMALBINA SDN. BHD.,,,,,,,,,
KAMUNTING PREMIX PLANT SDN. BHD.,,,,,,,,,
LAYAR DIMENSI (M) SDN. BHD.,,,,,,,,,
LIM SHENG CONSTRUCTION SDN. BHD.,,,,,,,,,
LUNATEK SDN. BHD.,,,,,,,,,
NOVA MIRACLE SDN. BHD.,,,,,,,,,
RAZO CONSTRUCTION SDN. BHD.,,,,,,,,,
SPM CIVIL WORKS SDN. BHD.,,,,,,,,,
SUCCESS INPUT SDN. BHD.,,,,,,,,,
TAH CONSTRUCTION SDN. BHD.,,,,,,,,,
TUNG SIEW YONG TRACTOR SDN. BHD.,,,,,,,,,
U-BUILDERS SDN. BHD.,,,,,,,,,
WEGO MALAYSIA CONSTRUCTION SDN BHD,,,,,,,,,
YANG BINA SDN. BHD.,,,,,,,,,
ENTIARA JAYA SDN. BHD.,,,,,,,,,
MILLION CAPITAL RESOURCES SDN. BHD.,,,,,,,,,
MILLION TRADECON SDN. BHD.,,,,,,,,,
SIN MATU SHIPYARD SDN. BHD.,,,,,,,,,
ABSOLUTE BASE SDN. BHD.,,,,,,,,,
PRIA PANTAI SDN. BHD.,,,,,,,,,
A.M.I. CONSTRUCTION SENDIRIAN BERHAD.,,,,,,,,,
ABINA GLOBAL SDN. BHD.,,,,,,,,,
AZHAR AHMAD CONSTRUCTION SDN. BHD.,,,,,,,,,
BERTAM INDAH (M) SDN. BHD.,,,,,,,,,
BUMITA PROPERTIES SDN. BHD.,,,,,,,,,
BUMITA SDN. BHD.,,,,,,,,,
DTAC CONSTRUCTION SDN. BHD.,,,,,,,,,
ERA UTAMA SDN. BHD.,,,,,,,,,
ESHODA SDN. BHD.,,,,,,,,,
GAPURA CONSTRUCTION SDN. BHD.,,,,,,,,,
HAMZAH JAAFAR (P) SDN. BHD.,,,,,,,,,
KASA VENTURE SDN. BHD.,,,,,,,,,
LEONG PAK BOOM CONSTRUCTION & TRADING,,,,,,,,,
MODERN SPECTRUM SDN. BHD.,,,,,,,,,
NADI ARA MECHANICAL & ELECTRICAL ENGINEERING SDN. BHD.,,,,,,,,,
NFS NADA HOLDINGS (M) SENDIRIAN BERHAD,,,,,,,,,
PENS HOLDINGS SDN. BHD.,,,,,,,,,
PERNIAGAAN USAHAKITA SDN. BHD.,,,,,,,,,
RNEM ENGINEERING SDN. BHD.,,,,,,,,,
ST KUARI PERLIS ENTERPRISE,,,,,,,,,
TAMBUN TULANG (P) SDN. BHD.,,,,,,,,,
TERAJU MERCU CONSTRUCTION & ENGINEERING SDN. BHD.,,,,,,,,,
ZATIKIMIA SDN. BHD.,,,,,,,,,
GOLDEN SMARTLAND SDN. BHD.,,,,,,,,,
HAZUMI VENTURE SDN. BHD.,,,,,,,,,
LCS MARKETING SDN. BHD.,,,,,,,,,
RADBINA SDN. BHD.,,,,,,,,,
RALIZ SDN. BHD.,,,,,,,,,
RIMBUNAN SEMPURNA SDN. BHD.,,,,,,,,,
SAGA PERTIWI ELECTRICAL SDN. BHD.,,,,,,,,,
SUNTA JAYA GROUP SDN. BHD.,,,,,,,,,
TRANS J-C RESOURCES SDN. BHD.,,,,,,,,,
BAHARI NOR CONSTRUCTION (M) SDN. BHD.,,,,,,,,,
NZM SAKINA GLOBAL SDN. BHD.,,,,,,,,,
AMZED BINA SDN. BHD.,,,,,,,,,
BUMI AMAN BINA SDN. BHD.,,,,,,,,,
HIDAKA CONSTRUCTION (M) SDN. BHD.,,,,,,,,,
IPMA INDUSTRY SDN. BHD.,,,,,,,,,
KUBANG PASU DEVELOPMENT SDN.BHD.,,,,,,,,,
MAKEWAY CONSTRUCTION SDN. BHD.,,,,,,,,,
NAJWA MAJU SENDIRIAN BERHAD,,,,,,,,,
TUNJANG DELIMA SDN. BHD.,,,,,,,,,
UUM PROPERTY SDN. BHD.,,,,,,,,,
ACE REWARDS (M) SDN. BHD.,,,,,,,,,
BINA MEKAR SDN. BHD.,,,,,,,,,
BINAINDAH MAKMUR (M) SDN. BHD.,,,,,,,,,
BKS BUILDERS AND INFRA SDN. BHD.,,,,,,,,,
H & H BINA SDN. BHD.,,,,,,,,,
HO TEIK SWEE CONSTRUCTION SDN. BHD.,,,,,,,,,
KSL DEVELOPMENT SDN. BHD.,,,,,,,,,
LIAN HUAT PILING SDN. BHD.,,,,,,,,,
MULTI GREEN ENGINEERING SDN. BHD.,,,,,,,,,
PEMBINAAN SAHABAT SEPAKAT SDN. BHD.,,,,,,,,,
SENG HIAP GLASS (SEGAMAT) SDN. BHD.,,,,,,,,,
SHIN LE ENGINEERING SDN. BHD.,,,,,,,,,
SKY LEE RENOVATION & CONSTRUCTION (M) SDN. BHD.,,,,,,,,,
USAHASAMA MEMPAGA SDN. BHD.,,,,,,,,,
VATO CORPORATION SDN. BHD.,,,,,,,,,
DBL RESOURCES SDN. BHD.,,,,,,,,,
DE BARON ENTERPRISE SDN. BHD.,,,,,,,,,
LANGKAWI BRICKWORKS SDN. BHD.,,,,,,,,,
MINAT JATI SDN. BHD.,,,,,,,,,
NADI KAYANGAN SDN. BHD.,,,,,,,,,
NG ENTERPRISE,,,,,,,,,
ONE INTERIOR (LANGKAWI) SDN. BHD.,,,,,,,,,
BORNEO SALT HILL SDN. BHD.,,,,,,,,,
BEAUCON CONSTRUCTION SDN. BHD.,,,,,,,,,
GSM CONSTRUCTION SDN. BHD.,,,,,,,,,
HOWELLCARE INDUSTRIES SDN. BHD.,,,,,,,,,
IKHTIAR GAWA ENGINEERING SDN. BHD.,,,,,,,,,
INTAN PLANTINIUM ENTERPRISE,,,,,,,,,
TOP TEN ENTERPRISE,,,,,,,,,
TRACT EVO SDN. BHD.,,,,,,,,,
TRIWINNER CONSTRUCTION SDN. BHD.,,,,,,,,,
XPAVE SDN. BHD.,,,,,,,,,
AKS CONSTRUCTION,,,,,,,,,
ASAP DINAMIK SDN. BHD.,,,,,,,,,
ATAMIS ENGINEERING ( KK ),,,,,,,,,
CFS USAHA TEGAS SDN. BHD.,,,,,,,,,
DAYAMARA SDN. BHD.,,,,,,,,,
DEKOJUTA DEVELOPMENT SDN. BHD.,,,,,,,,,
ERAJUTA RESOURCES SDN. BHD.,,,,,,,,,
HARAPAN KONSEP SDN. BHD.,,,,,,,,,
HYWAY GROUP (MALAYSIA) SDN. BHD.,,,,,,,,,
JOY MULTI SUPPLY & SERVICES,,,,,,,,,
JT CEMERLANG SDN. BHD.,,,,,,,,,
JUTA SINAR SDN. BHD.,,,,,,,,,
K K SUCCESS VISION SDN.BHD.,,,,,,,,,
KAYAMAS WAJA SDN. BHD.,,,,,,,,,
KIBARAN PELANGI SDN. BHD.,,,,,,,,,
LCY DEVELOPMENT (M) SDN. BHD.,,,,,,,,,
LUAGAN SDN. BHD.,,,,,,,,,
MERAK SUTRA SDN. BHD.,,,,,,,,,
NOVELTY CONSTRUCTION,,,,,,,,,
PRECIOUS POWER SDN. BHD.,,,,,,,,,
PRISLEO GLOBAL ENTERPRISE CONSORTIUM,,,,,,,,,
PWMW CONSTRUCTIONS SDN. BHD.,,,,,,,,,
RAGA SHIPYARD SDN. BHD.,,,,,,,,,
REKA JADI SDN. BHD.,,,,,,,,,
STL DRILLING SDN. BHD,,,,,,,,,
SYARIKAT PEMBANGUNAN ANNUR JAYA SDN. BHD.,,,,,,,,,
TEAMCONS RESOURCES SDN. BHD.,,,,,,,,,
TEPAT TEKNIK (EM) ENTERPRISE SDN. BHD.,,,,,,,,,
TIMPAYASA JAYA SDN. BHD.,,,,,,,,,
TOP MEGACITY SDN. BHD.,,,,,,,,,
VILLACO SDN. BHD.,,,,,,,,,
WESTREET VENTURE SDN. BHD.,,,,,,,,,
YAKIN SELAMAT SDN. BHD.,,,,,,,,,
YUDA LAND SDN. BHD.,,,,,,,,,
PRSK CONSTRUCTION SDN. BHD.,,,,,,,,,
BAYU MEGAH ENGINEERING SDN. BHD.,,,,,,,,,
EURISCO BINA SDN. BHD.,,,,,,,,,
INNOSEVEN SDN. BHD.,,,,,,,,,
KIN TONG REALTY (M) SDN. BHD.,,,,,,,,,
KONTRAKTOR PEMBINAAN W Y PANG,,,,,,,,,
LIKU PRESTASI SDN. BHD.,,,,,,,,,
NEE SOON TAT ENGINEERING WORKS SDN. BHD.,,,,,,,,,
RISHIGARAN ENTERPRISE,,,,,,,,,
SHAZAS BUILDERS SDN. BHD.,,,,,,,,,
YONG XIANG CONSTRUCTION AND INTERIOR DESIGN SDN. BHD.,,,,,,,,,
WARISAN KESUMI ENTERPRISE SDN. BHD.,,,,,,,,,
AMS TRANZ ENERGY SDN. BHD.,,,,,,,,,
DELUGE FIRE PROTECTION SERVICES SDN. BHD.,,,,,,,,,
EU JIN SDN. BHD.,,,,,,,,,
M & A SOUTHERN MARKETING SDN. BHD.,,,,,,,,,
M-ONE CONSTRUCTION SDN. BHD.,,,,,,,,,
SHENG YI GLASS SDN. BHD.,,,,,,,,,
AF CONSTRUCTION SDN. BHD.,,,,,,,,,
AVOS (MALAYSIA) SDN.BHD.,,,,,,,,,
BME BRANDAH SDN. BHD.,,,,,,,,,
BORNEO GEOTECHNICAL ENGINEERING SDN. BHD.,,,,,,,,,
C.L. CHOO ENGINEERING & MARKETING SDN. BHD.,,,,,,,,,
HOCK SENG LEE BERHAD,,,,,,,,,
HUBRO SDN. BHD.,,,,,,,,,
MUSTIKA BENUA SDN. BHD.,,,,,,,,,
PETRA MURNI SDN. BHD.,,,,,,,,,
PN CONSTRUCTION SDN. BHD.,,,,,,,,,
SALCRA JAYA SDN. BHD.,,,,,,,,,
SINOWAJA POWER ENGINEERING (M) SDN. BHD.,,,,,,,,,
SYN WANG LOONG CONSTRUCTION AND DEVELOPMENT SDN. BHD.,,,,,,,,,
TECK YI CONSTRUCTION SDN. BHD.,,,,,,,,,
TUCHONG NANING SDN. BHD.,,,,,,,,,
VI SEMPURNA SDN. BHD.,,,,,,,,,
WA UNGGUL SDN. BHD.,,,,,,,,,
BESTRICH STAR SDN. BHD.,,,,,,,,,
BPT CONSTRUCTION SDN. BHD.,,,,,,,,,
CCP BUILDERS SDN. BHD.,,,,,,,,,
ENPROSERVE (M) SDN. BHD.,,,,,,,,,
IBRAHIM RASHID ENGINEERING SDN. BHD.,,,,,,,,,
MUSHTARI MAINTENANCE SERVICES SDN. BHD.,,,,,,,,,
NEKAD DEVELOPMENT ENGINEERING SDN. BHD.,,,,,,,,,
P.B.H TRADING & CONSTRUCTION SDN. BHD.,,,,,,,,,
PAKA PLANT GENERAL MAINTENANCE SDN. BHD.,,,,,,,,,
PASCA BINA SDN. BHD.,,,,,,,,,
PERMINTEX WARIJITU RESOURCES SDN. BHD.,,,,,,,,,
RIA SOLUTIONS (M) SDN. BHD.,,,,,,,,,
SAA ENGINEERING & MARINE SDN. BHD.,,,,,,,,,
SENERGY TECH ENGINEERING & SERVICES (M) SDN. BHD.,,,,,,,,,
STEADFAST INSPECTION SDN. BHD.,,,,,,,,,
TING MEE HOLDINGS SDN. BHD.,,,,,,,,,
TRANSWAJA SDN. BHD.,,,,,,,,,
TRENGCO ENERGY (M) SDN. BHD.,,,,,,,,,
ZAE ENERGY SDN. BHD.,,,,,,,,,
KMAY SDN. BHD.,,,,,,,,,
P & A PROSPECT SDN. BHD.,,,,,,,,,
SEN ZIE ENTERPRISE,,,,,,,,,
UNTANG JAYA SDN. BHD.,,,,,,,,,
ANGGERIK GLOBAL SDN. BHD.,,,,,,,,,
BAN HONG M & E ENGINEERING SDN. BHD.,,,,,,,,,
DING HENG DEVELOPMENT (M) SDN. BHD.,,,,,,,,,
HONFUAK FOUNDRY SDN. BHD.,,,,,,,,,
HONG CHAI CONSTRUCTION SDN. BHD.,,,,,,,,,
JUARA RADIKAL SDN. BHD.,,,,,,,,,
SEPAKAT EHSAN SDN. BHD.,,,,,,,,,
LIN LOY FOOK CONSTRUCTION SDN. BHD.,,,,,,,,,
MO-TECH ENGINEERING SDN. BHD.,,,,,,,,,
TLT ALLIANCE SDN. BHD.,,,,,,,,,
FAMINA ENTERPRISE,,,,,,,,,
WIN LAND SDN. BHD.,,,,,,,,,
IPB INOMEDIA SDN. BHD.,,,,,,,,,
AC ENTERPRISE,,,,,,,,,
BUILTECSABA SDN. BHD.,,,,,,,,,
LTP BINA SDN. BHD.,,,,,,,,,
PEMBANGUNAN SINAR SURIA SDN. BHD.,,,,,,,,,
REDWIN ORCHARD SDN. BHD.,,,,,,,,,
LUMRAH CEMERLANG SDN. BHD.,,,,,,,,,
PAKUBUMI CONSTRUCTION SDN. BHD.,,,,,,,,,
SYARIKAT MAZLAN CONSTRUCTION SDN. BHD.,,,,,,,,,
WARWORLD ENGINEERING (M) SDN. BHD.,,,,,,,,,
YMN DEVELOPMENT SDN. BHD.,,,,,,,,,
BAMBOO JAYA ENTERPRISE (M) SDN. BHD.,,,,,,,,,
BAYU BINA SDN. BHD.,,,,,,,,,
ECONBESTARI SDN. BHD.,,,,,,,,,
NORBICON OIL & ENGINEERING SDN. BHD.,,,,,,,,,
BEST GOODWAY SDN. BHD.,,,,,,,,,
ELFION JUTA ENTERPRISE,,,,,,,,,
MEWAJADI SDN. BHD.,,,,,,,,,
PEMBORONG SIMATUOH SDN. BHD.,,,,,,,,,
SAUDAGAR KAYA SDN. BHD.,,,,,,,,,
SYARIKAT TAWAKAL PROGRESIF SDN. BHD.,,,,,,,,,
YTO GROUP SDN. BHD.,,,,,,,,,
HIGARD (M) SDN. BHD.,,,,,,,,,
HM BUMIMAS SDN. BHD,,,,,,,,,
DWG DEVELOPMENT SDN. BHD.,,,,,,,,,
KEJURUTERAAN SEBERKAS SDN. BHD.,,,,,,,,,
SEGARICH CONSTRUCTION SDN. BHD.,,,,,,,,,
SEJATI BUILDCON,,,,,,,,,
WAWASAN CEKAL SDN. BHD.,,,,,,,,,
AFTER IMAGE SDN. BHD.,,,,,,,,,
EKRIS SDN. BHD.,,,,,,,,,
HVLV POWER LINE CONSTRUCTION SDN. BHD.,,,,,,,,,
MAHSARI CONSTRUCTION SDN. BHD.,,,,,,,,,
MD PERSADA SDN. BHD.,,,,,,,,,
NH ARIES SDN. BHD.,,,,,,,,,
SYABAS ARENA SDN. BHD.,,,,,,,,,
DAGANGAN PRESTIJ GROUP SDN. BHD.,,,,,,,,,
GMG SDN. BHD.,,,,,,,,,
PRESTIGE PROTECT SDN. BHD.,,,,,,,,,
TRUE IMPRESSION SDN. BHD.,,,,,,,,,
RANO ENGINEERING SERVICES SDN. BHD.,,,,,,,,,
HAMZAH JURJANI SDN. BHD.,,,,,,,,,
SUN SUI CONSTRUCTION SDN. BHD.,,,,,,,,,
BERA EARTHWORK SDN. BHD.,,,,,,,,,
BERA REALTY SDN. BHD.,,,,,,,,,
GADING RESOURCES SDN. BHD.,,,,,,,,,
GOLD TWO GOLD SDN. BHD.,,,,,,,,,
PRISMA KUAT SDN. BHD.,,,,,,,,,
TANMIYA TINNASZ SDN. BHD.,,,,,,,,,
WMA RESOURCES SDN. BHD.,,,,,,,,,
CHI RESOURCES SDN. BHD.,,,,,,,,,
LARISAN MAJU SDN. BHD.,,,,,,,,,
LEGASI DATO ' ISHAK HOLDING SDN. BHD.,,,,,,,,,
KOPERASI PESERTA-PESERTA RANC. FELCRA SEBERANG PERAK BHD.,,,,,,,,,
KOPERASI PESERTA-PESERTA RANCANGAN FELCRA NASARUDDIN PEMULIHAN PERAK TENGAH BERHAD,,,,,,,,,
SENANDUNG JUJUR SDN. BHD.,,,,,,,,,
TERATAI JUTARIA CONSTRUCTION SDN. BHD.,,,,,,,,,
BATU TUMBUH HOLDINGS SDN. BHD.,,,,,,,,,
DASAR WIJAYA SDN. BHD.,,,,,,,,,
EN-EL CONSTRUCTION SDN. BHD.,,,,,,,,,
FNA RESOURCES SDN. BHD.,,,,,,,,,
HANO TRADING SDN. BHD.,,,,,,,,,
JUSOH ENTERPRISE SDN. BHD.,,,,,,,,,
PRO TOUCH RESOURCES SDN. BHD.,,,,,,,,,
PUPUK JUARA SDN. BHD.,,,,,,,,,
RACECON EXCEL SDN. BHD.,,,,,,,,,
RINO TECHNOLOGY SDN. BHD.,,,,,,,,,
SELESA ENGINEERING SDN. BHD.,,,,,,,,,
"SYARIKAT YUSOF, YASIN SDN BHD",,,,,,,,,
TENAGA BROTHERS SDN. BHD.,,,,,,,,,
TENANG SELALU CONSTRUCTION SDN. BHD.,,,,,,,,,
TASKLINK (M) SDN. BHD.,,,,,,,,,
RS MAJU TECHNOLOGIES,,,,,,,,,
SUTERA LABA SDN BHD,,,,,,,,,
FORWARD JAYA CONSTRUCTION SDN. BHD.,,,,,,,,,
JATI DIRI CONSTRUCTION,,,,,,,,,
SAEEDULLAH ENTERPRISE,,,,,,,,,
AG ENGINEERING & CONSTRUCTION SDN. BHD.,,,,,,,,,
ARAH JITU SDN. BHD.,,,,,,,,,
ECOVAST RESOURCES SDN. BHD.,,,,,,,,,
GEMILANG MEGA SDN. BHD.,,,,,,,,,
CVR CONSTRUCTION SDN. BHD.,,,,,,,,,
HANDAL JAYABINA SDN. BHD.,,,,,,,,,
POWER TEKNIK SDN. BHD.,,,,,,,,,
TEMIS (M) SDN. BHD.,,,,,,,,,
TRI URBANITY SDN. BHD.,,,,,,,,,
WAWASAN INTACT CONSTRUCTION SDN. BHD.,,,,,,,,,
HANKONG ELECTRICAL SDN. BHD.,,,,,,,,,
I C E PLANTATION SDN. BHD.,,,,,,,,,
KMLL JAYA SDN. BHD.,,,,,,,,,
SADONG SYNERGY SDN. BHD.,,,,,,,,,
SBA SDN. BHD.,,,,,,,,,
SWEE CHONG CONSTRUCTION SDN. BHD.,,,,,,,,,
TANAH PESAT SDN. BHD.,,,,,,,,,
ARENA MEGASURIA SDN. BHD.,,,,,,,,,
CHIENG SUCCESS SDN. BHD.,,,,,,,,,
HING LEE ELECTRICAL & AIR-CONDITION WORKS,,,,,,,,,
J.S WONG CONTRACTOR ENTERPRISE,,,,,,,,,
JIA XING DEVELOPMENT SDN. BHD.,,,,,,,,,
JURUTATA SDN.BHD.,,,,,,,,,
MEGA ELECTRICAL ENGINEERING SERVICE,,,,,,,,,
MEGA POWER LINE SDN. BHD.,,,,,,,,,
PRIMACES SDN. BHD.,,,,,,,,,
PUBLIC HEIGHT DEVELOPMENT SDN. BHD.,,,,,,,,,
SING TECK HING SDN. BHD.,,,,,,,,,
SYARIKAT ELEKTRIK TERASH JAYA SDN. BHD.,,,,,,,,,
TWIN AXIS SDN. BHD.,,,,,,,,,
WARISAN SINARJAYA SDN. BHD.,,,,,,,,,
WHT & SONS SDN. BHD.,,,,,,,,,
ERFANA ENTERPRISE SDN. BHD.,,,,,,,,,
WARNA GENERASI SDN. BHD.,,,,,,,,,
01 CONSTRUCTION SDN. BHD.,,,,,,,,,
3B INNOVATION ENGINEERING SDN. BHD.,,,,,,,,,
A & A GLOBAL DEVELOPMENT SDN. BHD.,,,,,,,,,
A R CONSTRUCTION & ENGINEERING SDN. BHD.,,,,,,,,,
AAA BENA SDN. BHD.,,,,,,,,,
ABADI PILING SDN. BHD.,,,,,,,,,
ABADI RIA SDN BHD,,,,,,,,,
ABC ACHIEVEMENTS SDN. BHD.,,,,,,,,,
ABLESON CONSTRUCTION SDN. BHD.,,,,,,,,,
ACCESS BENEFIT SDN. BHD.,,,,,,,,,
ACCOMIX IT SDN. BHD.,,,,,,,,,
ACIATA ENGINEERING SDN. BHD.,,,,,,,,,
ACO BUILT SYSTEM SDN. BHD.,,,,,,,,,
ACOR RESOURCES SDN. BHD.,,,,,,,,,
ACRE WORKS SDN. BHD.,,,,,,,,,
ACTIVE CONSTRUCTION,,,,,,,,,
ADAPTASI MASA SDN. BHD.,,,,,,,,,
ADATECH INDUSTRIES SDN. BHD.,,,,,,,,,
ADVANCE DISPLAY TECHNOLOGY SDN. BHD.,,,,,,,,,
ADVANCE GAS TURBINE SOLUTIONS SDN. BHD.,,,,,,,,,
ADVANCED DEFENCE SYSTEMS SDN. BHD.,,,,,,,,,
ADVANCED PROCESS SOLUTIONS SDN. BHD.,,,,,,,,,
ADVENTURE BUILDER SDN. BHD.,,,,,,,,,
AES ID CREATION SDN. BHD.,,,,,,,,,
AFBRIA ENERGY SDN. BHD.,,,,,,,,,
AFFIZAL RESOURCES (M) SDN. BHD.,,,,,,,,,
AFIINTRA TECHNOLOGIES SDN. BHD.,,,,,,,,,
AFTN BUILDERS SDN. BHD.,,,,,,,,,
AGD MANAGEMENT SERVICES SDN. BHD.,,,,,,,,,
AGESON KENSETSU SDN. BHD.,,,,,,,,,
AH NAHAR GLOBAL SDN. BHD.,,,,,,,,,
AH SOON CONSTRUCTION SDN. BHD.,,,,,,,,,
AHB TECHNOLOGY SDN BHD,,,,,,,,,
AHMAD ZAKI RESOURCES BERHAD,,,,,,,,,
AHMAD ZAKI SDN. BHD.,,,,,,,,,
AI POWER RESOURCES SDN. BHD.,,,,,,,,,
AIDAH ENGINEERING & CONSTRUCTION SDN. BHD.,,,,,,,,,
AIDEAZ INTEGRATED SDN. BHD.,,,,,,,,,
AIM CONNECTIONS SDN. BHD.,,,,,,,,,
AIM SOLUTIONS SDN. BHD.,,,,,,,,,
AIMR DEVELOPMENT SDN. BHD.,,,,,,,,,
AIZO CONSTRUCTION SDN. BHD.,,,,,,,,,
AJ FACADE HOLDING SDN. BHD.,,,,,,,,,
AJC VENTURES SDN. BHD.,,,,,,,,,
AKAR TIARA SDN. BHD.,,,,,,,,,
AKAZIE CONSTRUCTION SDN. BHD.,,,,,,,,,
AKRIVIS JAYA SDN. BHD.,,,,,,,,,
AKTIF UNGGUL SDN. BHD.,,,,,,,,,
AL SUHATI SDN. BHD.,,,,,,,,,
ALAM BERSIH SDN BHD,,,,,,,,,
ALAM MARITIM (M) SDN. BHD.,,,,,,,,,
ALAM REKA BINA SDN. BHD.,,,,,,,,,
ALGAE PARK SDN. BHD.,,,,,,,,,
AL-HAMRA CONSTRUCTION SDN. BHD.,,,,,,,,,
ALIRAN INTELEK SDN. BHD.,,,,,,,,,
ALIRAN TECHNOLOGIES SDN. BHD.,,,,,,,,,
ALIRAN UTILITIES SDN. BHD.,,,,,,,,,
ALIRAN WATER SERVICES SDN. BHD.,,,,,,,,,
ALLIED ENGINEERING CONSTRUCTION SDN. BHD.,,,,,,,,,
ALLUMAC SDN. BHD.,,,,,,,,,
ALM BUILDERS SDN. BHD.,,,,,,,,,
ALPHA DESIGN & CONSTRUCTION SDN. BHD.,,,,,,,,,
ALPHA FOCUS (M) SDN. BHD.,,,,,,,,,
ALPHAXIUS CONSTRUCTION SDN. BHD.,,,,,,,,,
ALPHAZEN CONTRACT SDN. BHD.,,,,,,,,,
ALTERNATIF BINA SDN. BHD.,,,,,,,,,
AM-ADVANCE ELEVATOR (M) SDN. BHD.,,,,,,,,,
AMANRA ENGINEERING & TECH SDN. BHD.,,,,,,,,,
AMAZON PLUMBING SDN. BHD.,,,,,,,,,
AMB CONSORTIUM (M) SDN. BHD.,,,,,,,,,
AMBANG BESAR SDN. BHD.,,,,,,,,,
AMCON INDUSTRIES CORPORATION SDN. BHD.,,,,,,,,,
AMJ TECHNIQUE SDN. BHD.,,,,,,,,,
AMONA SDN. BHD.,,,,,,,,,
ANEKA JARINGAN SDN. BHD.,,,,,,,,,
ANG YOKE LIAN CONSTRUCTION SDN. BHD.,,,,,,,,,
ANJALAN JAYA (M) SDN. BHD.,,,,,,,,,
ANJUR EKAR SDN. BHD.,,,,,,,,,
ANNUAL GROWTH SDN. BHD.,,,,,,,,,
ANNUM EPCC SDN. BHD.,,,,,,,,,
ANP ENGINEERING & CONSTRUCTION SDN. BHD.,,,,,,,,,
ANTARA ELEKTRIK SDN.BHD.,,,,,,,,,
ANTARES ENERGY SDN. BHD.,,,,,,,,,
APEX COMMUNICATIONS SDN. BHD.,,,,,,,,,
APFT DEVELOPMENT SDN. BHD.,,,,,,,,,
API SOLUTIONS SDN. BHD.,,,,,,,,,
AQRA TECH (M) SDN. BHD.,,,,,,,,,
AQUAMECH CORPORATION SDN BHD,,,,,,,,,
ARCA KONSEP SDN. BHD.,,,,,,,,,
ARENA PROAKTIF SDN. BHD.,,,,,,,,,
ARGO ENGINEERING SDN. BHD.,,,,,,,,,
ARI SMJ SDN. BHD.,,,,,,,,,
ARMADA BAIDURI SDN. BHD.,,,,,,,,,
ARMAK INFRA SDN. BHD.,,,,,,,,,
ARMOURSEAL SDN.BHD.,,,,,,,,,
ART ET DOMAIN SDN. BHD.,,,,,,,,,
ART FACADE SDN. BHD.,,,,,,,,,
ARTG MARKETING SDN. BHD.,,,,,,,,,
ARTSYSTEM (M) SDN. BHD.,,,,,,,,,
AS EAST RESOURCE SDN. BHD.,,,,,,,,,
AS ENGINEERING CONSTRUCTION SDN. BHD.,,,,,,,,,
ASAS GRUPPEN SDN. BHD.,,,,,,,,,
ASENCON ELEKTRIK SDN. BHD.,,,,,,,,,
ASIA ENERGY ADVANCED SDN. BHD.,,,,,,,,,
ASIA INFRASTRUCTURE CONSTRUCTION SDN. BHD.,,,,,,,,,
ASIAN GATEWAYS CONSTRUCTION SDN. BHD.,,,,,,,,,
ASIAN OFFSHORE SERVICES SDN. BHD.,,,,,,,,,
ASIANMAX CORPORATION SDN. BHD.,,,,,,,,,
ASIAPAC OIL & GAS (SABAH) SDN. BHD.,,,,,,,,,
ASIAPOOLS (M) SDN BHD,,,,,,,,,
ASPEK SOLUSI SDN. BHD.,,,,,,,,,
ASPEN FLAGSHIP SDN. BHD.,,,,,,,,,
ASTANA SETIA SDN. BHD.,,,,,,,,,
ASTERA ENGINEERING SDN. BHD.,,,,,,,,,
ATAZEMPIRE BERHAD,,,,,,,,,
ATAZEMPIRE BUILDER SDN. BHD.,,,,,,,,,
ATHENS PARK ENGINEERING SDN. BHD.,,,,,,,,,
ATHENS PARK SDN. BHD.,,,,,,,,,
ATMA IMPIAN SDN. BHD.,,,,,,,,,
ATSS HOLDINGS SDN. BHD.,,,,,,,,,
AVANT GARDE SOLUTIONS (M) SDN. BHD.,,,,,,,,,
AVERA ENERGY HOLDINGS SDN. BHD.,,,,,,,,,
AZILANI JAYA SDN. BHD.,,,,,,,,,
AZS DYNAMIC VISION SDN. BHD.,,,,,,,,,
AZTI TECHNOLOGY SDN. BHD.,,,,,,,,,
AZZA MEWAH SDN. BHD.,,,,,,,,,
B & T VICTORY SDN. BHD.,,,,,,,,,
BAKAT RAYA SDN.BHD.,,,,,,,,,
BARISAN PERFORMA SDN. BHD.,,,,,,,,,
BARROW ALUMINIUM SDN. BHD.,,,,,,,,,
BASCOF GROUP SDN. BHD.,,,,,,,,,
BAYANGAN SEPADU SDN. BHD.,,,,,,,,,
BAYU MELATI SDN. BHD.,,,,,,,,,
BBGM DEVELOPMENT (KK) SDN. BHD.,,,,,,,,,
BBGM TOK BALI DEVELOPMENT SDN. BHD.,,,,,,,,,
BBGM WANGSA DEVELOPMENT SDN. BHD.,,,,,,,,,
BCD ASIA SDN. BHD.,,,,,,,,,
BE CONSTRUCTION SDN. BHD.,,,,,,,,,
BEAUTYLITE INTERIORS SDN. BHD.,,,,,,,,,
BECWELL RESOURCES SDN. BHD.,,,,,,,,,
BENTEN CONSTRUCTION SDN. BHD.,,,,,,,,,
BERJAYA CONSTRUCTION BERHAD,,,,,,,,,
BERKAT HONEYWELL SDN BHD,,,,,,,,,
BERLIAN MCDERMOTT SDN. BHD.,,,,,,,,,
BESTARAYA SDN. BHD.,,,,,,,,,
BESTEEL ENGTECH SDN. BHD.,,,,,,,,,
BF CONSTRUCTION SDN. BHD.,,,,,,,,,
BHIC TECHNOLOGIES SDN. BHD.,,,,,,,,,
BIEN INTERIORS SDN. BHD.,,,,,,,,,
BILANG NOMBOR SDN. BHD.,,,,,,,,,
BINA JURATI SDN. BHD.,,,,,,,,,
BINA PASIFIK SDN. BHD.,,,,,,,,,
BINA POSITIF SDN. BHD.,,,,,,,,,
BINA PUNCAK JAYA SDN. BHD.,,,,,,,,,
BINA REKA MAKMUR SDN. BHD.,,,,,,,,,
BINA SKK SDN. BHD.,,,,,,,,,
BINA STL SDN. BHD.,,,,,,,,,
BINARY VISTA SDN. BHD.,,,,,,,,,
BINASAT DIGITAL SDN. BHD.,,,,,,,,,
BINASAT SDN. BHD.,,,,,,,,,
BINASINO SDN. BHD.,,,,,,,,,
BINASTRA CONSTRUCTION (M) SDN BHD,,,,,,,,,
BINAVEST SDN. BHD.,,,,,,,,,
BINTANG FADZILAT (M) SDN. BHD.,,,,,,,,,
BKM SDN. BHD.,,,,,,,,,
BLUEBROS E&C SDN. BHD.,,,,,,,,,
BMG GLOBAL SDN. BHD.,,,,,,,,,
BMY RESOURCES SDN. BHD.,,,,,,,,,
BOLT INDUSTRIES SDN. BHD.,,,,,,,,,
BPJ-BERJAYA SDN. BHD.,,,,,,,,,
BRAVE INDICATOR SDN. BHD.,,,,,,,,,
BRICOMP LESTARI SDN. BHD.,,,,,,,,,
BRIDGEMOUNT SDN. BHD.,,,,,,,,,
BRIGHT FIRE PROTECTION SDN. BHD.,,,,,,,,,
BRIGHT MARGIN SDN. BHD.,,,,,,,,,
BRIGHT SYMPHONY SDN. BHD.,,,,,,,,,
BRIGHTMARK SDN. BHD.,,,,,,,,,
BRIKMEN SDN. BHD.,,,,,,,,,
BROADWAY POWER SDN. BHD.,,,,,,,,,
BS ONG PLUMBING SDN. BHD.,,,,,,,,,
BSE BUILDERS SERVICES (M) SDN. BHD.,,,,,,,,,
BSP STAR ENGINEERING SDN. BHD.,,,,,,,,,
BSY CONSTRUCTION SDN. BHD.,,,,,,,,,
BUDIWIRA SDN. BHD.,,,,,,,,,
BUILDWORTH CONSTRUCTION SDN. BHD.,,,,,,,,,
BULDAN MAJU SDN. BHD.,,,,,,,,,
BUMI GIGA CONSTRUCTION SDN. BHD.,,,,,,,,,
BUMI LANJUT CORPORATION SDN. BHD.,,,,,,,,,
BUMIBAYU PROJECT SYNERGY SDN. BHD.,,,,,,,,,
BUMI-QP PARTNERS SDN. BHD.,,,,,,,,,
BUMIRAYA SETIA SDN. BHD.,,,,,,,,,
BURNABY RESOURCES SDN. BHD.,,,,,,,,,
C.Y.S. CONSTRUCTION SDN. BHD.,,,,,,,,,
CA INTEGRATED FACILITIES SDN. BHD.,,,,,,,,,
CAG MAJUBINA SDN. BHD.,,,,,,,,,
CAHAYA LETRIK KOMPENI,,,,,,,,,
CAHAYA MULTI CONSTRUCTION SDN. BHD.,,,,,,,,,
CAHAYA SINA SDN. BHD.,,,,,,,,,
CAMBRIDGE TECHNOLOGY SDN. BHD.,,,,,,,,,
CANARY DESIGN SDN. BHD.,,,,,,,,,
CANGGIH KILAT SDN. BHD.,,,,,,,,,
CANTILEVER BUMI SDN. BHD.,,,,,,,,,
CANTILEVER SDN. BHD.,,,,,,,,,
CAPITAL NETWORK SDN. BHD.,,,,,,,,,
CASHLOTUS (M) SDN. BHD.,,,,,,,,,
CBERTEC SYSTEMS SDN. BHD.,,,,,,,,,
CEKAP TECHNICAL SERVICES SDN. BHD.,,,,,,,,,
CENTRUM-TECH ENGINEERING & INDUSTRY SUPPLY SDN. BHD.,,,,,,,,,
CERAH ALAM SDN. BHD.,,,,,,,,,
CERGAS INFRA SDN. BHD.,,,,,,,,,
CHASE PERDANA SDN. BHD.,,,,,,,,,
CHENGAL JAYA SDN. BHD.,,,,,,,,,
CHIN HIN CONSTRUCTION ENGINEERING SDN. BHD.,,,,,,,,,
CHKS BUILDERS SDN. BHD.,,,,,,,,,
CIME ENGINEERING SDN. BHD.,,,,,,,,,
CIRCLE AVANI SDN. BHD.,,,,,,,,,
CITAGLOBAL ENGINEERING SERVICES SDN. BHD.,,,,,,,,,
CITAGLOBAL LAND SDN. BHD.,,,,,,,,,
CITAGLOBAL PROPERTY DEVELOPMENT SDN. BHD.,,,,,,,,,
CITAGLOBAL TELECOMMUNICATION SDN. BHD.,,,,,,,,,
CITATAH CONTRACT EAST MALAYSIA SDN. BHD.,,,,,,,,,
CITY-LITE LETRIK SDN. BERHAD,,,,,,,,,
CIVIL AND STRUCTURAL ENGINEERING SERVICES SDN. BHD.,,,,,,,,,
CK PLUS BUILDERS SDN. BHD.,,,,,,,,,
CLAMSHELL DREDGING SDN. BHD.,,,,,,,,,
CLANICON BUILDERS SDN. BHD.,,,,,,,,,
CLEAR WATER SERVICES SDN. BHD.,,,,,,,,,
CLIMATE SYSTEMS SDN.BHD.,,,,,,,,,
CLM CONSTRUCTION & TRADING SDN. BHD.,,,,,,,,,
CLW BUILDERS SDN. BHD.,,,,,,,,,
CLY USAHA SDN. BHD.,,,,,,,,,
CMLIM ENERGY SDN. BHD.,,,,,,,,,
CNS DYNAMICS SDN. BHD.,,,,,,,,,
COMMERCIAL FUTURE SDN. BHD.,,,,,,,,,
COMMUTECH ENGINEERING SDN. BHD.,,,,,,,,,
CONCEPTUAL ART (M) SDN. BHD.,,,,,,,,,
CONQUER ENGINEERING SDN. BHD.,,,,,,,,,
CONSOLIDATED LEGEND (M) SDN. BHD.,,,,,,,,,
CONSOLIDATED SOLUTIONS SDN. BHD.,,,,,,,,,
CONTAMAJU SDN. BHD.,,,,,,,,,
COOLING SYSTEM DESIGN WORK SDN. BHD.,,,,,,,,,
COREVATE SYSTEM SDN. BHD.,,,,,,,,,
CRBC (M) HOLDINGS SDN. BHD.,,,,,,,,,
CRESCENT-WAY SDN. BHD.,,,,,,,,,
CRIMSON POWER SDN. BHD.,,,,,,,,,
CRITICAL SYSTEM SPECIALIST SDN. BHD.,,,,,,,,,
CRN KL ENGINEERING (M) SDN. BHD.,,,,,,,,,
CS SALES & SERVICES (M) SDN. BHD.,,,,,,,,,
CSEM SRI MERU SDN. BHD.,,,,,,,,,
CSSOO EARTH WORK & CONSTRUCTION SDN. BHD.,,,,,,,,,
CTCI MALAYSIA SDN. BHD.,,,,,,,,,
CTL BUILDING CULTURE SDN. BHD.,,,,,,,,,
CTS CONSTRUCTION SDN. BHD.,,,,,,,,,
CURVE ENGINEERING SDN.BHD.,,,,,,,,,
CYML GROUP SDN. BHD.,,,,,,,,,
CYPARK RESOURCES BERHAD,,,,,,,,,
CYPARK SDN. BHD.,,,,,,,,,
D ' YAKIN CREATION SDN. BHD.,,,,,,,,,
DAILY GAIN CONSTRUCTION SDN. BHD.,,,,,,,,,
DAMAKMUR (M) SDN. BHD.,,,,,,,,,
DANTECH SDN. BHD.,,,,,,,,,
DARMA MEKAR SDN. BHD.,,,,,,,,,
DASA POWER ENGINEERING,,,,,,,,,
DATAPURI SDN. BHD.,,,,,,,,,
DATASONIC TECHNOLOGIES SDN. BHD.,,,,,,,,,
DAYA RANGKAI ROOFING SDN. BHD.,,,,,,,,,
DBM ENGINEERING SDN. BHD.,,,,,,,,,
DCN DIVING SDN. BHD.,,,,,,,,,
DEKINJAYA BUILDER SDN. BHD.,,,,,,,,,
DELEUM SERVICES SDN. BHD.,,,,,,,,,
DELEUM TECHNOLOGY SOLUTIONS SDN. BHD.,,,,,,,,,
DELTA FORCE SECURITY SERVICES & CONSULTANCY SDN. BHD.,,,,,,,,,
DEME MALAYSIA SDN. BHD.,,,,,,,,,
DEMI FAJAR SDN. BHD.,,,,,,,,,
DESA PURNAMA SDN. BHD.,,,,,,,,,
DESJAYA GM SDN. BHD.,,,,,,,,,
DEZENO SDN. BHD.,,,,,,,,,
DHAYA MAJU INFRASTRUCTURE (ASIA) SDN. BERHAD,,,,,,,,,
DHAYA MAJU LTAT SDN. BHD.,,,,,,,,,
DIAN MAKMUR SDN. BHD.,,,,,,,,,
DINAR MAL SDN. BHD.,,,,,,,,,
DINASTI BERKAT SDN. BHD.,,,,,,,,,
DING CHANG CONSTRUCTION SDN. BHD.,,,,,,,,,
DJR POWER SDN. BHD.,,,,,,,,,
DOMAIN DESIGN & CONTRACTS SDN. BHD.,,,,,,,,,
DP CONTROLS SDN. BHD.,,,,,,,,,
DR HOUSING ONLINE PLT,,,,,,,,,
DSCAFF ENGINEERING SDN. BHD.,,,,,,,,,
DWITASIK CONSTRUCTION SDN. BHD.,,,,,,,,,
DWITASIK ENGINEERING & INTERIORS SDN. BHD.,,,,,,,,,
DXF PROPERTIES SDN. BHD.,,,,,,,,,
DYNA SEGMEN SDN. BHD.,,,,,,,,,
DYNIVEST PROGRESS SDN. BHD.,,,,,,,,,
E & J DAMAI SDN. BHD.,,,,,,,,,
E DA ELECTRICAL ENGINEERING SDN. BHD.,,,,,,,,,
EARTH BUILD CONSTRUCTION SDN. BHD.,,,,,,,,,
EAS AIR-CONDITIONING SERVICES SDN. BHD.,,,,,,,,,
EASTERN HUANRUI CONSTRUCTION SDN. BHD.,,,,,,,,,
EC BINARY SDN. BHD.,,,,,,,,,
ECLIPSE INTERNATIONAL SDN. BHD.,,,,,,,,,
ECO SYNERGY METALS SDN. BHD.,,,,,,,,,
ECONPILE (M) SDN. BHD.,,,,,,,,,
ED LAMB CONSTRUCTION SDN. BHD.,,,,,,,,,
EDAR MAXIMA SDN. BHD.,,,,,,,,,
EDDEX CONCEPT SDN. BHD.,,,,,,,,,
EDGENTA FACILITIES MANAGEMENT SDN. BHD.,,,,,,,,,
EDGENTA GREENTECH SDN. BHD.,,,,,,,,,
EDGENTA HEALTHTRONICS SDN. BHD.,,,,,,,,,
EDGENTA INFRASTRUCTURE SERVICES SDN. BHD.,,,,,,,,,
EDGENTA MEDISERVE SDN. BHD.,,,,,,,,,
EDGENTA PROPEL BERHAD,,,,,,,,,
EDGEPOINT TOWERS SDN. BHD.,,,,,,,,,
EDISI CINDAI SDN. BHD.,,,,,,,,,
EDORA HOLDINGS SDN. BHD.,,,,,,,,,
EHSAN BINA SDN. BHD.,,,,,,,,,
EHSAN PLANT & PROPERTY SDN. BHD.,,,,,,,,,
EHSAN TEGAS SDN. BHD.,,,,,,,,,
EIT CONSTRUCTION SDN. BHD.,,,,,,,,,
EK BUILD SDN. BHD.,,,,,,,,,
EKG M & E SDN. BHD.,,,,,,,,,
EKOTERA KONSULT SDN. BHD.,,,,,,,,,
EKOVEST BERHAD,,,,,,,,,
EKOVEST CONSTRUCTION SDN. BHD.,,,,,,,,,
EKOWOOD MALAYSIA SDN. BHD.,,,,,,,,,
EKUITI INDAH SDN. BHD.,,,,,,,,,
ELAY CONSTRUCTION SDN. BHD.,,,,,,,,,
ELAY PROJECT SDN. BHD.,,,,,,,,,
ELITE ALLIANCE ENGINEERING SDN. BHD.,,,,,,,,,
ELIZON CONSTRUCTION SDN. BHD.,,,,,,,,,
ELK SDN. BHD.,,,,,,,,,
ELMIBINA SDN. BHD.,,,,,,,,,
EM EXPERT SDN. BHD.,,,,,,,,,
EMPADA SDN BHD,,,,,,,,,
EMPIRE BUILDING FACILITIES SDN. BHD.,,,,,,,,,
ENDONA CORPORATION SDN. BHD.,,,,,,,,,
ENERGY EQUIPMENT TECH SDN. BHD.,,,,,,,,,
ENI SPECIALIST SDN. BHD.,,,,,,,,,
ENITIAL BUILDER SDN. BHD.,,,,,,,,,
ENRICH PROPERTY DEVELOPMENT SDN. BHD.,,,,,,,,,
ENSIGNIA CONSTRUCTION SDN. BHD.,,,,,,,,,
ENSITEC ENGINEERING SDN. BHD.,,,,,,,,,
ENVIROS SURVEY & CONSULTANCY SDN. BHD.,,,,,,,,,
EPIC CORPORATION SDN. BHD.,,,,,,,,,
EPIC WIRAWANS SDN. BHD.,,,,,,,,,
EQUIMATICS ENGINEERING SDN. BHD.,,,,,,,,,
ERA MAJU TEKNIK SDN. BHD.,,,,,,,,,
ERS ENERGY SDN. BHD.,,,,,,,,,
ES-FATH GROUP (M) SDN. BHD.,,,,,,,,,
ESPLANADE BUILDERS SDN. BHD.,,,,,,,,,
ESSEM CORPORATION SDN. BHD.,,,,,,,,,
ESTEEM VENTURE BUILDER (M) SDN. BHD.,,,,,,,,,
ETONE GEOTECHNICAL (MALAYSIA) SDN. BHD.,,,,,,,,,
EUREKA WAJA SDN. BHD.,,,,,,,,,
EURO RAILS (M) SDN. BHD.,,,,,,,,,
EURO SAGA SDN. BHD.,,,,,,,,,
EURODECK SDN. BHD.,,,,,,,,,
EWANZ GEMILANG SDN. BHD.,,,,,,,,,
EXCEL PIPES SDN. BHD.,,,,,,,,,
EXCELLENT VISION TECHNOLOGY SDN. BHD.,,,,,,,,,
EXCITE ENGINEERING SDN. BHD.,,,,,,,,,
EXITO PRIMA SDN. BHD.,,,,,,,,,
EXSIM CONCEPTO SDN. BHD.,,,,,,,,,
F&O ENGINEERING SDN. BHD.,,,,,,,,,
F.C.Y. CONSTRUCTION SDN. BHD.,,,,,,,,,
FABLE SYSTEM SDN. BHD.,,,,,,,,,
FALCONZ EQUIPMENT SERVICES SDN. BHD.,,,,,,,,,
FANTASI NILAM SDN. BHD.,,,,,,,,,
FASTCOLL CORPORATION SDN. BHD.,,,,,,,,,
FELCRA BINA SDN. BHD.,,,,,,,,,
FELCRA PROCESSING & ENGINEERING SDN. BHD.,,,,,,,,,
FFM ENGINEERING SDN. BHD.,,,,,,,,,
FGV PRODATA SYSTEMS SDN. BHD.,,,,,,,,,
FIBERNET COMMUNICATIONS (M) SDN. BHD.,,,,,,,,,
FIBRECOMM NETWORK (M) SDN. BHD.,,,,,,,,,
FIMA TECHNOLOGY SDN. BHD.,,,,,,,,,
FIRDAUS & ASSOCIATES PROPERTY MANAGEMENT SERVICES SDN. BHD.,,,,,,,,,
FLOSYM SDN. BHD.,,,,,,,,,
FLOWFUEL SDN. BHD.,,,,,,,,,
FNA BUILDERS & SERVICES SDN. BHD.,,,,,,,,,
FOKUS ERA MAJU SDN. BHD.,,,,,,,,,
FORMULA MUTAKHIR (M) SDN. BHD.,,,,,,,,,
FORTUNE ANGEL SDN. BHD.,,,,,,,,,
FORTUNE FACADE TREATMENT SDN. BHD.,,,,,,,,,
FOTECH SWG SDN. BHD.,,,,,,,,,
FOUNDTECH SDN.BHD.,,,,,,,,,
FRESHTEL INTERNET SDN. BHD.,,,,,,,,,
FREYSSINET PSC (M) SDN. BHD.,,,,,,,,,
FRONT CONNECT SDN. BHD.,,,,,,,,,
FUGRO MALAYSIA MARINE SDN. BHD.,,,,,,,,,
FUJI DNDT SDN. BHD.,,,,,,,,,
GADANG ENGINEERING (M) SDN. BHD.,,,,,,,,,
GAGASAN MAYA SDN. BHD.,,,,,,,,,
GAINCOST (M) SDN. BHD.,,,,,,,,,
GAJAN TRADING ( MALAYSIA ) SDN. BHD.,,,,,,,,,
GALAXY HEART SDN. BHD.,,,,,,,,,
GANDA SENTRAL SDN. BHD.,,,,,,,,,
GANTI JUARA SDN. BHD.,,,,,,,,,
GAS ALTIMATE SERVICES SDN. BHD.,,,,,,,,,
GAYA INDAH SDN. BHD.,,,,,,,,,
GBC INTERIOR & ENGINEERING SDN. BHD.,,,,,,,,,
GEMBIRA BINA SDN. BHD.,,,,,,,,,
GEMILANG M & E SDN. BHD.,,,,,,,,,
GENTARI GREEN MOBILITY SDN. BHD.,,,,,,,,,
GEO BUMI SDN. BHD.,,,,,,,,,
GEO WORKS SDN. BHD.,,,,,,,,,
GEOHAN SDN. BHD.,,,,,,,,,
GEOPANCAR SDN. BHD.,,,,,,,,,
GEOPILE ENGINEERING SDN. BHD.,,,,,,,,,
GERBANG ELIT CONSTRUCTION SDN. BHD.,,,,,,,,,
GERMGUARD TECHNOLOGIES (M) SDN. BHD.,,,,,,,,,
GFK ENTERPRISE SDN. BHD.,,,,,,,,,
GIATREKA SDN. BHD.,,,,,,,,,
GIGATERA (M) SDN. BHD.,,,,,,,,,
GLOBAL BUILT SDN. BHD.,,,,,,,,,
GLOBAL LINKS BD SDN. BHD.,,,,,,,,,
GLOBAL MARINE VENTURES SDN. BHD.,,,,,,,,,
GLOBAL RAIL SDN. BHD.,,,,,,,,,
GLOBAL TECHNOLOGICAL SUPPORT SDN. BHD.,,,,,,,,,
GLOBAL VIEW ENGINEERING SDN. BHD.,,,,,,,,,
GLOBE ENGINEERING SDN BHD,,,,,,,,,
GLOBEFIX SDN. BHD.,,,,,,,,,
GLO-CAL BUILDER SDN. BHD.,,,,,,,,,
GLOCON BUILDER SDN. BHD.,,,,,,,,,
GLOMAC BINA SDN. BHD.,,,,,,,,,
GLT DESIGN BUILD SDN. BHD.,,,,,,,,,
GN ENERGY SDN. BHD.,,,,,,,,,
GORUDEN SDN. BHD.,,,,,,,,,
GRAND FLAME SDN. BHD.,,,,,,,,,
GRANSTEP DEVELOPMENT SDN. BHD.,,,,,,,,,
GRAPHENE SYNERGY SDN. BHD.,,,,,,,,,
GREAT EGYPT DECO SDN. BHD.,,,,,,,,,
GREEN APPLE GALLERY SDN. BHD.,,,,,,,,,
GREEN BELT SYNERGY SDN. BHD.,,,,,,,,,
GREEN ENABLE TECHNOLOGIES SDN. BHD.,,,,,,,,,
GREEN LAGOON TECHNOLOGY SDN. BHD.,,,,,,,,,
GREEN VISTA SDN. BHD.,,,,,,,,,
GREENOZA SDN. BHD.,,,,,,,,,
GREENVILLE LANDSCAPE SDN.BHD.,,,,,,,,,
GSPARX SDN. BHD.,,,,,,,,,
GTP NETWORK SDN. BHD.,,,,,,,,,
GULF SUBSEA SDN. BHD.,,,,,,,,,
HABIB INFO-COM TECH SDN.BHD.,,,,,,,,,
HAIDARI ENGINEERING SDN. BHD.,,,,,,,,,
HALLSON CONSTRUCTION SDN. BHD.,,,,,,,,,
HALUAN PRISMA SDN. BHD.,,,,,,,,,
HANDY BUILDER SDN. BHD.,,,,,,,,,
HANDY CONSTRUCTION SDN. BHD.,,,,,,,,,
HANITEK SDN. BHD.,,,,,,,,,
HANZ LIVING SDN. BHD.,,,,,,,,,
HAP SENG LAND DEVELOPMENT (PUCHONG) SDN. BHD.,,,,,,,,,
HARITAZ ENGINEERING SDN. BHD.,,,,,,,,,
HARTA PRIMA REALTIES SDN. BHD.,,,,,,,,,
HARTABINA SDN. BHD.,,,,,,,,,
HARTAMAS CERIA SDN. BHD.,,,,,,,,,
HASIL CONSTRUCTION SDN. BHD.,,,,,,,,,
HAU SING SDN. BHD.,,,,,,,,,
HAWANJA NIAGA SDN. BHD.,,,,,,,,,
HEKTARIA SDN. BHD.,,,,,,,,,
HELMS GEOMARINE SDN. BHD.,,,,,,,,,
HENG FATT PLUMBING SDN. BHD.,,,,,,,,,
HEROSS SDN. BHD.,,,,,,,,,
HEXAGON ENERGY LOGISTICS SDN. BHD.,,,,,,,,,
HG POWER TRANSMISSION SDN. BHD.,,,,,,,,,
HIAP LECK CONSTRUCTION & TRADING (M) SDN. BHD.,,,,,,,,,
HIGH SPEED PLUMBING SDN. BHD.,,,,,,,,,
HIGHBASE STRATEGIC SDN. BHD.,,,,,,,,,
HILIRAN BINA SDN. BHD.,,,,,,,,,
HITACHI ELEVATOR ENGINEERING (MALAYSIA) SDN. BHD.,,,,,,,,,
HL ENGINEERING AND CONSTRUCTION SDN. BHD.,,,,,,,,,
HLS BINA JAYA SDN. BHD.,,,,,,,,,
HMK BINA SDN. BHD.,,,,,,,,,
HOCK SENG TRADING & CONSTRUCTION,,,,,,,,,
HOE YEE TRADING,,,,,,,,,
HON & CHEAH CONSTRUCTION & TILING SDN. BHD.,,,,,,,,,
HON ENGINEERING SDN. BHD.,,,,,,,,,
HONEST RENOVATION SDN. BHD.,,,,,,,,,
HONEYWELL ENGINEERING SDN. BHD,,,,,,,,,
HOONG KONG LETRIK SDN. BHD.,,,,,,,,,
HOUKINYAU SDN. BHD.,,,,,,,,,
HQ TILING CONSTRUCTION,,,,,,,,,
HRA TEGUH SDN. BHD.,,,,,,,,,
HSL BUILDERS SDN. BHD.,,,,,,,,,
HTB RESOURCES SDN. BHD.,,,,,,,,,
HTEAM INTERIOR SDN. BHD.,,,,,,,,,
HYUNDAI ELEVATOR SALES & SERVICES SDN. BHD.,,,,,,,,,
I & L ENGINEERING SDN. BHD.,,,,,,,,,
I GREEN ENGINEERING SDN. BHD.,,,,,,,,,
IBUILDERS E&C SDN. BHD.,,,,,,,,,
ID GLOBE DESIGN (M) SDN. BHD.,,,,,,,,,
ID HYDRAULIC SDN. BHD.,,,,,,,,,
IDA CONSTRUCTION SDN. BHD.,,,,,,,,,
IDAMAN DIGITAL NETWORK SDN. BHD.,,,,,,,,,
IDAMAN JAYA SDN. BHD.,,,,,,,,,
IDEAL RANGE SDN. BHD.,,,,,,,,,
IDEAL SYSTEMS (MALAYSIA) SDN. BHD.,,,,,,,,,
IDM NEXUS SDN. BHD.,,,,,,,,,
IIR ENGINEERING,,,,,,,,,
IIR ENGINEERING (M) SDN. BHD.,,,,,,,,,
IKHA VENTURES SDN. BHD.,,,,,,,,,
ILLHAM LEGACY (M) SDN. BHD.,,,,,,,,,
ILMIAH PERDANA SDN. BHD.,,,,,,,,,
IMAX CONSTRUCTION SDN. BHD.,,,,,,,,,
IN INTERIOR DESIGN BUILD SDN. BHD.,,,,,,,,,
INFO-MATIC POWER SDN. BHD.,,,,,,,,,
INFRA LEKAS SDN. BHD.,,,,,,,,,
INFRA SEGI SDN. BHD.,,,,,,,,,
INFRAHARTA SDN. BHD.,,,,,,,,,
INGRESS DELTA CONSTRUCTION SDN. BHD.,,,,,,,,,
INNOPAVE SDN. BHD.,,,,,,,,,
INNOVA SYNERGY SDN. BHD.,,,,,,,,,
INNOVATIVE SYNERGY SOLUTIONS SDN. BHD.,,,,,,,,,
INOVASI KRISTAL SDN. BHD.,,,,,,,,,
INSHEN CONSTRUCTION SDN. BHD.,,,,,,,,,
INTBUILD CONCEPT SDN. BHD.,,,,,,,,,
INTEGRATED AUDIO VISUAL SDN. BHD.,,,,,,,,,
INTELLIKONNECT (MALAYSIA) SDN. BHD.,,,,,,,,,
INTERSIT OFFICE SDN. BHD.,,,,,,,,,
INTERSONIKON ENGINEERING SDN. BHD.,,,,,,,,,
IRKAZ BUILDERS SDN. BHD.,,,,,,,,,
IRRADIANCE SOLUTION SDN. BHD.,,,,,,,,,
ISE AIR-COND. & ENGINEERING SDN. BHD.,,,,,,,,,
ISWANGSA SDN. BHD.,,,,,,,,,
JACK-IN PILE (M) SDN. BHD.,,,,,,,,,
JALINAN SENADA SDN. BHD.,,,,,,,,,
JANA NIAGA SDN. BHD.,,,,,,,,,
JARINGAN NADI TEKNOLOGI SDN. BHD.,,,,,,,,,
JASMADU SDN. BHD.,,,,,,,,,
JAYA TEGUH CONSTRUCTION SDN. BHD.,,,,,,,,,
JEJAK TEKNOLOGI SDN. BHD.,,,,,,,,,
JEWEL BUILDERS & RESOURCES (M) SDN. BHD.,,,,,,,,,
JIAAN BUILDERS SDN. BHD.,,,,,,,,,
JIM & HALL ' S SDN. BHD.,,,,,,,,,
JING SHENG CONSTRUCTION & ENGINEERING SDN. BHD.,,,,,,,,,
JK BUILDERS AND ENGINEERING SDN. BHD.,,,,,,,,,
JKV CONSTRUCTION SDN. BHD.,,,,,,,,,
JLG CENTRIX SDN. BHD.,,,,,,,,,
JME HOLDINGS (M) SDN. BHD.,,,,,,,,,
JMT INFRA BINA,,,,,,,,,
JOHAN WASTEWATER TREATMENT SDN. BHD.,,,,,,,,,
JOHNSON FLUID ENGINEERING SDN. BHD.,,,,,,,,,
JPZ CONSTRUCTION & ENGINEERING SDN. BHD.,,,,,,,,,
JR JATIDIRI SDN. BHD.,,,,,,,,,
JUARA CAHAYA SDN. BHD.,,,,,,,,,
JUBILANT PROJECT SDN. BHD.,,,,,,,,,
JURU WAJAR SDN. BHD.,,,,,,,,,
JURUBINA EXPERTO SDN. BHD.,,,,,,,,,
JURUSTEEL ENGINEERING SDN. BHD.,,,,,,,,,
JUSGREAT GLOBAL SDN. BHD.,,,,,,,,,
K INDUSTRIAL E&C SDN. BHD.,,,,,,,,,
K S YAP SANITARY & PLUMBING WORKS SDN. BHD.,,,,,,,,,
KAB ENERGY HOLDINGS SDN. BHD.,,,,,,,,,
KAB SMART SOLAR ENERGY SDN. BHD.,,,,,,,,,
KAIZEN CAPITAL SDN. BHD.,,,,,,,,,
KARISMA CIPTA SDN. BHD.,,,,,,,,,
KASMUDA SDN. BHD.,,,,,,,,,
KASUGI PRIMA SDN. BHD.,,,,,,,,,
KAYANGAN JITU TEGUH SDN. BHD.,,,,,,,,,
KAZI CONSTRUCTION SDN. BHD.,,,,,,,,,
KEJORA POSITIF SDN. BHD.,,,,,,,,,
KEJURUTERAAN BROAD-WAY SDN. BHD.,,,,,,,,,
KEJURUTERAAN RICHEARN SDN. BHD.,,,,,,,,,
KEJURUTERAAN TEKNIK CERDAS SDN. BHD.,,,,,,,,,
KEJURUTERAAN TWL SDN. BHD.,,,,,,,,,
KEJURUTERAAN WARISAN TEKNIK SDN. BHD.,,,,,,,,,
KEMAJUAN ALUMINIUM (M) SDN. BHD.,,,,,,,,,
KEMAJUAN AMOY HYDRO SDN. BHD.,,,,,,,,,
KEMBANG SERANTAU SDN. BHD.,,,,,,,,,
KEMUNCAK PESAKA SDN. BHD.,,,,,,,,,
KEN REACH BUILDERS SDN. BHD.,,,,,,,,,
KENANN ENGINEERING (M) SDN. BHD.,,,,,,,,,
KENCANA BAKTI SDN. BHD.,,,,,,,,,
KERJAYA PROSPEK (M) SDN. BHD.,,,,,,,,,
KET-KENSON BERHAD,,,,,,,,,
KEYFIELD OFFSHORE SDN. BHD.,,,,,,,,,
KHADRA VENTURES SDN. BHD.,,,,,,,,,
KHANG XIANG ENTERPRISE SDN. BHD.,,,,,,,,,
KHUBINA JAYA SDN. BHD.,,,,,,,,,
KIMMORA ELECTRICAL SDN. BHD.,,,,,,,,,
KINERGY ADVANCEMENT BERHAD,,,,,,,,,
KINTA SEJATI SDN. BHD.,,,,,,,,,
KISMET ENGINEERING TECHNOLOGIES SDN. BHD.,,,,,,,,,
KJ ENGINEERING SDN BHD.,,,,,,,,,
KJ TECHNICAL SERVICES SDN. BHD.,,,,,,,,,
KK WOO ELECTRICAL ENGINEERING SDN. BHD.,,,,,,,,,
KKC SYNERGY SDN. BHD.,,,,,,,,,
KKIBS SDN. BHD.,,,,,,,,,
KLROOM DOT COM SDN. BHD.,,,,,,,,,
KNH ENGINEERING & CONSTRUCTION (M) SDN. BHD.,,,,,,,,,
KONSESI PUSAT ASASI GAMBANG SDN. BHD.,,,,,,,,,
KONSORTIUM KONTRAKTOR MELAYU SDN. BHD.,,,,,,,,,
KONSORTIUM PROHAWK SDN. BHD.,,,,,,,,,
KOP CONSTRUCTION SERVICES (MALAYSIA) SDN. BHD.,,,,,,,,,
KOPERASI KESATUAN GURU-GURU MELAYU MALAYSIA BARAT BHD,,,,,,,,,
KOPERASI PESERTA - PESERTA FELCRA MALAYSIA BERHAD,,,,,,,,,
KOPERASI SAHABAT AMANAH IKHTIAR MALAYSIA (KOOP SAHABAT) BERHAD,,,,,,,,,
KOPETRO TRADING & SERVICES SDN. BHD.,,,,,,,,,
KORUS INTERIOR SDN. BHD.,,,,,,,,,
KOSAMEWAH CONSTRUCTION SDN. BHD.,,,,,,,,,
KOSMO SETEGAS SDN. BHD.,,,,,,,,,
KOSTEGAP CONSTRUCTION SDN. BHD.,,,,,,,,,
KOWEN ENGINEERING SDN. BHD.,,,,,,,,,
KSP PROJECT SDN. BHD.,,,,,,,,,
KSV ENGINEERING SDN. BHD.,,,,,,,,,
KTC CONSTRUCTION SDN. BHD.,,,,,,,,,
KUASA TEGAP SDN. BHD.,,,,,,,,,
KUB POWER SDN. BHD.,,,,,,,,,
KUKOH BINA SDN BHD,,,,,,,,,
KUMPULAN AWAMBINA SDN BHD,,,,,,,,,
KUMPULAN BINA DAYA ELEKTRIK SDN. BHD.,,,,,,,,,
KUMPULAN CLO BERSEKUTU SDN. BHD.,,,,,,,,,
KUMPULAN INDAHJAYA SDN. BHD.,,,,,,,,,
KURNIA EKUITI SDN. BHD.,,,,,,,,,
KW CONSTRUCTION SDN. BHD.,,,,,,,,,
KZ JAYA CONSTRUCTION SDN. BHD.,,,,,,,,,
L & W TILING SDN. BHD.,,,,,,,,,
L.C.B. MANAGEMENT SDN. BHD.,,,,,,,,,
LA PINANG SDN. BHD.,,,,,,,,,
LAMBAIAN FAJAR SDN. BHD.,,,,,,,,,
LAMKIT PLUMBING SDN. BHD.,,,,,,,,,
LANDAS EFEKTIF SDN. BHD.,,,,,,,,,
LANDASAN LUMAYAN BERJAYA SDN. BHD.,,,,,,,,,
LANTRO (MALAYSIA) SDN. BHD.,,,,,,,,,
LATIMER CORPORATION SDN. BHD.,,,,,,,,,
LEE LANDSCAPE SDN. BHD.,,,,,,,,,
LEGEND SAN SDN. BHD.,,,,,,,,,
LEOPAD RENEWABLE ENERGY SDN. BHD.,,,,,,,,,
LEXINGTON SDN. BHD.,,,,,,,,,
LEXURA HOLDING SDN. BHD.,,,,,,,,,
LGB ENGINEERING SDN. BHD.,,,,,,,,,
LH CONSTRUCTION & ENGINEERING SDN. BHD.,,,,,,,,,
LHL DIXON BUILDER SDN. BHD.,,,,,,,,,
LHYNO VISION SDN. BHD.,,,,,,,,,
LIGHT AND POWER CONSTRUCTION SDN. BHD.,,,,,,,,,
LIM CHIN ELECTRICAL ENGINEERING SDN. BHD.,,,,,,,,,
LIM HOO SENG CONSTRUCTION SDN. BHD.,,,,,,,,,
LINEAR ARENA SDN. BHD.,,,,,,,,,
LINEAR CREST PETROLEUM SDN. BHD.,,,,,,,,,
LINGKARAN KUALITI SDN. BHD.,,,,,,,,,
LINGKARAN YAKIN SDN. BHD.,,,,,,,,,
LION PACIFIC SDN. BHD.,,,,,,,,,
LIONG KEAN PLUMBING SDN. BHD.,,,,,,,,,
LIONG M&E ENGINEERING SDN. BHD.,,,,,,,,,
LJE SDN. BHD.,,,,,,,,,
LKY & SONS BUILDERS SDN. BHD.,,,,,,,,,
LLC INFRA SDN. BHD.,,,,,,,,,
LLC WET JV SDN. BHD.,,,,,,,,,
LNE BUILDERS SDN. BHD.,,,,,,,,,
LOW KENG HUAT BERHAD,,,,,,,,,
LOYAL ENGINEERING SDN. BHD.,,,,,,,,,
LPS CONSTRUCTION SDN. BHD.,,,,,,,,,
LS AXIS CIRCLE (M) SDN. BHD.,,,,,,,,,
LSH BEST BUILDERS SDN. BHD.,,,,,,,,,
LSL BUILDER SDN. BHD.,,,,,,,,,
LUMI AMBIENCE SDN. BHD.,,,,,,,,,
LUXBEE ENTERPRISE SDN. BHD.,,,,,,,,,
LW GROUP SDN. BHD.,,,,,,,,,
LWE ENGINEERING SDN. BHD.,,,,,,,,,
LWT BUILDER SDN. BHD.,,,,,,,,,
LY QUALITY CONSTRUCTION SDN. BHD.,,,,,,,,,
LYC JAYA SDN. BHD.,,,,,,,,,
LYS MECHANICAL SDN. BHD.,,,,,,,,,
LZT CONSTRUCTION,,,,,,,,,
MAAISHA (M) SDN. BHD.,,,,,,,,,
MAAISHA CONSTRUCTION SDN. BHD.,,,,,,,,,
MABCON ENERGY SDN. BHD.,,,,,,,,,
MABUCO SDN. BHD.,,,,,,,,,
MACAIN ENERGY SERVICES SDN. BHD.,,,,,,,,,
MACHSKILLS MACHINERY SDN. BHD.,,,,,,,,,
MAGNA HAVEN SDN. BHD.,,,,,,,,,
MAHA ASIA GLOBAL SDN. BHD.,,,,,,,,,
MAHA MERWAH SDN. BHD.,,,,,,,,,
MAJESTIC ENGINEERING SDN. BHD.,,,,,,,,,
MAJORITI BIORISTA SDN. BHD.,,,,,,,,,
MAJU TEMASEK ENGINEERING SDN. BHD.,,,,,,,,,
MAJUTERA SDN. BHD.,,,,,,,,,
MAJUTERA TECHNOLOGIES SDN. BHD.,,,,,,,,,
MAKASSAR ENGINEERING & CONSTRUCTION SDN. BHD.,,,,,,,,,
MALAKOFF TECHNICAL SOLUTIONS SDN. BHD.,,,,,,,,,
MALAYSIA TRANSFORMER MANUFACTURING SDN. BHD.,,,,,,,,,
MALAYSIAN CHEMICAL ENGINEERING TECHNOLOGIES (M) SDN. BHD.,,,,,,,,,
MALAYSIAN RESOURCES CORPORATION BERHAD,,,,,,,,,
MALIK STREAMS CORPORATION SDN. BHD.,,,,,,,,,
MALINTA CORPORATION SDN. BHD.,,,,,,,,,
MANDY CORPORATION SDN. BHD.,,,,,,,,,
MANTRA DESIGN SDN. BHD.,,,,,,,,,
MARA INCORPORATED SDN. BHD.,,,,,,,,,
MARITIME CONSULT (M) SDN. BHD.,,,,,,,,,
MARSHALL ENGINEERING SDN. BHD.,,,,,,,,,
MASH FOUR SDN. BHD.,,,,,,,,,
MASICO ENGINEERING SDN. BHD.,,,,,,,,,
MASICO M & E SERVICES SDN. BHD.,,,,,,,,,
MASSIVE SERVICES (M) SDN. BHD.,,,,,,,,,
MASTEK OIL TOOLS SDN. BHD.,,,,,,,,,
MATCO (MALAYSIA) SDN. BHD.,,,,,,,,,
MATRIX PARTNER SDN. BHD.,,,,,,,,,
MATSUOKA PROJECTS (M) SDN. BHD.,,,,,,,,,
MAWAR ABADI (M) SDN. BHD.,,,,,,,,,
MAXALON CORPORATION SDN. BHD.,,,,,,,,,
MAXI STEEL & ALUMINIUM INDUSTRIES SDN. BHD.,,,,,,,,,
MAXIMUS SERVICES SDN. BHD.,,,,,,,,,
MAXIS BROADBAND SDN. BHD.,,,,,,,,,
MAXSPEED ENGINEERING (M) SDN. BHD.,,,,,,,,,
MAXVEC SDN. BHD.,,,,,,,,,
MAYA MAJU (M) SDN. BHD.,,,,,,,,,
MAYURA BUILDERS SDN. BHD.,,,,,,,,,
MB MAJU CONSTRUCTION SDN. BHD.,,,,,,,,,
MB SAHI MULTIPOOL HOLDING (M) SDN. BHD.,,,,,,,,,
MBC BUILDERS SDN. BHD.,,,,,,,,,
MBF BUILDING TECHNOLOGY SDN. BHD.,,,,,,,,,
MEACS CONSTRUCTION SDN. BHD.,,,,,,,,,
MECA SOLUTION SDN. BHD.,,,,,,,,,
MEDIA SIGNS SDN BHD,,,,,,,,,
MEDIVEST SDN. BHD.,,,,,,,,,
MEGA ENVISION SDN. BHD.,,,,,,,,,
MEGA MULIA ENGINEERING SDN. BHD.,,,,,,,,,
MEGA SEDAYA CONSTRUCTION SDN. BHD.,,,,,,,,,
MEGA TECH ACMV SDN. BHD.,,,,,,,,,
MEGAH PERKASA SDN. BHD.,,,,,,,,,
MEGASOLVE SDN. BHD.,,,,,,,,,
MENARA REZEKI SDN. BHD.,,,,,,,,,
MENG WAH ELECTRICAL SDN. BHD.,,,,,,,,,
MENTA CONSTRUCTION SDN. BHD.,,,,,,,,,
MEPRO JAYA ENGINEERING SDN. BHD.,,,,,,,,,
MERGER INSIGHT (M) SDN. BHD.,,,,,,,,,
MERGER INSIGHT BUILDERS SDN. BHD.,,,,,,,,,
MERPATI SELAMAT SDN. BHD.,,,,,,,,,
MERU PERKASA SDN. BHD.,,,,,,,,,
METHODS ALLIANCE ENGINEERING SDN. BHD.,,,,,,,,,
METRICS GLOBAL SDN. BHD.,,,,,,,,,
METRO SYNERGY ELECTRICAL SDN. BHD.,,,,,,,,,
MFT ENTERPRISE SDN. BHD.,,,,,,,,,
MICRO ENERGY HOLDINGS (M) SDN. BHD.,,,,,,,,,
MICRO TECHNOLOGY SOLUTION SDN. BHD.,,,,,,,,,
MILMIX SDN. BHD.,,,,,,,,,
MIN CONCEPTS SDN. BHD.,,,,,,,,,
MIR DEVELOPMENT (M) SDN. BHD.,,,,,,,,,
MIRAGO INTERNATIONAL SDN. BHD.,,,,,,,,,
MIRO BUMI ENGINEERING (M) SDN. BHD.,,,,,,,,,
MIRZA SYNERGY SDN. BHD.,,,,,,,,,
MISC MARITIME SERVICES SDN. BHD.,,,,,,,,,
MISI SETIA SDN. BHD.,,,,,,,,,
MIX-TARGET (M) SDN. BHD.,,,,,,,,,
MIZURA SDN. BHD.,,,,,,,,,
MK NETWORKS GROUP SDN. BHD.,,,,,,,,,
MK PAVILION SDN. BHD.,,,,,,,,,
MKA TECH SDN. BHD.,,,,,,,,,
MMC CORPORATION BERHAD,,,,,,,,,
MMC ENGINEERING & CONSTRUCTION SDN. BHD.,,,,,,,,,
MMC ENGINEERING SDN. BHD.,,,,,,,,,
MMR RECYCLING (M) SDN. BHD.,,,,,,,,,
MOD SYSTEM SDN. BHD.,,,,,,,,,
MODAL ANUGERAH SDN. BHD.,,,,,,,,,
MOLEK ENGINEERING SDN. BHD.,,,,,,,,,
MOMINNOVATION SDN. BHD.,,,,,,,,,
MOTIVE MAINTENANCE & CONSTRUCTION SDN. BHD.,,,,,,,,,
MPIRE LAND SDN. BHD.,,,,,,,,,
MR ENGINEERING & CONSTRUCTION SDN. BHD.,,,,,,,,,
MRA UNIVERSAL SDN. BHD.,,,,,,,,,
MRCB BUILDERS SDN. BHD.,,,,,,,,,
MRCB ENVIRONMENTAL SERVICES SDN. BHD.,,,,,,,,,
MSE DOTNET SDN. BHD.,,,,,,,,,
MSS TEGUHBINA SDN. BHD.,,,,,,,,,
MTD CONSTRUCTION SDN. BHD.,,,,,,,,,
MTL CONSTRUCTION SDN. BHD.,,,,,,,,,
MUDAHJUTA INDUSTRIES SDN BHD,,,,,,,,,
MUHIBAH KONSORTIUM HOLDINGS SDN. BHD.,,,,,,,,,
MULTI DEMOLITION SDN. BHD.,,,,,,,,,
MULTI DISCOVERY SDN. BHD.,,,,,,,,,
MULTIGUNA CONSTRUCTION & DEVELOPMENT SDN. BHD.,,,,,,,,,
MULTIPLE BUILDERS SDN. BHD.,,,,,,,,,
MUTUAL PREMIUM SDN. BHD.,,,,,,,,,
MYCENTRAL (M) SDN. BHD.,,,,,,,,,
MYDECOR MARKETING SDN. BHD.,,,,,,,,,
MZFIVE INFRASTRUCTURE & ENERGY SDN. BHD.,,,,,,,,,
NADA HAKIKI SDN. BHD.,,,,,,,,,
NAKANO CONSTRUCTION SDN. BHD.,,,,,,,,,
NARA IMPIAN SDN. BHD.,,,,,,,,,
NARABAC ENGINEERING SDN. BHD.,,,,,,,,,
NAS GLOBAL CONSTRUCTION SDN. BHD.,,,,,,,,,
NATIONWIDE TIARA (M) SDN. BHD.,,,,,,,,,
NBH SDN. BHD.,,,,,,,,,
NCE ABRASH SDN. BHD.,,,,,,,,,
NELTON ENGINEERING SDN. BHD.,,,,,,,,,
NENG KAN CONSTRUCTION SDN. BHD.,,,,,,,,,
NETTLETON TRIBE & CHEW SDN. BHD.,,,,,,,,,
NEW ERA CREATION SDN. BHD.,,,,,,,,,
NEWPHASE INTERIORS SDN. BHD.,,,,,,,,,
NEWWIN ENGINEERING (M) SDN. BHD.,,,,,,,,,
NEXVIRO DEMOLITION & RECOVERY SDN. BHD.,,,,,,,,,
NIA VENTURES SDN. BHD.,,,,,,,,,
NIAT SUCI SDN. BHD.,,,,,,,,,
NICOOL SDN BHD,,,,,,,,,
NINETEEN CONSTRUCTION SDN. BHD.,,,,,,,,,
NIPUN RESOURCES SDN. BHD.,,,,,,,,,
NIXA GLOBAL SDN. BHD.,,,,,,,,,
NORANGKASA ENTERPRISE SDN. BHD.,,,,,,,,,
NORTH SOIL ENG (M) SDN. BHD.,,,,,,,,,
NORTHERN BORNEO ENGINEERING SDN. BHD.,,,,,,,,,
NOVAMI HOLDINGS SDN. BHD.,,,,,,,,,
NUR BUILDING CONSTRUCTION SDN. BHD.,,,,,,,,,
NUR MANHA SDN. BHD.,,,,,,,,,
NUSANILAI SDN. BHD.,,,,,,,,,
OHB BUILDERS SDN. BHD.,,,,,,,,,
OMEGA ENGINEERING SDN. BHD.,,,,,,,,,
OMNI-5G SDN. BHD.,,,,,,,,,
ONE NATIONAL SDN. BHD.,,,,,,,,,
ONE OCEAN ENVIRONMENT SDN. BHD.,,,,,,,,,
ONE SUNRISE MANAGEMENT SDN. BHD.,,,,,,,,,
ONE-BUILTWELL ASSOCIATES (M) SDN. BHD.,,,,,,,,,
ONEWORKS NEW ENERGY SDN. BHD.,,,,,,,,,
ONTRACGO SDN. BHD.,,,,,,,,,
OPDEX ENGINEERING SERVICES SDN. BHD.,,,,,,,,,
OPTIMA WINDOW SDN. BHD.,,,,,,,,,
OPTIMUM BINA PLUS SDN. BHD.,,,,,,,,,
OPUS ENERGY SDN. BHD.,,,,,,,,,
ORACLE HALLMARK SDN. BHD.,,,,,,,,,
ORCHID LEGACY SDN. BHD.,,,,,,,,,
ORIONPLUS CONSTRUCTION (M) SDN. BHD.,,,,,,,,,
OSK CONSTRUCTION SDN. BHD.,,,,,,,,,
OSK DESIGN SDN. BHD.,,,,,,,,,
OSK ENGINEERING SDN. BHD.,,,,,,,,,
OTA TUNNEL SQUAD SDN. BHD.,,,,,,,,,
OVAL SUCCESS SDN. BHD.,,,,,,,,,
OZLUX SDN. BHD.,,,,,,,,,
P&L FLOORING SDN. BHD.,,,,,,,,,
P.E.S.B. ENGINEERING SDN. BHD.,,,,,,,,,
PADU DESIGN ALLY SDN. BHD.,,,,,,,,,
PADU SEDIA SDN. BHD,,,,,,,,,
PAN SEJATI DEVELOPMENT (M) SDN. BHD.,,,,,,,,,
PANCA MUARA SDN. BHD.,,,,,,,,,
PANFLEX SDN. BHD.,,,,,,,,,
PANWATER ENGINEERING SDN. BHD.,,,,,,,,,
PAPAN GENTIAN MAJU SDN. BHD.,,,,,,,,,
PARSONS BINA SDN. BHD.,,,,,,,,,
PDI DESIGN & ASSOCIATES SDN. BHD.,,,,,,,,,
PELANGI WIRA (M) SDN. BHD.,,,,,,,,,
PELANTAR INSAN (M) SDN. BHD.,,,,,,,,,
PELITA SELATAN SDN. BHD.,,,,,,,,,
PEMBENAAN LEOW TUCK CHUI & SONS SDN. BHD.,,,,,,,,,
PEMBINAAN AKTIF GEMILANG SDN. BHD.,,,,,,,,,
PEMBINAAN AMAN GEMILANG SDN. BHD.,,,,,,,,,
PEMBINAAN BINTANG BARU SDN. BHD.,,,,,,,,,
PEMBINAAN BY SDN. BHD.,,,,,,,,,
PEMBINAAN C W YAP SDN. BHD.,,,,,,,,,
PEMBINAAN C.M.W. SDN. BHD.,,,,,,,,,
PEMBINAAN CEMERLANG EMAS (M) SDN. BHD.,,,,,,,,,
PEMBINAAN DANAU LUMAYAN SDN. BHD.,,,,,,,,,
PEMBINAAN ERAT OPTIMA SDN. BHD.,,,,,,,,,
PEMBINAAN HAMID ABD. RAHMAN SDN. BHD.,,,,,,,,,
PEMBINAAN INFRA E & J SDN. BHD.,,,,,,,,,
PEMBINAAN INFRASTRUKTUR OKH SDN. BHD.,,,,,,,,,
PEMBINAAN JAYA CERGAS SDN. BHD.,,,,,,,,,
PEMBINAAN JURUBINA SDN. BHD.,,,,,,,,,
PEMBINAAN MEGA PRESTASI SDN. BHD.,,,,,,,,,
PEMBINAAN MELIMA (M) SDN. BHD.,,,,,,,,,
PEMBINAAN MENTARI MUDA,,,,,,,,,
PEMBINAAN MJC SDN. BHD.,,,,,,,,,
PEMBINAAN PUNCA CERGAS SDN. BHD.,,,,,,,,,
PEMBINAAN PW SDN. BHD.,,,,,,,,,
PEMBINAAN RIZEN SDN. BHD.,,,,,,,,,
PEMBINAAN SAHABATJAYA SDN. BHD.,,,,,,,,,
PEMBINAAN SEUTUH JAYA SDN. BHD.,,,,,,,,,
PEMBINAAN SHINRAI SDN.BHD.,,,,,,,,,
PEMBINAAN SINAR EDAR SDN. BHD.,,,,,,,,,
PEMBINAAN TEKNIKHAS SDN. BHD.,,,,,,,,,
PEMBINAAN THONG LIAN SDN. BHD.,,,,,,,,,
PEMBINAAN UNICONS SDN. BHD.,,,,,,,,,
PENANG SENTRAL SDN. BHD.,,,,,,,,,
PENCHALA INFRASTRUCTURE SDN. BHD.,,,,,,,,,
PENGURUSAN LAKSAMANA (M) SDN. BHD.,,,,,,,,,
PENINSULAR PROKONSULT SDN. BHD.,,,,,,,,,
PENSERA SDN. BHD.,,,,,,,,,
PERFORM CONSTRUCTION & TRADING SDN. BHD.,,,,,,,,,
PERKHIDMATAN SANJUNG (M) SDN. BHD.,,,,,,,,,
PERMAI IHSAN SDN. BHD.,,,,,,,,,
PERMAIZ HOLDING SDN. BHD.,,,,,,,,,
PERMATA SINAR PUTEH SDN. BHD.,,,,,,,,,
PERMODALAN RISDA BERHAD,,,,,,,,,
PERNEC INTEGRATED NETWORK SYSTEMS SDN. BHD.,,,,,,,,,
PERNIAGAAN SYSTEM ELECTRICAL SDN. BHD.,,,,,,,,,
PERSADA ELECTRICAL & ENGINEERING WORKS SDN BHD,,,,,,,,,
PERTAMA MAKMUR SDN. BHD,,,,,,,,,
PESTECH SDN. BHD.,,,,,,,,,
PESTECH TRANSMISSION SDN. BHD.,,,,,,,,,
PICO INTERNATIONAL (M) SDN. BHD.,,,,,,,,,
PILIHSEPAKAT SDN. BHD.,,,,,,,,,
PINTARAN AKTIF SDN. BHD.,,,,,,,,,
PJBUMI DIGITAL SDN. BHD.,,,,,,,,,
PJFM EVOLUTION SDN. BHD.,,,,,,,,,
PKC ENGINEERING SDN. BHD.,,,,,,,,,
PLUSTEAM SDN. BHD.,,,,,,,,,
POSITIVE PLATFORM SDN. BHD.,,,,,,,,,
POSSIMO TECHNOLOGIES SDN. BHD.,,,,,,,,,
POWER & LIGHT RESOURCES SDN. BHD.,,,,,,,,,
POWERDEL ENGINEERING SDN. BHD.,,,,,,,,,
POWERNESS ENGINEERING SDN. BHD.,,,,,,,,,
PP INTERNATIONAL MALAYSIA SDN. BHD.,,,,,,,,,
PPC GLOMAC SDN. BHD.,,,,,,,,,
PREMIER CONSTRUCTION (INTERNATIONAL) SDN. BHD.,,,,,,,,,
PRESTASI MEWAH SDN. BHD.,,,,,,,,,
PRESTIGE BUILDERS SDN. BHD.,,,,,,,,,
PRESTIGE POOLS & FOUNTAINS SDN. BHD.,,,,,,,,,
PRESTIGIOUS DISCOVERY SDN. BHD.,,,,,,,,,
PRIMA ACE SDN. BHD.,,,,,,,,,
PRIMA BERSATU SDN. BHD.,,,,,,,,,
PRIMA BUSINESS ALLIANCE SDN. BHD.,,,,,,,,,
PRIME CIS SDN. BHD.,,,,,,,,,
PRIME ENVIRO SDN. BHD.,,,,,,,,,
PRIMERCON SDN. BHD.,,,,,,,,,
PRIMORA DEVELOPMENTS SDN. BHD.,,,,,,,,,
PRISTINE GATEWAY SDN. BHD.,,,,,,,,,
PRO AV & TECHNOLOGY SDN. BHD.,,,,,,,,,
PRO TRACK ENGINEERING SDN. BHD.,,,,,,,,,
PROBIL INDUSTRIES (M) SDN. BHD.,,,,,,,,,
PROBLAST ENERGY SDN. BHD.,,,,,,,,,
PROFICIENT RESOURCES BUILDERS SDN. BHD.,,,,,,,,,
PROFOUND AXIS SDN. BHD.,,,,,,,,,
PROGRESSTURE POWER SDN. BHD.,,,,,,,,,
PROJAYA INFRA SDN. BHD.,,,,,,,,,
PROJECTS FORTE SDN. BHD.,,,,,,,,,
PROJEK BESTARI SDN. BHD.,,,,,,,,,
PROMEGA CONCEPTS SDN. BHD.,,,,,,,,,
PROTEXT CONSTRUCTION (M) SDN. BHD.,,,,,,,,,
PROVENTUS BINA SDN. BHD.,,,,,,,,,
PTHL HOLDINGS (M) SDN. BHD.,,,,,,,,,
PUNCABAHAN SDN. BHD.,,,,,,,,,
PUNCAK MENARA GLOBAL SDN. BHD.,,,,,,,,,
PUSAT PEMBANGUNAN REKA BENTUK MALAYSIA SDN. BHD.,,,,,,,,,
PYROFORCE RESOURCES SDN. BHD.,,,,,,,,,
QT ENVIRONMENTAL (M) SDN. BHD.,,,,,,,,,
QUALITY QUARRY SDN. BHD.,,,,,,,,,
QUANTUM HYDROMECH SDN. BHD.,,,,,,,,,
QUANTUM UNIVERSAL BUILDERS SDN. BHD.,,,,,,,,,
QUATRIZ SYSTEM SDN. BHD.,,,,,,,,,
QUBE INTEGRATED MALAYSIA SDN. BHD.,,,,,,,,,
QZ HOLDINGS SDN. BHD.,,,,,,,,,
R & C CERGAS TEGUH SDN. BHD.,,,,,,,,,
R YANG ENTERPRISE SDN. BHD.,,,,,,,,,
R.M. LEOPAD SDN. BHD.,,,,,,,,,
R.M.J CORPORATION SDN. BHD.,,,,,,,,,
RADICARE (M) SDN. BHD.,,,,,,,,,
RAF SYNERGY SDN. BHD.,,,,,,,,,
RAFULIN FMS (RAUB) SDN. BHD.,,,,,,,,,
RAHIM & CO INTERNATIONAL SDN. BHD.,,,,,,,,,
"RAINE, HORNE & ZAKI FACILITIES MANAGEMENT SDN. BHD.",,,,,,,,,
RAMUSA ENGINEERING SDN.BHD.,,,,,,,,,
RANHILL BERSEKUTU SDN. BHD.,,,,,,,,,
RANI-MS ENGINEERING SDN. BHD.,,,,,,,,,
RB MAJU CONSTRUCTION SDN. BHD.,,,,,,,,,
RBC WATER SDN. BHD.,,,,,,,,,
RCM ENGINEERING & SERVICES SDN. BHD.,,,,,,,,,
RD RESOURCES SDN. BHD.,,,,,,,,,
REACH INTEGRATED SDN. BHD.,,,,,,,,,
REFINE ENGINEERING SDN. BHD.,,,,,,,,,
REJAS GLOBAL (M) SDN. BHD.,,,,,,,,,
RELYONUS MAJU SDN. BHD.,,,,,,,,,
REQA BINA SDN. BHD.,,,,,,,,,
RESTORE SOLUTIONS SDN. BHD.,,,,,,,,,
RETROFIT SYSTEM SDN. BHD.,,,,,,,,,
RHINO SUPERIOR RESOURCES SDN. BHD.,,,,,,,,,
RIALACE ETICA SDN. BHD.,,,,,,,,,
RIMBUN MERDU SDN. BHD.,,,,,,,,,
RIMED TECHNOLOGIES SDN. BHD.,,,,,,,,,
RISDA BINA SDN. BHD.,,,,,,,,,
RKMK GROUP (M) SDN. BHD.,,,,,,,,,
RN ENGINEERING & DEVELOPMENT SDN. BHD.,,,,,,,,,
ROHAS-EUCO INDUSTRIES BHD.,,,,,,,,,
ROL MARINE SDN. BHD.,,,,,,,,,
ROTOPLUS ENGINEERING SERVICES SDN. BHD.,,,,,,,,,
RS GREENMASTER (M) SDN. BHD.,,,,,,,,,
RSM BUILDERS SDN. BHD.,,,,,,,,,
RT TELECOM SDN. BHD.,,,,,,,,,
RTS TECHNOLOGY SDN. BHD.,,,,,,,,,
RUBY KHOO CORPORATION SDN. BHD.,,,,,,,,,
RYS RESOURCES (M) SDN. BHD.,,,,,,,,,
S & S QUEST RESOURCES SDN. BHD.,,,,,,,,,
S P MEGA-MARIHARTA SDN. BHD.,,,,,,,,,
S.N.A. RESOURCES SDN. BHD.,,,,,,,,,
S.T. INTERIOR DESIGN SDN. BHD.,,,,,,,,,
SA DINAMIK SDN. BHD.,,,,,,,,,
SAA RENERGY SDN. BHD.,,,,,,,,,
SAFAR GEMILANG SDN. BHD.,,,,,,,,,
SAIF PLATINUM SDN. BHD.,,,,,,,,,
SALURAN MAYANG SDN. BHD.,,,,,,,,,
SAMAMAJU CONSTRUCTION & PILING SDN. BHD.,,,,,,,,,
SAMAMARA SDN. BHD.,,,,,,,,,
SANDAR BINA SDN. BERHAD,,,,,,,,,
SAPURA PINEWELL SDN. BHD.,,,,,,,,,
SAPURA SUBSEA SERVICES SDN. BHD.,,,,,,,,,
SAPURA TECHNOLOGY SOLUTIONS SDN. BHD.,,,,,,,,,
SAS TEKNIK SDN. BHD.,,,,,,,,,
SATRIA KASTURI (M) SDN. BHD.,,,,,,,,,
SB RESOURCES SDN. BHD.,,,,,,,,,
SCF CONSTRUCTION (M) SDN. BHD.,,,,,,,,,
SCIENCE-TECH SOLUTIONS SDN. BHD.,,,,,,,,,
SEAMA CONSTRUCTION SDN. BHD.,,,,,,,,,
SECURITY MARKETING SDN. BHD.,,,,,,,,,
SEDIA TEGUH SDN. BHD.,,,,,,,,,
SEE SONG & SONS SDN. BHD.,,,,,,,,,
SEE YONG & SON CONSTRUCTION SDN. BHD.,,,,,,,,,
SEGI DECO VENTURE SDN. BHD.,,,,,,,,,
SEGI PERKASA (M) SDN. BHD.,,,,,,,,,
SEJAGAT BAKTI SDN. BHD.,,,,,,,,,
SEJATI MAJESTIK SDN. BHD.,,,,,,,,,
SELBORN CONSTRUCTION & MANAGEMENT SDN. BHD.,,,,,,,,,
SEMARAK BINA SDN. BHD.,,,,,,,,,
SEMARAK IHSAN SDN. BHD.,,,,,,,,,
SEMCOBINA SDN. BHD.,,,,,,,,,
SEMPURNA BINA JAYA SDN. BHD.,,,,,,,,,
SENA LETRIK (M) SDN.BHD.,,,,,,,,,
SENSORMAX SDN. BHD.,,,,,,,,,
SEPADU KERJAYA SDN. BHD.,,,,,,,,,
SERI JAYA PERKASA SDN. BHD.,,,,,,,,,
SERI LIBANA SDN. BHD.,,,,,,,,,
SERI LIBANA SHAMAN JV SDN. BHD.,,,,,,,,,
SERI YAKIN SDN. BHD.,,,,,,,,,
SETALIAN JAYA SDN. BHD.,,,,,,,,,
SETIA UTAMA LRT 3 SDN. BHD.,,,,,,,,,
SETIAKON BUILDERS SDN. BHD.,,,,,,,,,
SEVENCO CONSTRUCTION SDN. BHD.,,,,,,,,,
SF CONTRACTS SDN. BHD.,,,,,,,,,
SHAH PERMAI SDN. BHD.,,,,,,,,,
SHAMAN SDN.BHD.,,,,,,,,,
SHAPLA CONSTRUCTION SDN. BHD.,,,,,,,,,
SHARIKAT PEMBENAAN SETIA JAYA SDN. BERHAD,,,,,,,,,
SHENGDING CONSTRUCTION SDN. BHD.,,,,,,,,,
SHN ALPHA REALTY SDN. BHD.,,,,,,,,,
SHORAKA CONSTRUCTION SDN. BHD.,,,,,,,,,
SIGMAL CONSTRUCTION SDN. BHD.,,,,,,,,,
SILVER RIDGE SDN. BHD.,,,,,,,,,
SILVER STEEL SDN. BHD.,,,,,,,,,
SIMPRO ENGINEERING SDN. BHD.,,,,,,,,,
SIN HEAP LEE CONSTRUCTION SDN BHD,,,,,,,,,
SINAR BINA UTAMA SDN. BHD.,,,,,,,,,
SINAR SEMPURNA SDN. BHD.,,,,,,,,,
SINN HUAT SYNERGY SDN. BHD.,,,,,,,,,
SINOSHINE CONSTRUCTION SDN. BHD.,,,,,,,,,
SIPP RAIL SDN. BHD.,,,,,,,,,
SISJ USAHANIAGA SDN. BHD.,,,,,,,,,
SK CHOW GROUP (M) SDN. BHD.,,,,,,,,,
SKA TECHNOLOGY SDN. BHD.,,,,,,,,,
SKALA DESIGN CONSULT SDN. BHD.,,,,,,,,,
SKL INTERIOR SDN. BHD.,,,,,,,,,
SKY LINK WOODLAND SDN. BHD.,,,,,,,,,
SKY POWER SDN. BHD.,,,,,,,,,
SKYPLUS ELECTRICAL & ENGINEERING SDN. BHD.,,,,,,,,,
SKYWISE STRATEGY GROUP SDN. BHD.,,,,,,,,,
SMART PATHWAY MANAGEMENT RESOURCES SDN. BHD.,,,,,,,,,
SMARTECH INTERNATIONAL SDN. BHD.,,,,,,,,,
SMH RAIL SDN. BHD.,,,,,,,,,
SNFOR SDN. BHD.,,,,,,,,,
SOLAR SOLUTION SDN. BHD.,,,,,,,,,
SOLID ESSENCE SDN. BHD.,,,,,,,,,
SOLUSI PRESTASI SDN. BHD.,,,,,,,,,
SOLUTION A & C TECHNOLOGY SDN. BHD.,,,,,,,,,
SOLUTION ENGINEERING SDN. BHD.,,,,,,,,,
SPA INTEGRATED SDN. BHD.,,,,,,,,,
SPARK INTERIOR SDN. BHD.,,,,,,,,,
SPEED CONCRETE INDUSTRIES SDN. BHD.,,,,,,,,,
SPLENDID FORTE SDN. BHD.,,,,,,,,,
SQ ENGINEERING SDN. BHD.,,,,,,,,,
SRI COMMUNICATION SDN. BHD.,,,,,,,,,
SRI TINGGI SDN. BHD.,,,,,,,,,
SSG DYNAMIC WORLD FASHION SDN. BHD.,,,,,,,,,
ST ROCK BLASTING SDN. BHD.,,,,,,,,,
STABLE GROWTH SDN. BHD.,,,,,,,,,
STAR VISION LINK SDN. BHD.,,,,,,,,,
START INFINITY CONSTRUCTION SDN. BHD.,,,,,,,,,
STARTWAY MACHINERY SUPPLIES SDN. BHD.,,,,,,,,,
STITEC M&E SDN. BHD.,,,,,,,,,
STK BINA SDN. BHD.,,,,,,,,,
STORM BUILDERS,,,,,,,,,
STREAMZONE SOLUTIONS SDN. BHD.,,,,,,,,,
SUASANA ENGINEERING SDN. BHD.,,,,,,,,,
SUBSEA 7 MALAYSIA SDN. BHD.,,,,,,,,,
SUGOI BUILDERS SDN. BHD.,,,,,,,,,
SUGU CONSTRUCTION SDN. BHD.,,,,,,,,,
SUHATI SDN.BHD.,,,,,,,,,
SUM POH SDN BHD,,,,,,,,,
SUMMIT POWER ENGINEERING SDN. BHD.,,,,,,,,,
SUN LUEN HUP CONSTRUCTION & PLUMBER SDN BHD,,,,,,,,,
SUNBES SPECIALIST SERVICES SDN. BHD.,,,,,,,,,
SUNCITY DESIGN & BUILD SDN. BHD.,,,,,,,,,
SUNISSA SDN. BHD.,,,,,,,,,
SUNLINE M & E SERVICES SDN. BHD.,,,,,,,,,
SURIA EKSTRA SDN. BHD.,,,,,,,,,
SWA WATER (MALAYSIA) SDN. BHD.,,,,,,,,,
SWA WATER ENGINEERING SDN. BHD.,,,,,,,,,
SWM ENVIRONMENT SDN. BHD.,,,,,,,,,
SWM GREENTECH SDN. BHD.,,,,,,,,,
SYAF ARMADA SDN. BHD.,,,,,,,,,
SYARIKAT NIAGA BUMIDAN SDN. BHD.,,,,,,,,,
SYARIKAT PEMBENAAN YEOH TIONG LAY SDN. BHD.,,,,,,,,,
SYARIKAT T.D. SDN. BHD.,,,,,,,,,
SYCAL BERHAD,,,,,,,,,
SYNERLITZ (MALAYSIA) SDN. BHD.,,,,,,,,,
SYP SDN. BHD.,,,,,,,,,
SYSTEM CONSULTANCY SERVICES SDN. BHD.,,,,,,,,,
SYSTEM ENGINEERING & CONSTRUCTION SDN. BHD.,,,,,,,,,
T&W GLOBE SDN. BHD.,,,,,,,,,
T.S. LIAW CONSTRUCTION SDN. BHD.,,,,,,,,,
T7 KEMUNCAK SDN. BHD.,,,,,,,,,
T7 WENMAX SDN. BHD.,,,,,,,,,
TACT TRANSFORM SDN. BHD.,,,,,,,,,
TACTFUL PROJECTS (M) SDN. BHD.,,,,,,,,,
TAI CHI BUILDERS SDN. BHD.,,,,,,,,,
TALENG SDN. BHD.,,,,,,,,,
TAN LOONG CONSTRUCTION SDN. BHD.,,,,,,,,,
TANG N KOK CORPORATE SDN. BHD.,,,,,,,,,
TANJUNG BOULEVARD SDN. BHD.,,,,,,,,,
TANJUNG MAKSIMUM SDN. BHD.,,,,,,,,,
TANJUNG OFFSHORE SERVICES SDN. BHD.,,,,,,,,,
TANJUNG TERAS SDN. BHD.,,,,,,,,,
TARGET MECHANICAL & ENGINEERING SDN. BHD.,,,,,,,,,
TARGET PLUMBING & ENGINEERING SDN. BHD.,,,,,,,,,
TARS ENGINEERING SDN. BHD.,,,,,,,,,
TBD JAYA SDN. BHD.,,,,,,,,,
TE SYNERGY (M) SDN. BHD.,,,,,,,,,
TECH TRAD SOLUTION SDN. BHD.,,,,,,,,,
TECHNIP ENERGIES (M) SDN. BHD.,,,,,,,,,
TECHNIP MARINE (M) SDN. BHD.,,,,,,,,,
TE-COND ENGINEERING SDN. BHD.,,,,,,,,,
TEE LETRIK SERVICE SDN. BHD.,,,,,,,,,
TEGAP DINAMIK SDN. BHD.,,,,,,,,,
TEGUH ILMU (M) SDN. BHD.,,,,,,,,,
TEKTRA SDN. BHD.,,,,,,,,,
TEMASEK KEKAL SDN. BHD.,,,,,,,,,
TENAGA LETRIK SDN. BHD.,,,,,,,,,
TENAGA TIUB SDN. BHD.,,,,,,,,,
TENQ GROUP SDN. BHD.,,,,,,,,,
TERAS GADING SDN.BHD.,,,,,,,,,
TERAS TEKAD SDN. BHD.,,,,,,,,,
TERRENO SOLUTIONS SDN. BHD.,,,,,,,,,
TGB MAHLIGAI SDN. BHD.,,,,,,,,,
TH UNIVERSAL BUILDERS SDN. BHD.,,,,,,,,,
THE DECOREIN (M) SDN. BHD.,,,,,,,,,
THE MAKEOVER GUYS SDN. BHD.,,,,,,,,,
THERMO LOGICAL ENGINEERING SDN. BHD.,,,,,,,,,
THP BINA SDN. BHD.,,,,,,,,,
THP SERVICES SDN. BHD.,,,,,,,,,
THP UTARA FACILITIES SDN. BHD.,,,,,,,,,
TIGER EXIM SDN. BHD.,,,,,,,,,
TIMWORK CONSTRUCTION SDN. BHD.,,,,,,,,,
TITAN DYNAMIC TEAM SDN. BHD.,,,,,,,,,
TK BUILDERCON SDN. BHD.,,,,,,,,,
TKM RESOURCES SDN. BHD,,,,,,,,,
TM TECHNOLOGY SERVICES SDN. BHD.,,,,,,,,,
TMAS SDN. BHD.,,,,,,,,,
TNB ENERGY SERVICES SDN. BHD.,,,,,,,,,
TNG RESOURCES & DEVELOPMENT SDN. BHD.,,,,,,,,,
TNO PROJECT MANAGEMENT SDN. BHD.,,,,,,,,,
TOFFCO SDN. BHD.,,,,,,,,,
TOKAI ENGINEERING (M) SDN. BHD.,,,,,,,,,
TOSHIBA ELEVATOR (MALAYSIA) SDN. BHD.,,,,,,,,,
TOTAL SR WEB 3.0 SDN. BHD.,,,,,,,,,
TOTAL TECHNOLOGY ENGINEERING SDN. BHD.,,,,,,,,,
TOYO ENGINEERING & CONSTRUCTION SDN. BHD.,,,,,,,,,
TQ KUARI SDN. BHD.,,,,,,,,,
TRABINAS CONSTRUCTION SDN. BHD.,,,,,,,,,
TRANSMISSION TECHNOLOGY SDN. BHD.,,,,,,,,,
TRANSVISION ENGINEERING SDN. BHD.,,,,,,,,,
TRANSZED RESOURCES SDN. BHD.,,,,,,,,,
TRAVIX DESIGN & RENOVATION SDN. BHD.,,,,,,,,,
TRI - ARCH SDN. BHD.,,,,,,,,,
TRI OCEAN MARINE CONTRACTOR SDN. BHD.,,,,,,,,,
TRIDENT ELITE SDN. BHD.,,,,,,,,,
TRIENTEL INDUSTRIES SDN. BHD.,,,,,,,,,
TRILLIUM FACILITY MANAGEMENT SDN. BHD.,,,,,,,,,
TRIP GUARD SDN. BHD.,,,,,,,,,
TRIUMPHANT GALLERY SDN. BHD.,,,,,,,,,
TRUVEA TECHNICS ENGINEERING SDN. BHD.,,,,,,,,,
TSH (M&E) SDN. BHD.,,,,,,,,,
T-SINI SDN. BHD.,,,,,,,,,
TT WATER SDN. BHD.,,,,,,,,,
TU RUI CONSTRUCTION (MALAYSIA) SDN. BHD.,,,,,,,,,
TUAH ENERGY SDN. BHD.,,,,,,,,,
TUAH INTEGRATED SOLUTIONS SDN. BHD.,,,,,,,,,
TUAH KEKAL HOLDINGS SDN. BHD.,,,,,,,,,
TUNAS COOL ENERGY SDN. BHD.,,,,,,,,,
TUNAS SELATAN CONSTRUCTION SDN. BHD.,,,,,,,,,
TURNPIKE SYNERGY SDN. BHD.,,,,,,,,,
TYGREN SDN. BHD.,,,,,,,,,
U MOBILE SDN. BHD.,,,,,,,,,
UBT PROJECT SERVICES SDN. BHD.,,,,,,,,,
UCSI CAMPIO BUILDERS SDN. BHD.,,,,,,,,,
UDA DAYAURUS SDN. BHD.,,,,,,,,,
UDS 1 SDN. BHD.,,,,,,,,,
UFE ENGINEERING SDN. BHD.,,,,,,,,,
UKAY FOREST DEVELOPMENT SDN. BHD.,,,,,,,,,
ULTIMATE IVORY SDN. BHD.,,,,,,,,,
ULTRA PLATFORM SDN. BHD.,,,,,,,,,
UM LAND BUILDERS SDN. BHD.,,,,,,,,,
UMERAN RESOURCES SDN. BHD.,,,,,,,,,
UMS CORPORATION SDN. BHD.,,,,,,,,,
UNBROS CONSTRUCTION SDN. BHD.,,,,,,,,,
UNGGUL SELATAN CONSTRUCTION SDN. BHD.,,,,,,,,,
UNI PRESTIJ JAYA SDN. BHD.,,,,,,,,,
UNIFIER TECHNIQUE SDN. BHD.,,,,,,,,,
UNITED ASIA INTERNATIONAL GROUP SDN. BHD.,,,,,,,,,
UNIVERSAL CELLULAR ENGINEERING SERVICES SDN. BHD.,,,,,,,,,
UNIVERSAL PEAK SDN. BHD.,,,,,,,,,
UNIVERSAL UTILITIES SDN. BHD.,,,,,,,,,
URC ENGINEERING SDN. BHD.,,,,,,,,,
USAHASAMA SPNB-LTAT SDN. BHD.,,,,,,,,,
USAHAWAN BERSAMA TEKNIK SDN. BHD.,,,,,,,,,
UTM HOLDINGS SDN. BHD.,,,,,,,,,
VACPRO ENGINEERING & TRADING SDN. BHD.,,,,,,,,,
VAN OORD (MALAYSIA) SDN. BHD.,,,,,,,,,
VC SIGNIFICANT DESIGN SDN. BHD.,,,,,,,,,
VERSACORP ENGINEERING SDN. BHD.,,,,,,,,,
VFIVE GROUP SDN. BHD.,,,,,,,,,
VICENT LITE ELECTRICAL ENGINEERING CO. SDN. BHD.,,,,,,,,,
VINSTECH ENGINEERING SDN. BHD.,,,,,,,,,
VIOLET PACIFIC SDN. BHD.,,,,,,,,,
VIRENT ENERGY SOLUTIONS SDN. BHD.,,,,,,,,,
VISI ARIF SDN. BHD.,,,,,,,,,
VISIBLE CONSTRUCTION & TRADING SDN. BHD.,,,,,,,,,
VISION PATH SDN. BHD.,,,,,,,,,
VISTA KENCANA SDN. BHD.,,,,,,,,,
VIVOCOM ENTERPRISE SDN. BHD.,,,,,,,,,
VKIN FIRE EQUIPMENT SDN. BHD.,,,,,,,,,
VMDG DESIGN SDN. BHD.,,,,,,,,,
VVO CONSTRUCTION SDN. BHD.,,,,,,,,,
WAI HOU STEEL STRUCTURE SDN. BHD.,,,,,,,,,
WAKRIZ ENGINEERING SDN. BHD.,,,,,,,,,
WALICON SDN. BHD.,,,,,,,,,
WANZHONG CONSTRUCTION GROUP (MALAYSIA) SDN. BHD.,,,,,,,,,
WARAS MEGAH SDN. BHD.,,,,,,,,,
WARISAN BUSINESS SDN. BHD.,,,,,,,,,
WASAL CONSTRUCTION SDN. BHD.,,,,,,,,,
WASRENO SDN. BHD.,,,,,,,,,
WATERLINK TECHNOLOGIES SDN. BHD.,,,,,,,,,
WAZ LIAN ENTERPRISE SDN.BHD.,,,,,,,,,
WB REFRIGERATION SDN. BHD.,,,,,,,,,
WE CARE INDUSTRIES SDN. BHD.,,,,,,,,,
WENG YEOW ENTERPRISE SDN. BHD.,,,,,,,,,
WEST RIVER ENGINEERING SDN. BHD.,,,,,,,,,
WFC DEVELOPMENT SDN. BHD.,,,,,,,,,
WIBAWA BESTARI SDN. BHD.,,,,,,,,,
WIDAD BUILDERS SDN. BHD.,,,,,,,,,
WIDAD FACILITY MANAGEMENT SDN. BHD.,,,,,,,,,
WIDURI GLOBAL SDN. BHD.,,,,,,,,,
WIFHA KENCANA SDN. BHD.,,,,,,,,,
WILATRANS ENGINEERING SDN. BHD.,,,,,,,,,
WILAYAH ENTERPRISES SDN. BHD.,,,,,,,,,
WILLOWGLEN (MALAYSIA) SDN. BHD.,,,,,,,,,
WINTAKE SDN. BHD.,,,,,,,,,
WIRA-TECH ENGINEERING SDN. BHD.,,,,,,,,,
WITHE ENGINEERING SDN. BHD.,,,,,,,,,
WIZ VENTURES SDN. BHD.,,,,,,,,,
WL GREAT BUILDER ENGINEERING SDN. BHD.,,,,,,,,,
WN DESIGN & BUILD SDN. BHD.,,,,,,,,,
WONG BROTHERS` BUILDING CONSTRUCTION SDN. BHD.,,,,,,,,,
WONG HUAT CONSTRUCTION COMPANY,,,,,,,,,
WONG KHUAN PLUMBING & CONSTRUCTION SDN. BHD.,,,,,,,,,
WOO LAI FAT CONSTRUCTION & TRADING SDN. BHD.,,,,,,,,,
WOON ENGINEERING CONSTRUCTION WORKS,,,,,,,,,
WORKTIME ENGINEERING SDN. BHD.,,,,,,,,,
WORLDBUILT SDN. BHD.,,,,,,,,,
WTW METAL ENGINEERING SDN. BHD.,,,,,,,,,
WUZHOU FLOW CONTROL SDN. BHD.,,,,,,,,,
WYCOM CONSTRUCTION SDN. BHD.,,,,,,,,,
X RAIL SYSTEM SDN. BHD.,,,,,,,,,
XAIR SOLUTIONS SDN. BHD.,,,,,,,,,
XENO DESIGN SDN. BHD.,,,,,,,,,
XUNLEI CONSTRUCTION SERVICES (MALAYSIA) SDN. BHD.,,,,,,,,,
YAT SENG CONSTRUCTION SDN. BHD.,,,,,,,,,
YBK USAHASAMA SDN. BHD.,,,,,,,,,
YCK ENGINEERING SDN. BHD.,,,,,,,,,
YCM CONSTRUCTION SDN. BHD.,,,,,,,,,
YCN CONSTRUCTION SDN. BHD.,,,,,,,,,
YEE FONG MARINE SDN. BHD.,,,,,,,,,
YEL CONSTRUCTION SDN. BHD.,,,,,,,,,
YESB SDN. BHD.,,,,,,,,,
YHF CONSTRUCTION SDN. BHD.,,,,,,,,,
YIN LEAN CONSTRUCTION SDN. BHD.,,,,,,,,,
YLL PLUMBING SDN. BHD.,,,,,,,,,
YLP CONSTRUCTION SDN. BHD.,,,,,,,,,
YME ENGINEERING SDN. BHD.,,,,,,,,,
YOTU BUILDER SDN. BHD.,,,,,,,,,
YT BUILDERS SDN. BHD.,,,,,,,,,
YTL COMMUNICATIONS SDN. BHD.,,,,,,,,,
YUK TUNG BUILDERS SDN. BHD.,,,,,,,,,
YWC ENGINEERS & CONSTRUCTORS SDN. BHD.,,,,,,,,,
Z SQUARE SOLUTIONS SDN. BHD.,,,,,,,,,
ZALAM CORPORATION SDN. BHD.,,,,,,,,,
ZANICOM INTEGRATED SDN. BHD.,,,,,,,,,
ZASTRA SDN. BHD,,,,,,,,,
ZATAWA CORPORATION SDN. BHD.,,,,,,,,,
ZE-DE SDN. BHD.,,,,,,,,,
ZEDELTA SDN. BHD.,,,,,,,,,
ZHEN YE PROJECTS SDN. BHD.,,,,,,,,,
ZHENG YI BUILDING CONSTRUCTION SDN. BHD.,,,,,,,,,
ZHONGXIN INTERNATIONAL CONSTRUCTION ENGINEERING SDN. BHD.,,,,,,,,,
ZIG ZAG BUILDERS (M) SDN. BHD.,,,,,,,,,
ZIKAY SYNERGY SDN. BHD.,,,,,,,,,
ZLOTY HOLDINGS SDN BHD,,,,,,,,,
ZOGE DESIGN BUILD SDN. BHD.,,,,,,,,,
ZONE PAVE BUILDER SDN. BHD.,,,,,,,,,
ZULIAN BINA (M) SDN. BHD.,,,,,,,,,
ZURICH INFRASTRUCTURE SDN. BHD.,,,,,,,,,
ZUTA M&E SDN. BHD.,,,,,,,,,
ASIAN SUPPLY BASE SDN.BHD.,,,,,,,,,
BENAMAS ENTERPRISE,,,,,,,,,
E O TRICOLOGY SDN. BHD.,,,,,,,,,
HSAP SDN.BHD.,,,,,,,,,
IRONFIELD ENGINEERING SDN. BHD.,,,,,,,,,
JURUBINA TYC (M) SDN. BHD.,,,,,,,,,
LABUAN UNITED CONSTRUCTION SDN. BHD.,,,,,,,,,
LAZENDA DEVELOPMENT SDN. BHD.,,,,,,,,,
MUI CHEW SDN. BHD.,,,,,,,,,
PRECIOUS ARENA SDN. BHD.,,,,,,,,,
SERI WILAYAH ENGINEERING SDN. BHD.,,,,,,,,,
TURCOMP ENGINEERING SERVICES SDN. BHD.,,,,,,,,,
ACUAN UNGGUL SDN. BHD.,,,,,,,,,
AMBANG TERBILANG SDN. BHD.,,,,,,,,,
AWAM SAUJANA SDN. BHD.,,,,,,,,,
BIMA SAMUDRA SDN. BHD.,,,,,,,,,
BINA PERTIWI SDN. BHD.,,,,,,,,,
COMMON PERSPECTIVE SDN. BHD.,,,,,,,,,
DEEZAMAS SDN. BHD.,,,,,,,,,
ERA KENANGAN INDAH SDN. BHD.,,,,,,,,,
FESMA SDN. BHD,,,,,,,,,
FLORA BINA SDN. BHD.,,,,,,,,,
IMPAK ARMADA SDN. BHD.,,,,,,,,,
KOTA LANSKAP SDN. BHD.,,,,,,,,,
LANDMARK SCHEME SDN. BHD.,,,,,,,,,
MERAK KAYANGAN SDN. BHD.,,,,,,,,,
PLATINUM UNGGUL SDN. BHD.,,,,,,,,,
PROJEK MESRAJAYA SDN. BHD.,,,,,,,,,
UER VENTURES SDN. BHD.,,,,,,,,,
BLACKFOX ENGINEERING SDN. BHD.,,,,,,,,,
NIAZ (M) SDN BHD,,,,,,,,,
NIKMAT BEKAL SDN. BHD.,,,,,,,,,
SYARIKAT NADI INDAH SDN. BHD.,,,,,,,,,
VERDE FM SDN. BHD.,,,,,,,,,
MAECON & TRADING SDN. BHD.,,,,,,,,,
DASAR MURNI SDN. BHD.,,,,,,,,,
GREAT NEPTUNE DEVELOPMENT SDN. BHD.,,,,,,,,,
IK ENGINEERING SERVICES SDN. BHD.,,,,,,,,,
MIZAN GRAND INTERTRADERS SDN. BHD.,,,,,,,,,
TANJUNG PAUH CONSTRUCTION SDN. BHD.,,,,,,,,,
LUCKY WONDER RESOURCES SDN. BHD.,,,,,,,,,
FENOMENA MAJUKAYA SDN. BHD.,,,,,,,,,
PEMBANGUNAN SULAIMAN GROUP SDN. BHD.,,,,,,,,,
YAZA COMMUNICATION SDN. BHD.,,,,,,,,,
KOPERASI FELDA SUNGAI KOYAN III RAUB BERHAD,,,,,,,,,
MYA CONSTRUCTION SDN. BHD.,,,,,,,,,
RUFFNTUFF SDN. BHD.,,,,,,,,,
GLOBAL GENERATION VISION (M) SDN. BHD.,,,,,,,,,
BOBO JAYA ENTERPRISE SDN. BHD.,,,,,,,,,
NIKMAT MAJU,,,,,,,,,
PEMBINAAN DUMAJU SDN. BHD.,,,,,,,,,
PEMBORONG JADI BESAR,,,,,,,,,
MUBY TOUCH (M) SDN. BHD.,,,,,,,,,
HMN GLOBAL SDN. BHD.,,,,,,,,,
RJR DINAMIK SDN. BHD.,,,,,,,,,
MARSERVE SDN. BHD.,,,,,,,,,
TEONG CHOON CONSTRUCTION SDN. BHD.,,,,,,,,,
PEMBANGUNAN KIAN JADI SDN. BHD.,,,,,,,,,
PEMBORONG SAPONG,,,,,,,,,
NADA SAGA SDN. BHD.,,,,,,,,,
MONSON TROPICAL TRADING (M) SDN. BHD.,,,,,,,,,
MEGA JUPSEL SDN. BHD.,,,,,,,,,
PEMBORONG AMPAGONG,,,,,,,,,
KFN DEVELOPMENT SDN. BHD.,,,,,,,,,
RATUS MELATI SDN. BHD.,,,,,,,,,
PENTAS DAMAI SDN. BHD.,,,,,,,,,
JIN SAN CONCRETE SDN. BHD.,,,,,,,,,
SACC ENGINEERING SDN. BHD.,,,,,,,,,
SACC GROUP SDN. BHD.,,,,,,,,,
PEMBORONG FATANAH SDN. BHD.,,,,,,,,,
,,,,,,,,,
,,,,,,,,,
,,,,,,,,,
,,,,,,,,,
,,,,,,,,,
,,,,,,,,,
,,,,,,,,,
,,,,,,,,,
,,,,,,,,,
,,,,,,,,,
,,,,,,,,,
,,,,,,,,,
,,,,,,,,,
,,,,,,,,,
,,,,,,,,,
,,,,,,,,,
,,,,,,,,,
,,,,,,,,,
,,,,,,,,,
,,,,,,,,,
,,,,,,,,,
,,,,,,,,,
,,,,,,,,,
,,,,,,,,,
,,,,,,,,,
,,,,,,,,,
,,,,,,,,,
,,,,,,,,,
,,,,,,,,,
,,,,,,,,,
,,,,,,,,,
,,,,,,,,,
,,,,,,,,,
,,,,,,,,,
,,,,,,,,,
,,,,,,,,,
,,,,,,,,,
,,,,,,,,,
,,,,,,,,,
,,,,,,,,,
,,,,,,,,,
,,,,,,,,,
,,,,,,,,,
,,,,,,,,,
,,,,,,,,,
,,,,,,,,,
,,,,,,,,,
,,,,,,,,,
,,,,,,,,,
,,,,,,,,,
,,,,,,,,,
,,,,,,,,,
,,,,,,,,,
,,,,,,,,,
,,,,,,,,,
,,,,,,,,,
,,,,,,,,,
,,,,,,,,,
,,,,,,,,,
,,,,,,,,,
,,,,,,,,,
,,,,,,,,,
,,,,,,,,,
,,,,,,,,,
,,,,,,,,,
,,,,,,,,,
,,,,,,,,,
,,,,,,,,,
,,,,,,,,,
,,,,,,,,,
,,,,,,,,,
,,,,,,,,,
,,,,,,,,,
,,,,,,,,,
,,,,,,,,,
,,,,,,,,,
,,,,,,,,,
,,,,,,,,,
,,,,,,,,,
,,,,,,,,,
,,,,,,,,,
,,,,,,,,,
,,,,,,,,,
,,,,,,,,,
,,,,,,,,,
,,,,,,,,,
,,,,,,,,,
,,,,,,,,,
,,,,,,,,,
,,,,,,,,,
,,,,,,,,,
,,,,,,,,,
,,,,,,,,,
,,,,,,,,,
,,,,,,,,,
,,,,,,,,,
,,,,,,,,,
,,,,,,,,,
,,,,,,,,,
,,,,,,,,,
,,,,,,,,,
,,,,,,,,,
,,,,,,,,,
,,,,,,,,,
,,,,,,,,,
,,,,,,,,,
,,,,,,,,,
,,,,,,,,,
,,,,,,,,,
,,,,,,,,,
,,,,,,,,,
,,,,,,,,,
,,,,,,,,,
,,,,,,,,,
,,,,,,,,,
,,,,,,,,,
,,,,,,,,,
,,,,,,,,,
,,,,,,,,,
,,,,,,,,,
,,,,,,,,,
,,,,,,,,,
,,,,,,,,,
,,,,,,,,,
,,,,,,,,,
,,,,,,,,,
,,,,,,,,,
,,,,,,,,,
,,,,,,,,,
,,,,,,,,,
,,,,,,,,,
,,,,,,,,,
,,,,,,,,,
,,,,,,,,,
,,,,,,,,,
,,,,,,,,,
,,,,,,,,,
,,,,,,,,,
,,,,,,,,,
,,,,,,,,,
,,,,,,,,,
,,,,,,,,,
,,,,,,,,,
,,,,,,,,,
,,,,,,,,,
,,,,,,,,,
,,,,,,,,,
,,,,,,,,,
,,,,,,,,,
,,,,,,,,,
,,,,,,,,,
,,,,,,,,,
,,,,,,,,,
,,,,,,,,,
,,,,,,,,,
,,,,,,,,,
,,,,,,,,,
,,,,,,,,,
,,,,,,,,,
,,,,,,,,,
,,,,,,,,,
,,,,,,,,,
,,,,,,,,,
,,,,,,,,,
,,,,,,,,,
,,,,,,,,,
,,,,,,,,,
,,,,,,,,,
,,,,,,,,,
,,,,,,,,,
,,,,,,,,,
,,,,,,,,,
,,,,,,,,,
,,,,,,,,,
,,,,,,,,,
,,,,,,,,,
,,,,,,,,,
,,,,,,,,,
,,,,,,,,,
,,,,,,,,,
,,,,,,,,,
,,,,,,,,,
,,,,,,,,,
,,,,,,,,,
,,,,,,,,,
,,,,,,,,,
,,,,,,,,,
,,,,,,,,,
,,,,,,,,,
,,,,,,,,,
,,,,,,,,,
,,,,,,,,,
,,,,,,,,,
,,,,,,,,,
,,,,,,,,,
,,,,,,,,,
,,,,,,,,,
,,,,,,,,,
,,,,,,,,,
,,,,,,,,,
,,,,,,,,,
,,,,,,,,,
,,,,,,,,,
,,,,,,,,,
,,,,,,,,,
,,,,,,,,,
,,,,,,,,,
,,,,,,,,,
,,,,,,,,,
,,,,,,,,,
,,,,,,,,,
,,,,,,,,,
,,,,,,,,,
,,,,,,,,,
,,,,,,,,,
,,,,,,,,,
,,,,,,,,,
,,,,,,,,,
,,,,,,,,,
,,,,,,,,,
,,,,,,,,,
,,,,,,,,,
,,,,,,,,,
,,,,,,,,,
,,,,,,,,,
,,,,,,,,,
,,,,,,,,,
,,,,,,,,,
,,,,,,,,,
,,,,,,,,,
,,,,,,,,,
,,,,,,,,,
,,,,,,,,,
,,,,,,,,,
,,,,,,,,,
,,,,,,,,,
,,,,,,,,,
,,,,,,,,,
,,,,,,,,,
,,,,,,,,,
,,,,,,,,,
,,,,,,,,,
,,,,,,,,,
,,,,,,,,,
,,,,,,,,,
,,,,,,,,,
,,,,,,,,,
,,,,,,,,,
,,,,,,,,,
,,,,,,,,,
,,,,,,,,,
,,,,,,,,,
,,,,,,,,,
,,,,,,,,,
,,,,,,,,,
,,,,,,,,,
,,,,,,,,,
,,,,,,,,,
,,,,,,,,,
,,,,,,,,,
,,,,,,,,,
,,,,,,,,,
,,,,,,,,,
,,,,,,,,,
,,,,,,,,,
,,,,,,,,,
,,,,,,,,,
,,,,,,,,,
,,,,,,,,,
,,,,,,,,,
,,,,,,,,,
,,,,,,,,,
,,,,,,,,,
,,,,,,,,,
,,,,,,,,,
,,,,,,,,,
,,,,,,,,,
,,,,,,,,,
,,,,,,,,,
,,,,,,,,,
,,,,,,,,,
,,,,,,,,,
,,,,,,,,,
,,,,,,,,,
,,,,,,,,,
,,,,,,,,,
,,,,,,,,,
,,,,,,,,,
,,,,,,,,,
,,,,,,,,,
,,,,,,,,,
,,,,,,,,,
,,,,,,,,,
,,,,,,,,,
,,,,,,,,,
,,,,,,,,,
,,,,,,,,,
,,,,,,,,,
,,,,,,,,,
,,,,,,,,,
,,,,,,,,,
,,,,,,,,,
,,,,,,,,,
,,,,,,,,,
,,,,,,,,,
,,,,,,,,,
,,,,,,,,,
,,,,,,,,,
,,,,,,,,,
,,,,,,,,,
,,,,,,,,,
,,,,,,,,,
,,,,,,,,,
,,,,,,,,,
,,,,,,,,,
,,,,,,,,,
,,,,,,,,,
,,,,,,,,,
,,,,,,,,,
,,,,,,,,,
,,,,,,,,,
,,,,,,,,,
,,,,,,,,,
,,,,,,,,,
,,,,,,,,,
,,,,,,,,,
,,,,,,,,,
,,,,,,,,,
,,,,,,,,,
,,,,,,,,,
,,,,,,,,,
,,,,,,,,,
,,,,,,,,,
,,,,,,,,,
,,,,,,,,,
,,,,,,,,,
,,,,,,,,,
,,,,,,,,,
,,,,,,,,,
,,,,,,,,,
,,,,,,,,,
,,,,,,,,,
,,,,,,,,,
,,,,,,,,,
,,,,,,,,,
,,,,,,,,,
,,,,,,,,,
,,,,,,,,,
,,,,,,,,,
,,,,,,,,,
,,,,,,,,,
,,,,,,,,,
,,,,,,,,,
,,,,,,,,,
,,,,,,,,,
,,,,,,,,,
,,,,,,,,,
,,,,,,,,,
,,,,,,,,,
,,,,,,,,,
,,,,,,,,,
,,,,,,,,,
,,,,,,,,,
,,,,,,,,,
,,,,,,,,,
,,,,,,,,,
,,,,,,,,,
,,,,,,,,,
,,,,,,,,,
,,,,,,,,,
,,,,,,,,,
,,,,,,,,,
,,,,,,,,,
,,,,,,,,,
,,,,,,,,,
,,,,,,,,,
,,,,,,,,,
,,,,,,,,,
,,,,,,,,,
,,,,,,,,,
,,,,,,,,,
,,,,,,,,,
,,,,,,,,,
,,,,,,,,,
,,,,,,,,,
,,,,,,,,,
,,,,,,,,,
,,,,,,,,,
,,,,,,,,,
,,,,,,,,,
,,,,,,,,,
,,,,,,,,,
,,,,,,,,,
,,,,,,,,,
,,,,,,,,,
,,,,,,,,,
,,,,,,,,,
,,,,,,,,,
,,,,,,,,,
,,,,,,,,,
,,,,,,,,,
,,,,,,,,,
,,,,,,,,,
,,,,,,,,,
,,,,,,,,,
,,,,,,,,,
,,,,,,,,,
,,,,,,,,,
,,,,,,,,,
,,,,,,,,,
,,,,,,,,,
,,,,,,,,,
,,,,,,,,,
,,,,,,,,,
,,,,,,,,,
,,,,,,,,,
,,,,,,,,,
,,,,,,,,,
,,,,,,,,,
,,,,,,,,,
,,,,,,,,,
,,,,,,,,,
,,,,,,,,,
,,,,,,,,,
,,,,,,,,,
,,,,,,,,,
,,,,,,,,,
,,,,,,,,,
,,,,,,,,,
,,,,,,,,,
,,,,,,,,,
,,,,,,,,,
,,,,,,,,,
,,,,,,,,,
,,,,,,,,,
,,,,,,,,,
,,,,,,,,,
,,,,,,,,,
,,,,,,,,,
,,,,,,,,,
,,,,,,,,,
,,,,,,,,,
,,,,,,,,,
,,,,,,,,,
,,,,,,,,,
,,,,,,,,,
,,,,,,,,,
,,,,,,,,,
,,,,,,,,,
,,,,,,,,,
,,,,,,,,,
,,,,,,,,,
,,,,,,,,,
,,,,,,,,,
,,,,,,,,,
,,,,,,,,,
,,,,,,,,,
,,,,,,,,,
,,,,,,,,,
,,,,,,,,,
,,,,,,,,,
,,,,,,,,,
,,,,,,,,,
,,,,,,,,,
,,,,,,,,,
,,,,,,,,,
,,,,,,,,,
,,,,,,,,,
,,,,,,,,,
,,,,,,,,,
,,,,,,,,,
,,,,,,,,,
,,,,,,,,,
,,,,,,,,,
,,,,,,,,,
,,,,,,,,,
,,,,,,,,,
,,,,,,,,,
,,,,,,,,,
,,,,,,,,,
,,,,,,,,,
,,,,,,,,,
,,,,,,,,,
,,,,,,,,,
,,,,,,,,,
,,,,,,,,,
,,,,,,,,,
,,,,,,,,,
,,,,,,,,,
,,,,,,,,,
,,,,,,,,,
,,,,,,,,,
,,,,,,,,,
,,,,,,,,,
,,,,,,,,,
,,,,,,,,,
,,,,,,,,,
,,,,,,,,,
,,,,,,,,,
,,,,,,,,,
,,,,,,,,,
,,,,,,,,,
,,,,,,,,,
,,,,,,,,,
,,,,,,,,,
,,,,,,,,,
,,,,,,,,,
,,,,,,,,,
,,,,,,,,,
,,,,,,,,,
,,,,,,,,,
,,,,,,,,,
,,,,,,,,,
,,,,,,,,,
,,,,,,,,,
,,,,,,,,,
,,,,,,,,,
,,,,,,,,,
,,,,,,,,,
,,,,,,,,,
,,,,,,,,,
,,,,,,,,,
,,,,,,,,,
,,,,,,,,,
,,,,,,,,,
,,,,,,,,,
,,,,,,,,,
,,,,,,,,,
,,,,,,,,,
,,,,,,,,,
,,,,,,,,,
,,,,,,,,,
,,,,,,,,,
,,,,,,,,,
,,,,,,,,,
,,,,,,,,,
,,,,,,,,,
,,,,,,,,,
,,,,,,,,,
,,,,,,,,,
,,,,,,,,,
,,,,,,,,,
,,,,,,,,,
,,,,,,,,,
,,,,,,,,,
,,,,,,,,,
,,,,,,,,,
,,,,,,,,,
,,,,,,,,,
,,,,,,,,,
,,,,,,,,,
,,,,,,,,,
,,,,,,,,,
,,,,,,,,,
,,,,,,,,,
,,,,,,,,,
,,,,,,,,,
,,,,,,,,,
,,,,,,,,,
,,,,,,,,,
,,,,,,,,,
,,,,,,,,,
,,,,,,,,,
,,,,,,,,,
,,,,,,,,,
,,,,,,,,,
,,,,,,,,,
,,,,,,,,,
,,,,,,,,,
,,,,,,,,,
,,,,,,,,,
,,,,,,,,,
,,,,,,,,,
,,,,,,,,,
,,,,,,,,,
,,,,,,,,,
,,,,,,,,,
,,,,,,,,,
,,,,,,,,,
,,,,,,,,,
,,,,,,,,,
,,,,,,,,,
,,,,,,,,,
,,,,,,,,,
,,,,,,,,,
,,,,,,,,,
,,,,,,,,,
,,,,,,,,,
,,,,,,,,,
,,,,,,,,,
,,,,,,,,,
,,,,,,,,,
,,,,,,,,,
,,,,,,,,,
,,,,,,,,,
,,,,,,,,,
,,,,,,,,,
,,,,,,,,,
,,,,,,,,,
,,,,,,,,,
,,,,,,,,,
,,,,,,,,,
,,,,,,,,,
,,,,,,,,,
,,,,,,,,,
,,,,,,,,,
,,,,,,,,,
,,,,,,,,,
,,,,,,,,,
,,,,,,,,,
,,,,,,,,,
,,,,,,,,,
,,,,,,,,,
,,,,,,,,,
,,,,,,,,,
,,,,,,,,,
,,,,,,,,,
,,,,,,,,,
,,,,,,,,,
,,,,,,,,,
,,,,,,,,,
,,,,,,,,,
,,,,,,,,,
,,,,,,,,,
,,,,,,,,,
,,,,,,,,,
,,,,,,,,,
,,,,,,,,,
,,,,,,,,,
,,,,,,,,,
,,,,,,,,,
,,,,,,,,,
,,,,,,,,,
,,,,,,,,,
,,,,,,,,,
,,,,,,,,,
,,,,,,,,,
,,,,,,,,,
,,,,,,,,,
,,,,,,,,,
,,,,,,,,,
,,,,,,,,,
,,,,,,,,,
,,,,,,,,,
,,,,,,,,,
,,,,,,,,,
,,,,,,,,,
,,,,,,,,,
,,,,,,,,,
,,,,,,,,,
,,,,,,,,,
,,,,,,,,,
,,,,,,,,,
,,,,,,,,,
,,,,,,,,,
,,,,,,,,,
,,,,,,,,,
,,,,,,,,,
,,,,,,,,,
,,,,,,,,,
,,,,,,,,,
,,,,,,,,,
,,,,,,,,,
,,,,,,,,,
,,,,,,,,,
,,,,,,,,,
,,,,,,,,,
,,,,,,,,,
,,,,,,,,,
,,,,,,,,,
,,,,,,,,,
,,,,,,,,,
,,,,,,,,,
,,,,,,,,,
,,,,,,,,,
,,,,,,,,,
,,,,,,,,,
,,,,,,,,,
,,,,,,,,,
,,,,,,,,,
,,,,,,,,,
,,,,,,,,,
,,,,,,,,,
,,,,,,,,,
,,,,,,,,,
,,,,,,,,,
,,,,,,,,,
,,,,,,,,,
,,,,,,,,,
,,,,,,,,,
,,,,,,,,,
,,,,,,,,,
,,,,,,,,,
,,,,,,,,,
,,,,,,,,,
,,,,,,,,,
,,,,,,,,,
,,,,,,,,,
,,,,,,,,,
,,,,,,,,,
,,,,,,,,,
,,,,,,,,,
,,,,,,,,,
,,,,,,,,,
,,,,,,,,,
,,,,,,,,,
,,,,,,,,,
,,,,,,,,,
,,,,,,,,,
,,,,,,,,,
,,,,,,,,,
,,,,,,,,,
,,,,,,,,,
,,,,,,,,,
,,,,,,,,,
,,,,,,,,,
,,,,,,,,,
,,,,,,,,,
,,,,,,,,,
,,,,,,,,,
,,,,,,,,,
,,,,,,,,,
,,,,,,,,,
,,,,,,,,,
,,,,,,,,,
,,,,,,,,,
,,,,,,,,,
,,,,,,,,,
,,,,,,,,,
,,,,,,,,,
,,,,,,,,,
,,,,,,,,,
,,,,,,,,,
,,,,,,,,,
,,,,,,,,,
,,,,,,,,,
,,,,,,,,,
,,,,,,,,,
,,,,,,,,,
,,,,,,,,,
,,,,,,,,,
,,,,,,,,,
,,,,,,,,,
,,,,,,,,,
,,,,,,,,,
,,,,,,,,,
,,,,,,,,,
,,,,,,,,,
,,,,,,,,,
,,,,,,,,,
,,,,,,,,,
,,,,,,,,,
,,,,,,,,,
,,,,,,,,,
,,,,,,,,,
,,,,,,,,,
,,,,,,,,,
,,,,,,,,,
,,,,,,,,,
,,,,,,,,,
,,,,,,,,,
,,,,,,,,,
,,,,,,,,,
,,,,,,,,,
,,,,,,,,,
,,,,,,,,,
,,,,,,,,,
,,,,,,,,,
,,,,,,,,,
,,,,,,,,,
,,,,,,,,,
,,,,,,,,,
,,,,,,,,,
,,,,,,,,,
,,,,,,,,,
,,,,,,,,,
,,,,,,,,,
,,,,,,,,,
,,,,,,,,,
,,,,,,,,,
,,,,,,,,,
,,,,,,,,,
,,,,,,,,,
,,,,,,,,,
,,,,,,,,,
,,,,,,,,,
,,,,,,,,,
,,,,,,,,,
,,,,,,,,,
,,,,,,,,,
,,,,,,,,,
,,,,,,,,,
,,,,,,,,,
,,,,,,,,,
,,,,,,,,,
,,,,,,,,,
,,,,,,,,,
,,,,,,,,,
,,,,,,,,,
,,,,,,,,,
,,,,,,,,,
,,,,,,,,,
,,,,,,,,,
,,,,,,,,,
,,,,,,,,,
,,,,,,,,,
,,,,,,,,,
,,,,,,,,,
,,,,,,,,,
,,,,,,,,,
,,,,,,,,,
,,,,,,,,,
,,,,,,,,,
,,,,,,,,,
,,,,,,,,,
,,,,,,,,,
,,,,,,,,,
,,,,,,,,,
,,,,,,,,,
,,,,,,,,,
,,,,,,,,,
,,,,,,,,,
,,,,,,,,,
,,,,,,,,,
,,,,,,,,,
,,,,,,,,,
,,,,,,,,,
,,,,,,,,,
,,,,,,,,,
,,,,,,,,,
,,,,,,,,,
,,,,,,,,,
,,,,,,,,,
,,,,,,,,,
,,,,,,,,,
,,,,,,,,,
,,,,,,,,,
,,,,,,,,,
,,,,,,,,,
,,,,,,,,,
,,,,,,,,,
,,,,,,,,,
,,,,,,,,,
,,,,,,,,,
,,,,,,,,,
,,,,,,,,,
,,,,,,,,,
,,,,,,,,,
,,,,,,,,,
,,,,,,,,,
,,,,,,,,,
,,,,,,,,,
,,,,,,,,,
,,,,,,,,,
,,,,,,,,,
,,,,,,,,,
,,,,,,,,,
,,,,,,,,,
,,,,,,,,,
,,,,,,,,,
,,,,,,,,,
,,,,,,,,,
,,,,,,,,,
,,,,,,,,,
,,,,,,,,,
,,,,,,,,,
,,,,,,,,,
,,,,,,,,,
,,,,,,,,,
,,,,,,,,,
,,,,,,,,,
,,,,,,,,,
,,,,,,,,,
,,,,,,,,,
,,,,,,,,,
,,,,,,,,,
,,,,,,,,,
,,,,,,,,,
,,,,,,,,,
,,,,,,,,,
,,,,,,,,,
,,,,,,,,,
,,,,,,,,,
,,,,,,,,,
,,,,,,,,,
,,,,,,,,,
,,,,,,,,,
,,,,,,,,,
,,,,,,,,,
,,,,,,,,,
,,,,,,,,,
,,,,,,,,,
,,,,,,,,,
,,,,,,,,,
,,,,,,,,,
,,,,,,,,,
,,,,,,,,,
,,,,,,,,,
,,,,,,,,,
,,,,,,,,,
,,,,,,,,,
,,,,,,,,,
,,,,,,,,,
,,,,,,,,,
,,,,,,,,,
,,,,,,,,,
,,,,,,,,,
,,,,,,,,,
,,,,,,,,,
,,,,,,,,,
,,,,,,,,,
,,,,,,,,,
,,,,,,,,,
,,,,,,,,,
,,,,,,,,,
,,,,,,,,,
,,,,,,,,,
,,,,,,,,,
,,,,,,,,,
,,,,,,,,,
,,,,,,,,,
,,,,,,,,,
,,,,,,,,,
,,,,,,,,,
,,,,,,,,,
,,,,,,,,,
,,,,,,,,,
,,,,,,,,,
,,,,,,,,,
,,,,,,,,,
,,,,,,,,,
,,,,,,,,,
,,,,,,,,,
,,,,,,,,,
,,,,,,,,,
,,,,,,,,,
,,,,,,,,,
,,,,,,,,,
,,,,,,,,,
,,,,,,,,,
,,,,,,,,,
,,,,,,,,,
,,,,,,,,,
,,,,,,,,,
,,,,,,,,,
,,,,,,,,,
,,,,,,,,,
,,,,,,,,,
,,,,,,,,,
,,,,,,,,,
,,,,,,,,,
,,,,,,,,,
,,,,,,,,,
,,,,,,,,,
,,,,,,,,,
,,,,,,,,,
,,,,,,,,,
,,,,,,,,,
,,,,,,,,,
,,,,,,,,,
,,,,,,,,,
,,,,,,,,,
,,,,,,,,,
,,,,,,,,,
,,,,,,,,,
,,,,,,,,,
,,,,,,,,,
,,,,,,,,,
,,,,,,,,,
,,,,,,,,,
,,,,,,,,,
,,,,,,,,,
,,,,,,,,,
,,,,,,,,,
,,,,,,,,,
,,,,,,,,,
,,,,,,,,,
,,,,,,,,,
,,,,,,,,,
,,,,,,,,,
,,,,,,,,,
,,,,,,,,,
,,,,,,,,,
,,,,,,,,,
,,,,,,,,,
,,,,,,,,,
,,,,,,,,,
,,,,,,,,,
,,,,,,,,,
,,,,,,,,,
,,,,,,,,,
,,,,,,,,,
,,,,,,,,,
,,,,,,,,,
,,,,,,,,,
,,,,,,,,,
,,,,,,,,,
,,,,,,,,,
,,,,,,,,,
,,,,,,,,,
,,,,,,,,,
,,,,,,,,,
,,,,,,,,,
,,,,,,,,,
,,,,,,,,,
,,,,,,,,,
,,,,,,,,,
,,,,,,,,,
,,,,,,,,,
,,,,,,,,,
,,,,,,,,,
,,,,,,,,,
,,,,,,,,,
,,,,,,,,,
,,,,,,,,,
,,,,,,,,,
,,,,,,,,,
,,,,,,,,,
,,,,,,,,,
,,,,,,,,,
,,,,,,,,,
,,,,,,,,,
,,,,,,,,,
,,,,,,,,,
,,,,,,,,,
,,,,,,,,,
,,,,,,,,,
,,,,,,,,,
,,,,,,,,,
,,,,,,,,,
,,,,,,,,,
,,,,,,,,,
,,,,,,,,,
,,,,,,,,,
,,,,,,,,,
,,,,,,,,,
,,,,,,,,,
,,,,,,,,,
,,,,,,,,,
,,,,,,,,,
,,,,,,,,,
,,,,,,,,,
,,,,,,,,,
,,,,,,,,,
,,,,,,,,,
,,,,,,,,,
,,,,,,,,,
,,,,,,,,,
,,,,,,,,,
,,,,,,,,,
,,,,,,,,,
,,,,,,,,,
,,,,,,,,,
,,,,,,,,,
,,,,,,,,,
,,,,,,,,,
,,,,,,,,,
,,,,,,,,,
,,,,,,,,,
,,,,,,,,,
,,,,,,,,,
,,,,,,,,,
,,,,,,,,,
,,,,,,,,,
,,,,,,,,,
,,,,,,,,,
,,,,,,,,,
,,,,,,,,,
,,,,,,,,,
,,,,,,,,,
,,,,,,,,,
,,,,,,,,,
,,,,,,,,,
,,,,,,,,,
,,,,,,,,,
,,,,,,,,,
,,,,,,,,,
,,,,,,,,,
,,,,,,,,,
,,,,,,,,,
,,,,,,,,,
,,,,,,,,,
,,,,,,,,,
,,,,,,,,,
,,,,,,,,,
,,,,,,,,,
,,,,,,,,,
,,,,,,,,,
,,,,,,,,,
,,,,,,,,,
,,,,,,,,,
,,,,,,,,,
,,,,,,,,,
,,,,,,,,,
,,,,,,,,,
,,,,,,,,,
,,,,,,,,,
,,,,,,,,,
,,,,,,,,,
,,,,,,,,,
,,,,,,,,,
,,,,,,,,,
,,,,,,,,,
,,,,,,,,,
,,,,,,,,,
,,,,,,,,,
,,,,,,,,,
,,,,,,,,,
,,,,,,,,,
,,,,,,,,,
,,,,,,,,,
,,,,,,,,,
,,,,,,,,,
,,,,,,,,,
,,,,,,,,,
,,,,,,,,,
,,,,,,,,,
,,,,,,,,,
,,,,,,,,,
,,,,,,,,,
,,,,,,,,,
,,,,,,,,,
,,,,,,,,,
,,,,,,,,,
,,,,,,,,,
,,,,,,,,,
,,,,,,,,,
,,,,,,,,,
,,,,,,,,,
,,,,,,,,,
,,,,,,,,,
,,,,,,,,,
,,,,,,,,,
,,,,,,,,,
,,,,,,,,,
,,,,,,,,,
,,,,,,,,,
,,,,,,,,,
,,,,,,,,,
,,,,,,,,,
,,,,,,,,,
,,,,,,,,,
,,,,,,,,,
,,,,,,,,,
,,,,,,,,,
,,,,,,,,,
,,,,,,,,,
,,,,,,,,,
,,,,,,,,,
,,,,,,,,,
,,,,,,,,,
,,,,,,,,,
,,,,,,,,,
,,,,,,,,,
,,,,,,,,,
,,,,,,,,,
,,,,,,,,,
,,,,,,,,,
,,,,,,,,,
,,,,,,,,,
,,,,,,,,,
,,,,,,,,,
,,,,,,,,,
,,,,,,,,,
,,,,,,,,,
,,,,,,,,,
,,,,,,,,,
,,,,,,,,,
,,,,,,,,,
,,,,,,,,,
,,,,,,,,,
,,,,,,,,,
,,,,,,,,,
,,,,,,,,,
,,,,,,,,,
,,,,,,,,,
,,,,,,,,,
,,,,,,,,,
,,,,,,,,,
,,,,,,,,,
,,,,,,,,,
,,,,,,,,,
,,,,,,,,,
,,,,,,,,,
,,,,,,,,,
,,,,,,,,,
,,,,,,,,,
,,,,,,,,,
,,,,,,,,,
,,,,,,,,,
,,,,,,,,,
,,,,,,,,,
,,,,,,,,,
,,,,,,,,,
,,,,,,,,,
,,,,,,,,,
,,,,,,,,,
,,,,,,,,,
,,,,,,,,,
,,,,,,,,,
,,,,,,,,,
,,,,,,,,,
,,,,,,,,,
,,,,,,,,,
,,,,,,,,,
,,,,,,,,,
,,,,,,,,,
,,,,,,,,,
,,,,,,,,,
,,,,,,,,,
,,,,,,,,,
,,,,,,,,,
,,,,,,,,,
,,,,,,,,,
,,,,,,,,,
,,,,,,,,,
,,,,,,,,,
,,,,,,,,,
,,,,,,,,,
,,,,,,,,,
,,,,,,,,,
,,,,,,,,,
,,,,,,,,,
,,,,,,,,,
,,,,,,,,,
,,,,,,,,,
,,,,,,,,,
,,,,,,,,,
,,,,,,,,,
,,,,,,,,,
,,,,,,,,,
,,,,,,,,,
,,,,,,,,,
,,,,,,,,,
,,,,,,,,,
,,,,,,,,,
,,,,,,,,,
,,,,,,,,,
,,,,,,,,,
,,,,,,,,,
,,,,,,,,,
,,,,,,,,,
,,,,,,,,,
,,,,,,,,,
,,,,,,,,,
,,,,,,,,,
,,,,,,,,,
,,,,,,,,,
,,,,,,,,,
,,,,,,,,,
,,,,,,,,,
,,,,,,,,,
,,,,,,,,,
,,,,,,,,,
,,,,,,,,,
,,,,,,,,,
,,,,,,,,,
,,,,,,,,,
,,,,,,,,,
,,,,,,,,,
,,,,,,,,,
,,,,,,,,,
,,,,,,,,,
,,,,,,,,,
,,,,,,,,,
,,,,,,,,,
,,,,,,,,,
,,,,,,,,,
,,,,,,,,,
,,,,,,,,,
,,,,,,,,,
,,,,,,,,,
,,,,,,,,,
,,,,,,,,,
,,,,,,,,,
,,,,,,,,,
,,,,,,,,,
,,,,,,,,,
,,,,,,,,,
,,,,,,,,,
,,,,,,,,,
,,,,,,,,,
,,,,,,,,,
,,,,,,,,,
,,,,,,,,,
,,,,,,,,,
,,,,,,,,,
,,,,,,,,,
,,,,,,,,,
,,,,,,,,,
,,,,,,,,,
,,,,,,,,,
,,,,,,,,,
,,,,,,,,,
,,,,,,,,,
,,,,,,,,,
,,,,,,,,,
,,,,,,,,,
,,,,,,,,,
,,,,,,,,,
,,,,,,,,,
,,,,,,,,,
,,,,,,,,,
,,,,,,,,,
,,,,,,,,,
,,,,,,,,,
,,,,,,,,,
,,,,,,,,,
,,,,,,,,,
,,,,,,,,,
,,,,,,,,,
,,,,,,,,,
,,,,,,,,,
,,,,,,,,,
,,,,,,,,,
,,,,,,,,,
,,,,,,,,,
,,,,,,,,,
,,,,,,,,,
,,,,,,,,,
,,,,,,,,,
,,,,,,,,,
,,,,,,,,,
,,,,,,,,,
,,,,,,,,,
,,,,,,,,,
,,,,,,,,,
,,,,,,,,,
,,,,,,,,,
,,,,,,,,,
,,,,,,,,,
,,,,,,,,,
,,,,,,,,,
,,,,,,,,,
,,,,,,,,,
,,,,,,,,,
,,,,,,,,,
,,,,,,,,,
,,,,,,,,,
,,,,,,,,,
,,,,,,,,,
,,,,,,,,,
,,,,,,,,,
,,,,,,,,,
,,,,,,,,,
,,,,,,,,,
,,,,,,,,,
,,,,,,,,,
,,,,,,,,,
,,,,,,,,,
,,,,,,,,,
,,,,,,,,,
,,,,,,,,,
,,,,,,,,,
,,,,,,,,,
,,,,,,,,,
,,,,,,,,,
,,,,,,,,,
,,,,,,,,,
,,,,,,,,,
,,,,,,,,,
,,,,,,,,,
,,,,,,,,,
,,,,,,,,,
,,,,,,,,,
,,,,,,,,,
,,,,,,,,,
,,,,,,,,,
,,,,,,,,,
,,,,,,,,,
,,,,,,,,,
,,,,,,,,,
,,,,,,,,,
,,,,,,,,,
,,,,,,,,,
,,,,,,,,,
,,,,,,,,,
,,,,,,,,,
,,,,,,,,,
,,,,,,,,,
,,,,,,,,,
,,,,,,,,,
,,,,,,,,,
,,,,,,,,,
,,,,,,,,,
,,,,,,,,,
,,,,,,,,,
,,,,,,,,,
,,,,,,,,,
,,,,,,,,,
,,,,,,,,,
,,,,,,,,,
,,,,,,,,,
,,,,,,,,,
,,,,,,,,,
,,,,,,,,,
,,,,,,,,,
,,,,,,,,,
,,,,,,,,,
,,,,,,,,,
,,,,,,,,,
,,,,,,,,,
,,,,,,,,,
,,,,,,,,,
,,,,,,,,,
,,,,,,,,,
,,,,,,,,,
,,,,,,,,,
,,,,,,,,,
,,,,,,,,,
,,,,,,,,,
,,,,,,,,,
,,,,,,,,,
,,,,,,,,,
,,,,,,,,,
,,,,,,,,,
,,,,,,,,,
,,,,,,,,,
,,,,,,,,,
,,,,,,,,,
,,,,,,,,,
,,,,,,,,,
,,,,,,,,,
,,,,,,,,,
,,,,,,,,,
,,,,,,,,,
,,,,,,,,,
,,,,,,,,,
,,,,,,,,,
,,,,,,,,,
,,,,,,,,,
,,,,,,,,,
,,,,,,,,,
,,,,,,,,,
,,,,,,,,,
,,,,,,,,,
,,,,,,,,,
,,,,,,,,,
,,,,,,,,,
,,,,,,,,,
,,,,,,,,,
,,,,,,,,,
,,,,,,,,,
,,,,,,,,,
,,,,,,,,,
,,,,,,,,,
,,,,,,,,,
,,,,,,,,,
,,,,,,,,,
,,,,,,,,,
,,,,,,,,,
,,,,,,,,,
,,,,,,,,,
,,,,,,,,,
,,,,,,,,,
,,,,,,,,,
,,,,,,,,,
,,,,,,,,,
,,,,,,,,,
,,,,,,,,,
,,,,,,,,,
,,,,,,,,,
,,,,,,,,,
,,,,,,,,,
,,,,,,,,,
,,,,,,,,,
,,,,,,,,,
,,,,,,,,,
,,,,,,,,,
,,,,,,,,,
,,,,,,,,,
,,,,,,,,,
,,,,,,,,,
,,,,,,,,,
,,,,,,,,,
,,,,,,,,,
,,,,,,,,,
,,,,,,,,,
,,,,,,,,,
,,,,,,,,,
,,,,,,,,,
,,,,,,,,,
,,,,,,,,,
,,,,,,,,,
,,,,,,,,,
,,,,,,,,,
,,,,,,,,,
,,,,,,,,,
,,,,,,,,,
,,,,,,,,,
,,,,,,,,,
,,,,,,,,,
,,,,,,,,,
,,,,,,,,,
,,,,,,,,,
,,,,,,,,,
,,,,,,,,,
,,,,,,,,,
,,,,,,,,,
,,,,,,,,,
,,,,,,,,,
,,,,,,,,,
,,,,,,,,,
,,,,,,,,,
,,,,,,,,,
,,,,,,,,,
,,,,,,,,,
,,,,,,,,,
,,,,,,,,,
,,,,,,,,,
,,,,,,,,,
,,,,,,,,,
,,,,,,,,,
,,,,,,,,,
,,,,,,,,,
,,,,,,,,,
,,,,,,,,,
,,,,,,,,,
,,,,,,,,,
,,,,,,,,,
,,,,,,,,,
,,,,,,,,,
,,,,,,,,,
,,,,,,,,,
,,,,,,,,,
,,,,,,,,,
,,,,,,,,,
,,,,,,,,,
,,,,,,,,,
,,,,,,,,,
,,,,,,,,,
,,,,,,,,,
,,,,,,,,,
,,,,,,,,,
,,,,,,,,,
,,,,,,,,,
,,,,,,,,,
,,,,,,,,,
,,,,,,,,,
,,,,,,,,,
,,,,,,,,,
,,,,,,,,,
,,,,,,,,,
,,,,,,,,,
,,,,,,,,,
,,,,,,,,,
,,,,,,,,,
,,,,,,,,,
,,,,,,,,,
,,,,,,,,,
,,,,,,,,,
,,,,,,,,,
,,,,,,,,,
,,,,,,,,,
,,,,,,,,,
,,,,,,,,,
,,,,,,,,,
,,,,,,,,,
,,,,,,,,,
,,,,,,,,,
,,,,,,,,,
,,,,,,,,,
,,,,,,,,,
,,,,,,,,,
,,,,,,,,,
,,,,,,,,,
,,,,,,,,,
,,,,,,,,,
,,,,,,,,,
,,,,,,,,,
,,,,,,,,,
,,,,,,,,,
,,,,,,,,,
,,,,,,,,,
,,,,,,,,,
,,,,,,,,,
,,,,,,,,,
,,,,,,,,,
,,,,,,,,,
,,,,,,,,,
,,,,,,,,,
,,,,,,,,,
,,,,,,,,,
,,,,,,,,,
,,,,,,,,,
,,,,,,,,,
,,,,,,,,,
,,,,,,,,,
,,,,,,,,,
,,,,,,,,,
,,,,,,,,,
,,,,,,,,,
,,,,,,,,,
,,,,,,,,,
,,,,,,,,,
,,,,,,,,,
,,,,,,,,,
,,,,,,,,,
,,,,,,,,,
,,,,,,,,,
,,,,,,,,,
,,,,,,,,,
,,,,,,,,,
,,,,,,,,,
,,,,,,,,,
,,,,,,,,,
,,,,,,,,,
,,,,,,,,,
,,,,,,,,,
,,,,,,,,,
,,,,,,,,,
,,,,,,,,,
,,,,,,,,,
,,,,,,,,,
,,,,,,,,,
,,,,,,,,,
,,,,,,,,,
,,,,,,,,,
,,,,,,,,,
,,,,,,,,,
,,,,,,,,,
,,,,,,,,,
,,,,,,,,,
,,,,,,,,,
,,,,,,,,,
,,,,,,,,,
,,,,,,,,,
,,,,,,,,,
,,,,,,,,,
,,,,,,,,,
,,,,,,,,,
,,,,,,,,,
,,,,,,,,,
,,,,,,,,,
,,,,,,,,,
,,,,,,,,,
,,,,,,,,,
,,,,,,,,,
,,,,,,,,,
,,,,,,,,,
,,,,,,,,,
,,,,,,,,,
,,,,,,,,,
,,,,,,,,,
,,,,,,,,,
,,,,,,,,,
,,,,,,,,,
,,,,,,,,,
,,,,,,,,,
,,,,,,,,,
,,,,,,,,,
,,,,,,,,,
,,,,,,,,,
,,,,,,,,,
,,,,,,,,,
,,,,,,,,,
,,,,,,,,,
,,,,,,,,,
,,,,,,,,,
,,,,,,,,,
,,,,,,,,,
,,,,,,,,,
,,,,,,,,,
,,,,,,,,,
,,,,,,,,,
,,,,,,,,,
,,,,,,,,,
,,,,,,,,,
,,,,,,,,,
,,,,,,,,,
,,,,,,,,,
,,,,,,,,,
,,,,,,,,,
,,,,,,,,,
,,,,,,,,,
,,,,,,,,,
,,,,,,,,,
,,,,,,,,,
,,,,,,,,,
,,,,,,,,,
,,,,,,,,,
,,,,,,,,,
,,,,,,,,,
,,,,,,,,,
,,,,,,,,,
,,,,,,,,,
,,,,,,,,,
,,,,,,,,,
,,,,,,,,,
,,,,,,,,,
,,,,,,,,,
,,,,,,,,,
,,,,,,,,,
,,,,,,,,,
,,,,,,,,,
,,,,,,,,,
,,,,,,,,,
,,,,,,,,,
,,,,,,,,,
,,,,,,,,,
,,,,,,,,,
,,,,,,,,,
,,,,,,,,,
,,,,,,,,,
,,,,,,,,,
,,,,,,,,,
,,,,,,,,,
,,,,,,,,,
,,,,,,,,,
,,,,,,,,,
,,,,,,,,,
,,,,,,,,,
,,,,,,,,,
,,,,,,,,,
,,,,,,,,,
,,,,,,,,,
,,,,,,,,,
,,,,,,,,,
,,,,,,,,,
,,,,,,,,,
,,,,,,,,,
,,,,,,,,,
,,,,,,,,,
,,,,,,,,,
,,,,,,,,,
,,,,,,,,,
,,,,,,,,,
,,,,,,,,,
,,,,,,,,,
,,,,,,,,,
,,,,,,,,,
,,,,,,,,,
,,,,,,,,,
,,,,,,,,,
,,,,,,,,,
,,,,,,,,,
,,,,,,,,,
,,,,,,,,,
,,,,,,,,,
,,,,,,,,,
,,,,,,,,,
,,,,,,,,,
,,,,,,,,,
,,,,,,,,,
,,,,,,,,,
,,,,,,,,,
,,,,,,,,,
,,,,,,,,,
,,,,,,,,,
,,,,,,,,,
,,,,,,,,,
,,,,,,,,,
,,,,,,,,,
,,,,,,,,,
,,,,,,,,,
,,,,,,,,,
,,,,,,,,,
,,,,,,,,,
,,,,,,,,,
,,,,,,,,,
,,,,,,,,,
,,,,,,,,,
,,,,,,,,,
,,,,,,,,,
,,,,,,,,,
,,,,,,,,,
,,,,,,,,,
,,,,,,,,,
,,,,,,,,,
,,,,,,,,,
,,,,,,,,,
,,,,,,,,,
,,,,,,,,,
,,,,,,,,,
,,,,,,,,,
,,,,,,,,,
,,,,,,,,,
,,,,,,,,,
,,,,,,,,,
,,,,,,,,,
,,,,,,,,,
,,,,,,,,,
,,,,,,,,,
,,,,,,,,,
,,,,,,,,,
,,,,,,,,,
,,,,,,,,,
,,,,,,,,,
,,,,,,,,,
,,,,,,,,,
,,,,,,,,,
,,,,,,,,,
,,,,,,,,,
,,,,,,,,,
,,,,,,,,,
,,,,,,,,,
,,,,,,,,,
,,,,,,,,,
,,,,,,,,,
,,,,,,,,,
,,,,,,,,,
,,,,,,,,,
,,,,,,,,,
,,,,,,,,,
,,,,,,,,,
,,,,,,,,,
,,,,,,,,,
,,,,,,,,,
,,,,,,,,,
,,,,,,,,,
,,,,,,,,,
,,,,,,,,,
,,,,,,,,,
,,,,,,,,,
,,,,,,,,,
,,,,,,,,,
,,,,,,,,,
,,,,,,,,,
,,,,,,,,,
,,,,,,,,,
,,,,,,,,,
,,,,,,,,,
,,,,,,,,,
,,,,,,,,,
,,,,,,,,,
,,,,,,,,,
,,,,,,,,,
,,,,,,,,,
,,,,,,,,,
,,,,,,,,,
,,,,,,,,,
,,,,,,,,,
,,,,,,,,,
,,,,,,,,,
,,,,,,,,,
,,,,,,,,,
,,,,,,,,,
,,,,,,,,,
,,,,,,,,,
,,,,,,,,,
,,,,,,,,,
,,,,,,,,,
,,,,,,,,,
,,,,,,,,,
,,,,,,,,,
,,,,,,,,,
,,,,,,,,,
,,,,,,,,,
,,,,,,,,,
,,,,,,,,,
,,,,,,,,,
,,,,,,,,,
,,,,,,,,,
,,,,,,,,,
,,,,,,,,,
,,,,,,,,,
,,,,,,,,,
,,,,,,,,,
,,,,,,,,,
,,,,,,,,,
,,,,,,,,,
,,,,,,,,,
,,,,,,,,,
,,,,,,,,,
,,,,,,,,,
,,,,,,,,,
,,,,,,,,,
,,,,,,,,,
,,,,,,,,,
,,,,,,,,,
,,,,,,,,,
,,,,,,,,,
,,,,,,,,,
,,,,,,,,,
,,,,,,,,,
,,,,,,,,,
,,,,,,,,,
,,,,,,,,,
,,,,,,,,,
,,,,,,,,,
,,,,,,,,,
,,,,,,,,,
,,,,,,,,,
,,,,,,,,,
,,,,,,,,,
,,,,,,,,,
,,,,,,,,,
,,,,,,,,,
,,,,,,,,,
,,,,,,,,,
,,,,,,,,,
,,,,,,,,,
,,,,,,,,,
,,,,,,,,,
,,,,,,,,,
,,,,,,,,,
,,,,,,,,,
,,,,,,,,,
,,,,,,,,,
,,,,,,,,,
,,,,,,,,,
,,,,,,,,,
,,,,,,,,,
,,,,,,,,,
,,,,,,,,,
,,,,,,,,,
,,,,,,,,,
,,,,,,,,,
,,,,,,,,,
,,,,,,,,,
,,,,,,,,,
,,,,,,,,,
,,,,,,,,,
,,,,,,,,,
,,,,,,,,,
,,,,,,,,,
,,,,,,,,,
,,,,,,,,,
,,,,,,,,,
,,,,,,,,,
,,,,,,,,,
,,,,,,,,,
,,,,,,,,,
,,,,,,,,,
,,,,,,,,,
,,,,,,,,,
,,,,,,,,,
,,,,,,,,,
,,,,,,,,,
,,,,,,,,,
,,,,,,,,,
,,,,,,,,,
,,,,,,,,,
,,,,,,,,,
,,,,,,,,,
,,,,,,,,,
,,,,,,,,,
,,,,,,,,,
,,,,,,,,,
,,,,,,,,,
,,,,,,,,,
,,,,,,,,,
,,,,,,,,,
,,,,,,,,,
,,,,,,,,,
,,,,,,,,,
,,,,,,,,,
,,,,,,,,,
,,,,,,,,,
,,,,,,,,,
,,,,,,,,,
,,,,,,,,,
,,,,,,,,,
,,,,,,,,,
,,,,,,,,,
,,,,,,,,,
,,,,,,,,,
,,,,,,,,,
,,,,,,,,,
,,,,,,,,,
,,,,,,,,,
,,,,,,,,,
,,,,,,,,,
,,,,,,,,,
,,,,,,,,,
,,,,,,,,,
,,,,,,,,,
,,,,,,,,,
,,,,,,,,,
,,,,,,,,,
,,,,,,,,,
,,,,,,,,,
,,,,,,,,,
,,,,,,,,,
,,,,,,,,,
,,,,,,,,,
,,,,,,,,,
,,,,,,,,,
,,,,,,,,,
,,,,,,,,,
,,,,,,,,,
,,,,,,,,,
,,,,,,,,,
,,,,,,,,,
,,,,,,,,,
,,,,,,,,,
,,,,,,,,,
,,,,,,,,,
,,,,,,,,,
,,,,,,,,,
,,,,,,,,,
,,,,,,,,,
,,,,,,,,,
,,,,,,,,,
,,,,,,,,,
,,,,,,,,,
,,,,,,,,,
,,,,,,,,,
,,,,,,,,,
,,,,,,,,,
,,,,,,,,,
,,,,,,,,,
,,,,,,,,,
,,,,,,,,,
,,,,,,,,,
,,,,,,,,,
,,,,,,,,,
,,,,,,,,,
,,,,,,,,,
,,,,,,,,,
,,,,,,,,,
,,,,,,,,,
,,,,,,,,,
,,,,,,,,,
,,,,,,,,,
,,,,,,,,,
,,,,,,,,,
,,,,,,,,,
,,,,,,,,,
,,,,,,,,,
,,,,,,,,,
,,,,,,,,,
,,,,,,,,,
,,,,,,,,,
,,,,,,,,,
,,,,,,,,,
,,,,,,,,,
,,,,,,,,,
,,,,,,,,,
,,,,,,,,,
,,,,,,,,,
,,,,,,,,,
,,,,,,,,,
,,,,,,,,,
,,,,,,,,,
,,,,,,,,,
,,,,,,,,,
,,,,,,,,,
,,,,,,,,,
,,,,,,,,,
,,,,,,,,,
,,,,,,,,,
,,,,,,,,,
,,,,,,,,,
,,,,,,,,,
,,,,,,,,,
,,,,,,,,,
,,,,,,,,,
,,,,,,,,,
,,,,,,,,,
,,,,,,,,,
,,,,,,,,,
,,,,,,,,,
,,,,,,,,,
,,,,,,,,,
,,,,,,,,,
,,,,,,,,,
,,,,,,,,,
,,,,,,,,,
,,,,,,,,,
,,,,,,,,,
,,,,,,,,,
,,,,,,,,,
,,,,,,,,,
,,,,,,,,,
,,,,,,,,,
,,,,,,,,,
,,,,,,,,,
,,,,,,,,,
,,,,,,,,,
,,,,,,,,,
,,,,,,,,,
,,,,,,,,,
,,,,,,,,,
,,,,,,,,,
,,,,,,,,,
,,,,,,,,,
,,,,,,,,,
,,,,,,,,,
,,,,,,,,,
,,,,,,,,,
,,,,,,,,,
,,,,,,,,,
,,,,,,,,,
,,,,,,,,,
,,,,,,,,,
,,,,,,,,,
,,,,,,,,,
,,,,,,,,,
,,,,,,,,,
,,,,,,,,,
,,,,,,,,,
,,,,,,,,,
,,,,,,,,,
,,,,,,,,,
,,,,,,,,,
,,,,,,,,,
,,,,,,,,,
,,,,,,,,,
,,,,,,,,,
,,,,,,,,,
,,,,,,,,,
,,,,,,,,,
,,,,,,,,,
,,,,,,,,,
,,,,,,,,,
,,,,,,,,,
,,,,,,,,,
,,,,,,,,,
,,,,,,,,,
,,,,,,,,,
,,,,,,,,,
,,,,,,,,,
,,,,,,,,,
,,,,,,,,,
,,,,,,,,,
,,,,,,,,,
,,,,,,,,,
,,,,,,,,,
,,,,,,,,,
,,,,,,,,,
,,,,,,,,,
,,,,,,,,,
,,,,,,,,,
,,,,,,,,,
,,,,,,,,,
,,,,,,,,,
,,,,,,,,,
,,,,,,,,,
,,,,,,,,,
,,,,,,,,,
,,,,,,,,,
,,,,,,,,,
,,,,,,,,,
,,,,,,,,,
,,,,,,,,,
,,,,,,,,,
,,,,,,,,,
,,,,,,,,,
,,,,,,,,,
,,,,,,,,,
,,,,,,,,,
,,,,,,,,,
,,,,,,,,,
,,,,,,,,,
,,,,,,,,,
,,,,,,,,,
,,,,,,,,,
,,,,,,,,,
,,,,,,,,,
,,,,,,,,,
,,,,,,,,,
,,,,,,,,,
,,,,,,,,,
,,,,,,,,,
,,,,,,,,,
,,,,,,,,,
,,,,,,,,,
,,,,,,,,,
,,,,,,,,,
,,,,,,,,,
,,,,,,,,,
,,,,,,,,,
,,,,,,,,,
,,,,,,,,,
,,,,,,,,,
,,,,,,,,,
,,,,,,,,,
,,,,,,,,,
,,,,,,,,,
,,,,,,,,,
,,,,,,,,,
,,,,,,,,,
,,,,,,,,,
,,,,,,,,,
,,,,,,,,,
,,,,,,,,,
,,,,,,,,,
,,,,,,,,,
,,,,,,,,,
,,,,,,,,,
,,,,,,,,,
,,,,,,,,,
,,,,,,,,,
,,,,,,,,,
,,,,,,,,,
,,,,,,,,,
,,,,,,,,,
,,,,,,,,,
,,,,,,,,,
,,,,,,,,,
,,,,,,,,,
,,,,,,,,,
,,,,,,,,,
,,,,,,,,,
,,,,,,,,,
,,,,,,,,,
,,,,,,,,,
,,,,,,,,,
,,,,,,,,,
,,,,,,,,,
,,,,,,,,,
,,,,,,,,,
,,,,,,,,,
,,,,,,,,,
,,,,,,,,,
,,,,,,,,,
,,,,,,,,,
,,,,,,,,,
,,,,,,,,,
,,,,,,,,,
,,,,,,,,,
,,,,,,,,,
,,,,,,,,,
,,,,,,,,,
,,,,,,,,,
,,,,,,,,,
,,,,,,,,,
,,,,,,,,,
,,,,,,,,,
,,,,,,,,,
,,,,,,,,,
,,,,,,,,,
,,,,,,,,,
,,,,,,,,,
,,,,,,,,,
,,,,,,,,,
,,,,,,,,,
,,,,,,,,,
,,,,,,,,,
,,,,,,,,,
,,,,,,,,,
,,,,,,,,,
,,,,,,,,,
,,,,,,,,,
,,,,,,,,,
,,,,,,,,,
,,,,,,,,,
,,,,,,,,,
,,,,,,,,,
,,,,,,,,,
,,,,,,,,,
,,,,,,,,,
,,,,,,,,,
,,,,,,,,,
,,,,,,,,,
,,,,,,,,,
,,,,,,,,,
,,,,,,,,,
,,,,,,,,,
,,,,,,,,,
,,,,,,,,,
,,,,,,,,,
,,,,,,,,,
,,,,,,,,,
,,,,,,,,,
,,,,,,,,,
,,,,,,,,,
,,,,,,,,,
,,,,,,,,,
,,,,,,,,,
,,,,,,,,,
,,,,,,,,,
,,,,,,,,,
,,,,,,,,,
,,,,,,,,,
,,,,,,,,,
,,,,,,,,,
,,,,,,,,,
,,,,,,,,,
,,,,,,,,,
,,,,,,,,,
,,,,,,,,,
,,,,,,,,,
,,,,,,,,,
,,,,,,,,,
,,,,,,,,,
,,,,,,,,,
,,,,,,,,,
,,,,,,,,,
,,,,,,,,,
,,,,,,,,,
,,,,,,,,,
,,,,,,,,,
,,,,,,,,,
,,,,,,,,,
,,,,,,,,,
,,,,,,,,,
,,,,,,,,,
,,,,,,,,,
,,,,,,,,,
,,,,,,,,,
,,,,,,,,,
,,,,,,,,,
,,,,,,,,,
,,,,,,,,,
,,,,,,,,,
,,,,,,,,,
,,,,,,,,,
,,,,,,,,,
,,,,,,,,,
,,,,,,,,,
,,,,,,,,,
,,,,,,,,,
,,,,,,,,,
,,,,,,,,,
,,,,,,,,,
,,,,,,,,,
,,,,,,,,,
,,,,,,,,,
,,,,,,,,,
,,,,,,,,,
,,,,,,,,,
,,,,,,,,,
,,,,,,,,,
,,,,,,,,,
,,,,,,,,,
,,,,,,,,,
,,,,,,,,,
,,,,,,,,,
,,,,,,,,,
,,,,,,,,,
,,,,,,,,,
,,,,,,,,,
,,,,,,,,,
,,,,,,,,,
,,,,,,,,,
,,,,,,,,,
,,,,,,,,,
,,,,,,,,,
,,,,,,,,,
,,,,,,,,,
,,,,,,,,,
,,,,,,,,,
,,,,,,,,,
,,,,,,,,,
,,,,,,,,,
,,,,,,,,,
,,,,,,,,,
,,,,,,,,,
,,,,,,,,,
,,,,,,,,,
,,,,,,,,,
,,,,,,,,,
,,,,,,,,,
,,,,,,,,,
,,,,,,,,,
,,,,,,,,,
,,,,,,,,,
,,,,,,,,,
,,,,,,,,,
,,,,,,,,,
,,,,,,,,,
,,,,,,,,,
,,,,,,,,,
,,,,,,,,,
,,,,,,,,,
,,,,,,,,,
,,,,,,,,,
,,,,,,,,,
,,,,,,,,,
,,,,,,,,,
,,,,,,,,,
,,,,,,,,,
,,,,,,,,,
,,,,,,,,,
,,,,,,,,,
,,,,,,,,,
,,,,,,,,,
,,,,,,,,,
,,,,,,,,,
,,,,,,,,,
,,,,,,,,,
,,,,,,,,,
,,,,,,,,,
,,,,,,,,,
,,,,,,,,,
,,,,,,,,,
,,,,,,,,,
,,,,,,,,,
,,,,,,,,,
,,,,,,,,,
,,,,,,,,,
,,,,,,,,,
,,,,,,,,,
,,,,,,,,,
,,,,,,,,,
,,,,,,,,,
,,,,,,,,,
,,,,,,,,,
,,,,,,,,,
,,,,,,,,,
,,,,,,,,,
,,,,,,,,,
,,,,,,,,,
,,,,,,,,,
,,,,,,,,,
,,,,,,,,,
,,,,,,,,,
,,,,,,,,,
,,,,,,,,,
,,,,,,,,,
,,,,,,,,,
,,,,,,,,,
,,,,,,,,,
,,,,,,,,,
,,,,,,,,,
,,,,,,,,,
,,,,,,,,,
,,,,,,,,,
,,,,,,,,,
,,,,,,,,,
,,,,,,,,,
,,,,,,,,,
,,,,,,,,,
,,,,,,,,,
,,,,,,,,,
,,,,,,,,,
,,,,,,,,,
,,,,,,,,,
,,,,,,,,,
,,,,,,,,,
,,,,,,,,,
,,,,,,,,,
,,,,,,,,,
,,,,,,,,,
,,,,,,,,,
,,,,,,,,,
,,,,,,,,,
,,,,,,,,,
,,,,,,,,,
,,,,,,,,,
,,,,,,,,,
,,,,,,,,,
,,,,,,,,,
,,,,,,,,,
,,,,,,,,,
,,,,,,,,,
,,,,,,,,,
,,,,,,,,,
,,,,,,,,,
,,,,,,,,,
,,,,,,,,,
,,,,,,,,,
,,,,,,,,,
,,,,,,,,,
,,,,,,,,,
,,,,,,,,,
,,,,,,,,,
,,,,,,,,,
,,,,,,,,,
,,,,,,,,,
,,,,,,,,,
,,,,,,,,,
,,,,,,,,,
,,,,,,,,,
,,,,,,,,,
,,,,,,,,,
,,,,,,,,,
,,,,,,,,,
,,,,,,,,,
,,,,,,,,,
,,,,,,,,,
,,,,,,,,,
,,,,,,,,,
,,,,,,,,,
,,,,,,,,,
,,,,,,,,,
,,,,,,,,,
,,,,,,,,,
,,,,,,,,,
,,,,,,,,,
,,,,,,,,,
,,,,,,,,,
